"","bivalve_ID","Date","shelf","tank","experiment_stage","timepoint","treatment","epf_ph","discolored","TankID","DateWC","PCO2","Sal_Corr","pH","Temp","Collection_Code","pHadj","day_code","day_coden"
"1",17001,2017-07-24,1,3,"exposure","Experiment_6","400",7.230326296,"no",3,2017-07-24,400,30.60980881,7.794285714,18.3,"RSI",-0.563959418,76,76
"2",17002,2017-05-09,2,2,"acclimation","Acclimation_1","acclimation",7.44486656,"no",5,2017-05-08,400,30.05552144,7.840225564,16.6,"RRR",-0.395359003999999,0,0
"3",17003,2017-05-17,4,2,"acclimation","Acclimation_2","acclimation",7.459724951,"no",11,2017-05-17,2800,29.34135435,7.780669145,18.6,"ILIV",-0.320944194,8,8
"4",17005,2017-08-24,2,2,"exposure","Experiment_7","400",6.84675835,"no",5,2017-08-23,400,31.59592727,7.705223881,19,"RRR",-0.858465531,107,107
"5",17006,2017-05-17,3,2,"acclimation","Acclimation_2","acclimation",7.300589391,"no",8,2017-05-17,900,29.34135435,7.752788104,16.9,"ILIV",-0.452198713,8,8
"6",17007,2017-08-22,1,2,"exposure","Experiment_7","400",7.455279862,"no",2,2017-08-21,400,31.22782979,7.836431227,19.5,"RSI",-0.381151365,105,105
"7",17008,2017-06-26,2,2,"exposure","Experiment_5","400",6.672413793,"yes",5,2017-06-26,400,31.279486,7.960893855,17.1,"RRR",-1.288480062,48,48
"8",17009,2017-05-09,6,3,"acclimation","Acclimation_1","acclimation",7.336501768,"no",18,2017-05-08,2800,29.98902692,7.789473684,15.4,"ILIV",-0.452971916,0,0
"9",17010,2017-06-02,5,2,"exposure","Experiment_1","900",7.403824511,"no",14,2017-06-02,900,29.4303335628,7.719101124,17.4,"RSI",-0.315276613,24,24
"10",17011,2017-06-05,5,2,"exposure","Experiment_2","900",7.086372195,"no",14,2017-06-05,900,30.52271327,7.540337711,18,"RRR",-0.453965516,27,27
"11",17012,2017-08-22,3,1,"exposure","Experiment_7","900",7.472590883,"no",7,2017-08-21,900,31.22782979,7.55204461,19.4,"ILIV",-0.0794537270000006,105,105
"12",17013,2017-06-13,2,2,"exposure","Experiment_4","400",7.385795805,"no",5,2017-06-12,400,30.26308028,7.820267686,17.8,"RSI",-0.434471881,35,35
"13",17014,2017-05-09,5,2,"acclimation","Acclimation_1","acclimation",7.536121122,"no",14,2017-05-08,900,29.95577966,7.834586466,16.5,"RRR",-0.298465344,0,0
"14",17016,2017-05-09,5,1,"acclimation","Acclimation_1","acclimation",7.587451813,"no",13,2017-05-08,900,29.95577966,7.851503759,16.5,"RSI",-0.264051945999999,0,0
"15",17017,2017-05-17,1,1,"acclimation","Acclimation_2","acclimation",7.424361493,"no",1,2017-05-17,400,29.14107207,7.635687732,16.3,"RRR",-0.211326239,8,8
"16",17018,2017-05-09,1,3,"acclimation","Acclimation_1","acclimation",7.787071168,"no",3,2017-05-08,400,30.05552144,7.789473684,16.95,"ILIV",-0.00240251600000008,0,0
"17",17019,2017-08-22,4,1,"exposure","Experiment_7","2800",7.149451818,"no",10,2017-08-21,2800,31.26162614,7.06133829,18.9,"RRR",0.0881135280000001,105,105
"18",17020,2017-06-05,3,3,"exposure","Experiment_2","900",7.702493853,"no",9,2017-06-05,900,30.52271327,7.332082552,17.4,"ILIV",0.370411301,27,27
"19",17022,2017-06-26,4,3,"exposure","Experiment_5","2800",7.275862069,"no",12,2017-06-26,2800,31.312833,7.312849162,16.6,"RRR",-0.0369870929999996,48,48
"20",17023,2017-06-05,4,2,"exposure","Experiment_2","2800",6.971209268,"no",11,2017-06-05,2800,30.52271327,7.101313321,18.2,"ILIV",-0.130104053,27,27
"21",17024,2017-06-02,1,2,"exposure","Experiment_1","400",7.426769053,"no",2,2017-06-02,400,29.4303335628,7.713483146,17.5,"RSI",-0.286714093,24,24
"22",17025,2017-05-17,4,1,"acclimation","Acclimation_2","acclimation",7.742632613,"no",10,2017-05-17,2800,29.34135435,7.741635688,18.5,"RRR",0.000996924999999926,8,8
"23",17026,2017-06-06,6,1,"exposure","Experiment_3","2800",6.775432293,"yes",16,2017-06-06,2800,30.15670292,7.095327103,17.8,"ILIV",-0.31989481,28,28
"24",17027,2017-08-22,3,2,"exposure","Experiment_7","900",7.55914599,"no",8,2017-08-21,900,31.22782979,7.568773234,19.4,"RSI",-0.00962724399999981,105,105
"25",17028,2017-06-26,1,3,"exposure","Experiment_5","400",7.66091954,"no",3,2017-06-26,400,31.312833,7.972067039,17.5,"RRR",-0.311147499,48,48
"26",17029,2017-08-22,5,1,"exposure","Experiment_7","900",7.443739181,"no",13,2017-08-21,900,31.22782979,7.568773234,18.9,"ILIV",-0.125034053,105,105
"27",17030,2017-06-26,5,1,"exposure","Experiment_5","900",7.448275862,"no",13,2017-06-26,900,31.212792,7.726256983,16.8,"RSI",-0.277981121,48,48
"28",17031,2017-06-13,5,1,"exposure","Experiment_4","900",7.201535122,"no",13,2017-06-12,900,30.19530183,7.562141491,17.9,"RRR",-0.360606369,35,35
"29",17032,2017-06-06,3,2,"exposure","Experiment_3","900",7.397312097,"no",8,2017-06-06,900,30.15670292,7.504672897,17.5,"ILIV",-0.107360799999999,28,28
"30",17034,2017-05-17,5,1,"acclimation","Acclimation_2","acclimation",7.076620825,"yes",13,2017-05-17,900,29.34135435,7.775092937,17.5,"RRR",-0.698472112,8,8
"31",17035,2017-05-09,5,3,"acclimation","Acclimation_1","acclimation",7.519010892,"no",15,2017-05-08,900,29.98902692,7.840225564,16.4,"ILIV",-0.321214672,0,0
"32",17036,2017-06-06,4,3,"exposure","Experiment_3","2800",7.915545268,"yes",12,2017-06-06,2800,30.12312085,7.095327103,17.1,"RSI",0.820218165,28,28
"33",17037,2017-05-17,1,2,"acclimation","Acclimation_2","acclimation",7.689587426,"no",2,2017-05-17,400,29.30797397,7.663568773,16.1,"ILIV",0.0260186530000004,8,8
"34",17040,2017-06-06,4,2,"exposure","Experiment_3","2800",6.832686217,"no",11,2017-06-06,2800,30.15670292,7.095327103,17,"ILIV",-0.262640886,28,28
"35",17041,2017-07-24,6,3,"exposure","Experiment_6","2800",7.213051823,"no",18,2017-07-24,2800,30.64318919,7,19.1,"RSI",0.213051823,76,76
"36",17042,2017-07-24,5,1,"exposure","Experiment_6","900",7.552783109,"no",13,2017-07-24,900,30.54304805,7.548571429,18.9,"RRR",0.00421168000000005,76,76
"37",17043,2017-08-24,6,1,"exposure","Experiment_7","2800",7.277013752,"no",16,2017-08-23,2800,31.49498182,6.96641791,19.5,"ILIV",0.310595842000001,107,107
"38",17045,2017-06-06,6,2,"exposure","Experiment_3","2800",6.959609538,"no",17,2017-06-06,2800,30.22386707,7.089719626,17.5,"RRR",-0.130110088,28,28
"39",17046,2017-06-02,3,1,"exposure","Experiment_1","900",7.449713595,"no",7,2017-06-02,900,29.3974137299,7.713483146,16.7,"ILIV",-0.263769550999999,24,24
"40",17047,2017-05-09,6,1,"acclimation","Acclimation_1","acclimation",7.330798358,"no",16,2017-05-08,2800,30.05552144,7.783834586,15.3,"RSI",-0.453036228,0,0
"41",17048,2017-06-26,5,3,"exposure","Experiment_5","900",7.396551724,"no",15,2017-06-26,900,31.312833,7.709497207,16.8,"RRR",-0.312945483,48,48
"42",17049,2017-06-05,2,2,"exposure","Experiment_2","400",7.046065171,"no",5,2017-06-05,400,30.52271327,7.787992495,17.9,"ILIV",-0.741927324,27,27
"43",17050,2017-06-06,6,3,"exposure","Experiment_3","2800",7.028790732,"no",18,2017-06-06,2800,30.12312085,7.078504673,17.5,"RSI",-0.0497139410000003,28,28
"44",17051,2017-08-24,4,1,"exposure","Experiment_7","2800",6.858546169,"no",10,2017-08-23,2800,31.49498182,6.98880597,19.8,"RRR",-0.130259800999999,107,107
"45",17052,2017-07-24,2,2,"exposure","Experiment_6","400",7.443378119,"no",5,2017-07-24,400,30.64318919,7.805714286,18,"ILIV",-0.362336167,76,76
"46",17053,2017-06-26,4,1,"exposure","Experiment_5","2800",7.517241379,"no",10,2017-06-26,2800,31.112751,7.290502793,16.6,"RSI",0.226738586,48,48
"47",17054,2017-06-05,4,3,"exposure","Experiment_2","2800",7.88099639,"no",12,2017-06-05,2800,30.52271327,7.106941839,18.8,"RRR",0.774054551,27,27
"48",17055,2017-05-17,1,3,"acclimation","Acclimation_2","acclimation",7.660117878,"no",3,2017-05-17,400,29.24121321,7.607806691,16.2,"RSI",0.0523111869999999,8,8
"49",17056,2017-06-02,6,3,"exposure","Experiment_1","2800",7.736520368,"no",18,2017-06-02,2800,29.4303335628,7.691011236,16.8,"RRR",0.0455091320000003,24,24
"50",17059,2017-05-17,2,1,"acclimation","Acclimation_2","acclimation",7.724950884,"no",4,2017-05-17,400,29.24121321,7.747211896,17,"RRR",-0.0222610119999995,8,8
"51",17060,2017-05-09,1,2,"acclimation","Acclimation_1","acclimation",7.758554117,"no",2,2017-05-08,400,29.9225324,7.789473684,16.91,"RRR",-0.0309195669999998,0,0
"52",17061,2017-06-06,1,3,"exposure","Experiment_3","400",7.686534013,"no",3,2017-06-06,400,30.12312085,7.790654206,17.1,"RSI",-0.104120193,28,28
"53",17062,2017-08-24,2,3,"exposure","Experiment_7","400",7.78978389,"no",6,2017-08-23,400,31.56227879,7.705223881,19,"RRR",0.0845600089999996,107,107
"54",17063,2017-05-09,4,3,"acclimation","Acclimation_1","acclimation",7.730037066,"no",12,2017-05-08,2800,29.9225324,7.80075188,16.7,"ILIV",-0.0707148139999996,0,0
"55",17064,2017-06-02,3,2,"exposure","Experiment_1","900",7.357935427,"no",8,2017-06-02,900,29.3974137299,7.713483146,17.2,"RSI",-0.355547719,24,24
"56",17065,2017-06-06,5,1,"exposure","Experiment_3","900",7.58157278,"no",13,2017-06-06,900,30.22386707,7.555140187,18,"RRR",0.026432593,28,28
"57",17066,2017-06-05,6,3,"exposure","Experiment_2","2800",7.103646634,"no",18,2017-06-05,2800,30.52271327,7.095684803,17.6,"RRR",0.00796183100000025,27,27
"58",17067,2017-05-09,2,1,"acclimation","Acclimation_1","acclimation",NA,"no",4,2017-05-08,400,30.02227418,7.834586466,16.5,"RSI",NA,0,0
"59",17068,2017-08-24,3,2,"exposure","Experiment_7","900",7.16502947,"no",8,2017-08-23,900,31.59592727,7.453358209,19.9,"RRR",-0.288328739,107,107
"60",17069,2017-06-13,1,1,"exposure","Experiment_4","400",7.81765678,"no",1,2017-06-12,400,30.29696951,7.808795411,17.5,"ILIV",0.0088613689999999,35,35
"61",17070,2017-06-13,1,2,"exposure","Experiment_4","400",6.786948586,"no",2,2017-06-12,400,30.29696951,7.803059273,17.5,"RSI",-1.016110687,35,35
"62",17072,2017-06-13,4,3,"exposure","Experiment_4","2800",7.616121658,"no",12,2017-06-12,2800,30.36474797,7.143403442,17.7,"RRR",0.472718216,35,35
"63",17075,2017-06-26,3,1,"exposure","Experiment_5","900",7.620689655,"no",7,2017-06-26,900,31.179445,7.69273743,17.2,"RSI",-0.0720477750000006,48,48
"64",17076,2017-05-17,6,1,"acclimation","Acclimation_2","acclimation",7.459724951,"no",16,2017-05-17,2800,29.34135435,7.752788104,17.2,"RRR",-0.293063153,8,8
"65",17077,2017-06-02,1,1,"exposure","Experiment_1","400",7.254684989,"no",1,2017-06-02,400,29.2986542213,7.707865169,17.4,"ILIV",-0.453180179999999,24,24
"66",17078,2017-06-02,4,2,"exposure","Experiment_1","2800",7.26615726,"no",11,2017-06-02,2800,29.2986542213,7.730337079,17.1,"RSI",-0.464179819,24,24
"67",17079,2017-08-22,2,3,"exposure","Experiment_7","400",7.449509521,"no",6,2017-08-21,400,31.22782979,7.836431227,19.4,"RRR",-0.386921706,105,105
"68",17080,2017-06-06,5,2,"exposure","Experiment_3","900",7.512475024,"no",14,2017-06-06,900,30.22386707,7.527102804,18.5,"ILIV",-0.0146277800000005,28,28
"69",17082,2017-08-22,3,3,"exposure","Experiment_7","900",7.553375649,"no",9,2017-08-21,900,31.22782979,7.568773234,19.4,"RRR",-0.0153975849999997,105,105
"70",17083,2017-05-17,5,2,"acclimation","Acclimation_2","acclimation",7.16502947,"yes",14,2017-05-17,900,29.34135435,7.758364312,17.6,"ILIV",-0.593334842,8,8
"71",17084,2017-05-17,4,3,"acclimation","Acclimation_2","acclimation",7.430255403,"no",12,2017-05-17,2800,29.34135435,7.758364312,18.6,"RSI",-0.328108909,8,8
"72",17085,2017-07-24,6,1,"exposure","Experiment_6","2800",7.005758157,"no",16,2017-07-24,2800,30.74333033,7,19.1,"RRR",0.00575815699999982,76,76
"73",17086,2017-06-02,5,1,"exposure","Experiment_1","900",7.610325388,"no",13,2017-06-02,900,29.4632533957,7.724719101,17.4,"ILIV",-0.114393713,24,24
"74",17089,2017-08-24,3,1,"exposure","Experiment_7","900",7.353634578,"no",7,2017-08-23,900,31.59592727,7.447761194,19.9,"RRR",-0.0941266159999996,107,107
"75",17090,2017-06-13,6,2,"exposure","Experiment_4","2800",7.420344683,"no",17,2017-06-12,2800,30.29696951,7.17208413,17.1,"RSI",0.248260553,35,35
"76",17092,2017-05-09,3,1,"acclimation","Acclimation_1","acclimation",7.752850707,"no",7,2017-05-08,900,29.98902692,7.806390977,16.25,"RSI",-0.0535402700000001,0,0
"77",17093,2017-06-13,3,3,"exposure","Experiment_4","900",7.731284585,"no",9,2017-06-12,900,30.29696951,7.51625239,17.2,"RRR",0.215032195,35,35
"78",17094,2017-08-22,6,2,"exposure","Experiment_7","2800",7.172533179,"no",17,2017-08-21,2800,31.22782979,7.066914498,19.3,"ILIV",0.105618681,105,105
"79",17095,2017-06-26,1,1,"exposure","Experiment_5","400",7.632183908,"no",1,2017-06-26,400,31.146098,7.960893855,17.5,"RSI",-0.328709947,48,48
"80",17096,2017-06-02,4,3,"exposure","Experiment_1","2800",7.719311962,"no",12,2017-06-02,2800,29.3644938871,7.724719101,17.1,"RRR",-0.00540713899999989,24,24
"81",17097,2017-06-02,6,1,"exposure","Experiment_1","2800",7.552964033,"no",16,2017-06-02,2800,29.4303335628,7.707865169,17,"ILIV",-0.154901135999999,24,24
"82",17098,2017-06-05,4,1,"exposure","Experiment_2","2800",7.380037658,"no",10,2017-06-05,2800,30.52271327,7.084427767,17.8,"RSI",0.295609891,27,27
"83",17099,2017-08-22,1,3,"exposure","Experiment_7","400",7.668782458,"no",3,2017-08-21,400,31.22782979,7.82527881,19.5,"RRR",-0.156496352,105,105
"84",17103,2017-05-09,3,2,"acclimation","Acclimation_1","acclimation",7.501900661,"no",8,2017-05-08,900,29.9225324,7.806390977,16.3,"RRR",-0.304490316000001,0,0
"85",17104,2017-06-06,2,3,"exposure","Experiment_3","400",7.692303254,"no",6,2017-06-06,400,30.19028499,7.829906542,17.9,"RSI",-0.137603288,28,28
"86",17106,2017-07-24,5,2,"exposure","Experiment_6","900",7.644913628,"no",14,2017-07-24,900,30.54304805,7.531428571,18.8,"RRR",0.113485057,76,76
"87",17107,2017-05-17,6,3,"acclimation","Acclimation_2","acclimation",7.418467583,"no",18,2017-05-17,2800,29.34135435,7.769516729,17,"RSI",-0.351049146,8,8
"88",17108,2017-06-13,6,3,"exposure","Experiment_4","2800",7.633396097,"no",18,2017-06-12,2800,30.29696951,7.154875717,17.1,"ILIV",0.47852038,35,35
"89",17109,2017-06-02,2,2,"exposure","Experiment_1","400",7.719311962,"no",5,2017-06-02,400,29.4303335628,7.713483146,16.7,"RSI",0.00582881600000018,24,24
"90",17110,2017-06-26,4,2,"exposure","Experiment_5","2800",7.333333333,"no",11,2017-06-26,2800,31.279486,7.324022346,16.6,"ILIV",0.0093109870000001,48,48
"91",17111,2017-07-24,2,1,"exposure","Experiment_6","400",7.598848369,"no",4,2017-07-24,400,30.64318919,7.811428571,18,"RRR",-0.212580202000001,76,76
"92",17112,2017-05-09,1,1,"acclimation","Acclimation_1","acclimation",7.564638173,"no",1,2017-05-08,400,30.08876869,7.789473684,16.9,"RSI",-0.224835511,0,0
"93",17113,2017-07-24,1,1,"exposure","Experiment_6","400",7.800383877,"no",1,2017-07-24,400,30.64318919,7.805714286,18.3,"RRR",-0.00533040899999992,76,76
"94",17114,2017-06-26,6,2,"exposure","Experiment_5","2800",7.5,"no",17,2017-06-26,2800,31.312833,7.452513966,16.6,"ILIV",0.0474860340000003,48,48
"95",17116,2017-06-26,3,2,"exposure","Experiment_5","900",7.275862069,"no",8,2017-06-26,900,31.212792,7.675977654,16.8,"RRR",-0.400115585,48,48
"96",17117,2017-06-06,2,2,"exposure","Experiment_3","400",6.982725561,"yes",5,2017-06-06,400,30.22386707,7.824299065,17.8,"ILIV",-0.841573504,28,28
"97",17119,2017-06-05,1,3,"exposure","Experiment_2","400",7.466409853,"no",3,2017-06-05,400,30.52271327,7.816135084,18.1,"ILIV",-0.349725231,27,27
"98",17120,2017-07-24,3,1,"exposure","Experiment_6","900",7.731285988,"no",7,2017-07-24,900,30.67656957,7.514285714,18,"RRR",0.217000274,76,76
"99",17121,2017-05-17,3,3,"acclimation","Acclimation_2","acclimation",7.300589391,"no",9,2017-05-17,900,29.34135435,7.758364312,17,"RSI",-0.457774921,8,8
"100",17122,2017-06-13,4,1,"exposure","Experiment_4","2800",7.857963804,"no",10,2017-06-12,2800,30.33085874,7.154875717,17.7,"ILIV",0.703088086999999,35,35
"101",17123,2017-08-24,5,1,"exposure","Experiment_7","900",7.141453831,"no",13,2017-08-23,900,31.49498182,7.470149254,19.5,"RRR",-0.328695423,107,107
"102",17124,2017-05-17,5,3,"acclimation","Acclimation_2","acclimation",7.300589391,"no",15,2017-05-17,900,29.34135435,7.769516729,17.6,"RSI",-0.468927338,8,8
"103",17126,2017-08-24,1,2,"exposure","Experiment_7","400",7.63064833,"no",2,2017-08-23,400,31.49498182,7.688432836,19.2,"RRR",-0.057784506,107,107
"104",17127,2017-06-02,3,3,"exposure","Experiment_1","900",7.524283356,"no",9,2017-06-02,900,29.2986542213,7.719101124,17.2,"RRR",-0.194817768,24,24
"105",17129,2017-07-24,4,3,"exposure","Experiment_6","2800",7.414587332,"no",12,2017-07-24,2800,30.54304805,7.04,19,"RSI",0.374587332,76,76
"106",17130,2017-08-22,6,3,"exposure","Experiment_7","2800",7.097518754,"no",18,2017-08-21,2800,31.22782979,7.066914498,19.3,"RRR",0.0306042560000002,105,105
"107",17131,2017-06-05,6,2,"exposure","Experiment_2","2800",6.861804488,"no",17,2017-06-05,2800,30.52271327,7.090056285,17.6,"ILIV",-0.228251797,27,27
"108",17133,2017-07-24,4,1,"exposure","Experiment_6","2800",7.161228407,"no",10,2017-07-24,2800,30.64318919,7.051428571,18.9,"RRR",0.109799836000001,76,76
"109",17134,2017-05-17,2,2,"acclimation","Acclimation_2","acclimation",7.542239686,"no",5,2017-05-17,400,29.34135435,7.76394052,17,"ILIV",-0.221700834,8,8
"110",17135,2017-06-13,5,2,"exposure","Experiment_4","900",7.316698049,"no",14,2017-06-12,900,30.29696951,7.562141491,17.9,"RSI",-0.245443442,35,35
"111",17138,2017-06-05,2,1,"exposure","Experiment_2","400",7.282149171,"no",4,2017-06-05,400,30.52271327,7.787992495,17.9,"RSI",-0.505843324,27,27
"112",17141,2017-06-05,3,1,"exposure","Experiment_2","900",7.616121658,"no",7,2017-06-05,900,30.52271327,7.51782364,17.5,"RSI",0.0982980180000004,27,27
"113",17142,2017-06-13,6,1,"exposure","Experiment_4","2800",7.811898634,"no",16,2017-06-12,2800,30.29696951,7.189292543,17.1,"RRR",0.622606091000001,35,35
"114",17143,2017-07-24,1,2,"exposure","Experiment_6","400",7.426103647,"no",2,2017-07-24,400,30.57642843,7.805714286,18.3,"ILIV",-0.379610639,76,76
"115",17145,2017-08-22,6,1,"exposure","Experiment_7","2800",6.9186382,"no",16,2017-08-21,2800,31.22782979,7.066914498,19.3,"ILIV",-0.148276298,105,105
"116",17147,2017-06-06,4,1,"exposure","Experiment_3","2800",7.305181756,"no",10,2017-06-06,2800,30.19028499,7.08411215,17,"RRR",0.221069605999999,28,28
"117",17149,2017-05-09,4,1,"acclimation","Acclimation_1","acclimation",7.365018818,"no",10,2017-05-08,2800,30.02227418,7.795112782,16.85,"RSI",-0.430093964,0,0
"118",17150,2017-06-02,2,3,"exposure","Experiment_1","400",7.111281602,"yes",6,2017-06-02,400,29.4961732385,7.713483146,16.8,"RRR",-0.602201544,24,24
"119",17151,2017-06-26,5,2,"exposure","Experiment_5","900",7.528735632,"no",14,2017-06-26,900,31.312833,7.675977654,16.8,"ILIV",-0.147242022,48,48
"120",17153,2017-08-24,4,3,"exposure","Experiment_7","2800",7.129666012,"no",12,2017-08-23,2800,31.49498182,7,19.8,"RRR",0.129666012,107,107
"121",17154,2017-06-13,3,1,"exposure","Experiment_4","900",7.477926146,"no",7,2017-06-12,900,30.29696951,7.51625239,17.2,"ILIV",-0.0383262440000003,35,35
"122",17155,2017-06-06,3,3,"exposure","Experiment_3","900",7.346148743,"no",9,2017-06-06,900,30.12312085,7.510280374,17.5,"RSI",-0.164131631,28,28
"123",17156,2017-08-24,5,3,"exposure","Experiment_7","900",7.353634578,"no",15,2017-08-23,900,31.49498182,7.470149254,19.5,"RRR",-0.116514676,107,107
"124",17157,2017-06-26,2,3,"exposure","Experiment_5","400",7.781609195,"no",6,2017-06-26,400,31.246139,7.960893855,16.9,"ILIV",-0.17928466,48,48
"125",17158,2017-07-24,3,3,"exposure","Experiment_6","900",7.834932821,"no",9,2017-07-24,900,30.74333033,7.514285714,18.1,"RSI",0.320647107,76,76
"126",17159,2017-08-24,4,2,"exposure","Experiment_7","2800",6.99410609,"no",11,2017-08-23,2800,31.49498182,6.96641791,19.8,"RRR",0.0276881800000002,107,107
"127",17160,2017-05-17,6,2,"acclimation","Acclimation_2","acclimation",7.247544204,"no",17,2017-05-17,2800,29.34135435,7.752788104,17.1,"ILIV",-0.5052439,8,8
"128",17162,2017-06-13,2,3,"exposure","Experiment_4","400",7.570056487,"no",6,2017-06-12,400,30.29696951,7.820267686,17.8,"RRR",-0.250211199000001,35,35
"129",17163,2017-06-26,2,1,"exposure","Experiment_5","400",7.396551724,"no",4,2017-06-26,400,31.212792,7.960893855,17.3,"RSI",-0.564342131,48,48
"130",17165,2017-06-02,1,3,"exposure","Experiment_1","400",8.06348009,"no",3,2017-06-02,400,29.4303335628,7.713483146,17.6,"RRR",0.349996944000001,24,24
"131",17166,2017-07-24,2,3,"exposure","Experiment_6","400",7.644913628,"no",6,2017-07-24,400,30.64318919,7.805714286,18,"RSI",-0.160800657999999,76,76
"132",17168,2017-08-24,3,3,"exposure","Experiment_7","900",7.330058939,"no",9,2017-08-23,900,31.56227879,7.447761194,19.9,"RRR",-0.117702255,107,107
"133",17170,2017-07-24,4,2,"exposure","Experiment_6","2800",6.97696737,"no",11,2017-07-24,2800,30.64318919,7.034285714,19,"ILIV",-0.0573183440000005,76,76
"134",17171,2017-05-17,3,1,"acclimation","Acclimation_2","acclimation",7.170923379,"no",7,2017-05-17,900,29.34135435,7.786245353,16.9,"RRR",-0.615321974,8,8
"135",17173,2017-06-13,5,3,"exposure","Experiment_4","900",7.564298341,"no",15,2017-06-12,900,30.29696951,7.567877629,17.9,"ILIV",-0.00357928800000007,35,35
"136",17174,2017-06-13,1,3,"exposure","Experiment_4","400",7.75431717,"no",3,2017-06-12,400,30.29696951,7.826003824,17.5,"RRR",-0.0716866539999996,35,35
"137",17176,2017-06-13,2,1,"exposure","Experiment_4","400",7.132437366,"no",4,2017-06-12,400,30.22919106,7.808795411,17.8,"ILIV",-0.676358045000001,35,35
"138",17178,2017-08-22,4,2,"exposure","Experiment_7","2800",7.091748413,"no",11,2017-08-21,2800,31.22782979,7.066914498,18.9,"RSI",0.0248339150000003,105,105
"139",17179,2017-06-26,3,3,"exposure","Experiment_5","900",7.310344828,"no",9,2017-06-26,900,31.279486,7.670391061,16.9,"ILIV",-0.360046233,48,48
"140",17181,2017-06-13,4,2,"exposure","Experiment_4","2800",7.506716878,"no",11,2017-06-12,2800,30.29696951,7.137667304,17.7,"RSI",0.369049574,35,35
"141",17182,2017-06-26,1,2,"exposure","Experiment_5","400",7.402298851,"yes",2,2017-06-26,400,31.246139,7.977653631,17.5,"ILIV",-0.57535478,48,48
"142",17183,2017-06-02,5,3,"exposure","Experiment_1","900",7.472658137,"no",15,2017-06-02,900,29.4303335628,7.730337079,17.4,"RRR",-0.257678942,24,24
"143",17184,2017-06-13,3,2,"exposure","Experiment_4","900",7.690977561,"no",8,2017-06-12,900,30.29696951,7.499043977,17.2,"RSI",0.191933584,35,35
"144",17185,2017-05-09,2,3,"acclimation","Acclimation_1","acclimation",7.45056997,"no",6,2017-05-08,400,30.08876869,7.783834586,16.4,"ILIV",-0.333264616,0,0
"145",17186,2017-06-05,2,3,"exposure","Experiment_2","400",7.886754536,"no",6,2017-06-05,400,30.52271327,7.782363977,17.9,"RRR",0.104390559,27,27
"146",17187,2017-06-06,5,3,"exposure","Experiment_3","900",7.628841594,"no",15,2017-06-06,900,30.12312085,7.54953271,18.5,"RSI",0.0793088839999996,28,28
"147",17189,2017-06-05,1,2,"exposure","Experiment_2","400",7.305181756,"no",2,2017-06-05,400,30.52271327,7.804878049,18.1,"RRR",-0.499696293,27,27
"148",17190,2017-06-26,6,1,"exposure","Experiment_5","2800",7.25862069,"no",16,2017-06-26,2800,31.212792,7.418994413,16.6,"RSI",-0.160373723,48,48
"149",17191,2017-06-02,2,1,"exposure","Experiment_1","400",7.604589253,"no",4,2017-06-02,400,29.4632533957,7.735955056,16.7,"ILIV",-0.131365803,24,24
"150",17192,2017-05-09,6,2,"acclimation","Acclimation_1","acclimation",7.245247206,"no",17,2017-05-08,2800,30.12201595,7.783834586,15.4,"RRR",-0.53858738,0,0
"151",17195,2017-06-06,1,1,"exposure","Experiment_3","400",7.708252,"no",1,2017-06-06,400,30.02237462,7.801869159,17.1,"RRR",-0.0936171589999999,28,28
"152",17196,2017-06-05,5,1,"exposure","Experiment_2","900",7.103646634,"no",13,2017-06-05,900,30.52271327,7.545966229,18,"RSI",-0.442319595,27,27
"153",17197,2017-06-02,4,1,"exposure","Experiment_1","2800",7.409560646,"no",10,2017-06-02,2800,29.3315740542,7.707865169,17.1,"ILIV",-0.298304523,24,24
"154",17198,2017-06-06,3,1,"exposure","Experiment_3","900",7.328214341,"no",7,2017-06-06,900,30.15670292,7.504672897,17,"RRR",-0.176458556,28,28
"155",17199,2017-06-05,6,1,"exposure","Experiment_2","2800",6.976967415,"no",16,2017-06-05,2800,30.52271327,7.067542214,17.6,"RSI",-0.0905747990000005,27,27
"156",17202,2017-05-17,2,3,"acclimation","Acclimation_2","acclimation",8.055009823,"no",6,2017-05-17,400,29.34135435,7.76394052,17.1,"RSI",0.291069303,8,8
"157",17203,2017-08-22,2,1,"exposure","Experiment_7","400",7.484131564,"no",4,2017-08-21,400,31.22782979,7.836431227,19.4,"ILIV",-0.352299663,105,105
"158",17204,2017-08-22,5,3,"exposure","Experiment_7","900",7.518753606,"no",15,2017-08-21,900,31.22782979,7.568773234,18.9,"RRR",-0.0500196280000003,105,105
"159",17205,2017-06-02,6,2,"exposure","Experiment_1","2800",7.604589253,"no",17,2017-06-02,2800,29.4303335628,7.724719101,16.8,"RSI",-0.120129847999999,24,24
"160",17206,2017-07-24,3,2,"exposure","Experiment_6","900",7.051823417,"no",8,2017-07-24,900,30.74333033,7.52,18,"ILIV",-0.468176583,76,76
"161",17207,2017-06-06,2,1,"exposure","Experiment_3","400",7.571149175,"no",4,2017-06-06,400,30.29103122,7.835514019,17.8,"RRR",-0.264364843999999,28,28
"162",17208,2017-08-22,5,2,"exposure","Experiment_7","900",7.189844201,"no",14,2017-08-21,900,31.22782979,7.563197026,19,"RSI",-0.373352825,105,105
"163",17209,2017-05-09,3,3,"acclimation","Acclimation_1","acclimation",7.319391537,"no",9,2017-05-08,900,29.95577966,7.80075188,16.2,"ILIV",-0.481360343,0,0
"164",17210,2017-07-24,6,2,"exposure","Experiment_6","2800",6.815738964,"no",17,2017-07-24,2800,30.74333033,7.011428571,19.1,"ILIV",-0.195689606999999,76,76
"165",17211,2017-08-22,2,2,"exposure","Experiment_7","400",7.709174841,"no",5,2017-08-21,400,31.22782979,7.842007435,19.4,"RSI",-0.132832594,105,105
"166",17212,2017-06-05,5,3,"exposure","Experiment_2","900",7.529749463,"no",15,2017-06-05,900,30.52271327,7.545966229,18.1,"ILIV",-0.0162167660000003,27,27
"167",17213,2017-08-22,4,1,"exposure","Experiment_7","2800",6.872475476,"no",10,2017-08-21,2800,31.26162614,7.06133829,18.9,"ILIV",-0.188862814,105,105
"168",17215,2017-06-05,3,2,"exposure","Experiment_2","900",8.214968877,"no",8,2017-06-05,900,30.52271327,7.495309568,17.4,"RRR",0.719659309000001,27,27
"169",17217,2017-06-05,1,1,"exposure","Experiment_2","400",7.403070244,"no",1,2017-06-05,400,30.42063061,7.82739212,18.2,"RSI",-0.424321876,27,27
"170",17218,2017-07-24,5,3,"exposure","Experiment_6","900",7.650671785,"no",15,2017-07-24,900,30.54304805,7.531428571,18.9,"RSI",0.119243214,76,76
"171",17220,2017-06-06,1,2,"exposure","Experiment_3","400",7.679461268,"no",2,2017-06-06,400,30.12312085,7.796261682,17.1,"ILIV",-0.116800414,28,28
"172",17221,2017-05-09,4,2,"acclimation","Acclimation_1","acclimation",7.553231353,"no",11,2017-05-08,2800,29.95577966,7.806390977,17.3,"RRR",-0.253159624,0,0
"173",17222,2017-06-26,6,3,"exposure","Experiment_5","2800",7.063218391,"no",18,2017-06-26,2800,31.312833,7.463687151,16.6,"RRR",-0.40046876,48,48
