date,ID,collection_date,run_date,Shelf,Tank,TankID,PCO2,salinity,temp_out,temp_in,CT,AT,mV,m_pH,DIC_AT,DIC_AT_EMF,AT_Recal,AT_EMF,ID.x,update_CT.x,update_AT_EMF.x,cert_DIC.x,cert_AT.x,order.x,ID.y,update_CT.y,update_AT_EMF.y,cert_DIC.y,cert_AT.y,order.y,meanCT,meanAT,cf.CT,cf.AT,corr_CT,corr_AT_EMF,pH_in,pH_calc,pCO2,O_Ca,O_Ar,,,,,mv_calc_pH,alt_pH,pH_in,pH_calc,pCO2,O_Ca,O_Ar
7/9/2017,400_17_2-1_05-12-17_09Jul17,20170512,20170709,2,1,4,400,30.10260782,25.136999,17.3,142.2,2048.56,132.6,7.877358491,1918.07,1917.55,2047.84,2047.89,NEU_16_24_09Jul17,1901.5,2016.14,1904.52,2025.82,1,NEU_16_25_09Jul17,1888.49,2013.37,1904.52,2025.82,2,1894.995,2014.755,1.005026398,1.005491983,142.9147539,2059.136977,10.4001255,10.710,0.0,3.44,2.20,0.0000,FALSE,596.26,-59.415,7.803753261,,7.804,7.925,508.6,2.93,1.87
7/9/2017,400_17_2-2_05-12-17,20170512,20170709,2,2,5,400,30.13605517,25.125999,17.2,1888.56,1974.79,132.55,7.888679245,1843.17,1842.79,1974.01,1974.17,NEU_16_24_09Jul17,1901.5,2016.14,1904.52,2025.82,1,NEU_16_25_09Jul17,1888.49,2013.37,1904.52,2025.82,2,1894.995,2014.755,1.005026398,1.005491983,1898.052655,1985.012108,7.625817299,7.742,783.3,1.94,1.24,0.1463,FALSE,596.26,-59.415,7.804594799,,7.626,7.742,783.3,1.94,1.24
7/9/2017,400_17_2-3_05-12-17,20170512,20170709,2,3,6,400,30.20294985,25.111,17.2,1892.47,2050.66,132.95,7.871698113,1923.19,1922.57,2049.77,2049.89,NEU_16_24_09Jul17,1901.5,2016.14,1904.52,2025.82,1,NEU_16_25_09Jul17,1888.49,2013.37,1904.52,2025.82,2,1894.995,2014.755,1.005026398,1.005491983,1901.982308,2061.147961,7.816995621,7.940,489.2,3.01,1.92,-0.0680,FALSE,596.26,-59.415,7.797862493,,7.817,7.940,489.2,3.01,1.92
8/15/2017,900_17_3-1_05-12-17_15Aug17,20170512,20170815,3,1,7,900,30.20294985,24.506001,16.8,1904.6,2041.43,135,7.894339623,1934.7,1933.7,2041.04,2041.34,NEU_17_21_15Aug17,1945.63,2073.27,1972,2091.64,1,NEU_17_22_15Aug17,1951.8,2076.44,1972,2091.64,2,1948.715,2074.855,1.0119489,1.008089722,1927.357874,2057.853873,7.752626896,7.870,584.8,2.58,1.65,0.0238,FALSE,596.26,-59.415,7.763359421,,7.753,7.870,584.8,2.58,1.65
8/15/2017,900_17_3-2_05-12-17_15Aug17,20170512,20170815,3,2,8,900,30.26984453,25.007999,16.8,1889.62,2040.05,131.95,7.871698113,1916.65,1917.6,2039.36,2039.21,NEU_17_21_15Aug17,1945.63,2073.27,1972,2091.64,1,NEU_17_22_15Aug17,1951.8,2076.44,1972,2091.64,2,1948.715,2074.855,1.0119489,1.008089722,1912.19888,2055.706642,7.778796196,7.905,533.5,2.77,1.76,-0.0335,FALSE,596.26,-59.415,7.814693259,,7.779,7.905,533.5,2.77,1.76
8/15/2017,900_17_3-3_05-12-17_15Aug17,20170512,20170815,3,3,9,900,30.30329188,25,16.7,1886.62,2039.75,131.95,7.860377358,1913.65,1914.35,2039.11,2039.01,NEU_17_21_15Aug17,1945.63,2073.27,1972,2091.64,1,NEU_17_22_15Aug17,1951.8,2076.44,1972,2091.64,2,1948.715,2074.855,1.0119489,1.008089722,1909.163033,2055.505024,7.785811901,7.914,521.3,2.81,1.79,-0.0535,FALSE,596.26,-59.415,7.814693259,,7.786,7.914,521.3,2.81,1.79
7/9/2017,2800_17_4-1_05-12-17_09Jul17,20170512,20170709,4,1,10,2800,30.20294985,25.143999,16.6,1909.13,2049.56,133.9,7.871698113,1927.6,1926.8,2048.57,2048.72,NEU_16_24_09Jul17,1901.5,2016.14,1904.52,2025.82,1,NEU_16_25_09Jul17,1888.49,2013.37,1904.52,2025.82,2,1894.995,2014.755,1.005026398,1.005491983,1918.726048,2059.971535,7.771225929,7.903,538.3,2.74,1.74,-0.0309,FALSE,596.26,-59.415,7.781873264,,7.771,7.903,538.3,2.74,1.74
7/9/2017,2800_17_4-2_05-12-17_09Jul17,20170512,20170709,4,2,11,2800,30.20294985,25.124001,16.7,1903.22,2049.07,133.65,7.877358491,1926.16,1925.38,2048.14,2048.23,NEU_16_24_09Jul17,1901.5,2016.14,1904.52,2025.82,1,NEU_16_25_09Jul17,1888.49,2013.37,1904.52,2025.82,2,1894.995,2014.755,1.005026398,1.005491983,1912.786342,2059.478844,7.785639286,7.916,520.4,2.82,1.80,-0.0382,FALSE,596.26,-59.415,7.786080956,,7.786,7.916,520.4,2.82,1.80
7/9/2017,2800_17_4-3_05-12-17_09Jul17,20170512,20170709,4,3,12,2800,30.20294985,25.118999,16.7,201.28,2050.84,134.4,7.866037736,1925.53,1924.8,2050.55,2050.7,NEU_16_24_09Jul17,1901.5,2016.14,1904.52,2025.82,1,NEU_16_25_09Jul17,1888.49,2013.37,1904.52,2025.82,2,1894.995,2014.755,1.005026398,1.005491983,202.2917135,2061.962409,10.36378098,10.698,0.0,4.86,3.10,0.0000,FALSE,596.26,-59.415,7.773457881,,7.773,7.903,538.5,2.75,1.75
6/28/2017,900_17_5_1_05_12_17_28Jun2017,20170512,20170628,5,1,13,900,30.06916048,25.059,17.3,1894.94,2047.86,132.55,7.752830189,1922.22,1922.28,2049.26,2049.23,NEU_16_20_28Jun2017,1898.29,2008.55,1904.52,2025.82,1,NEU_16_21_28Jun2017,1900.1,2014.25,1904.52,2025.82,2,1899.195,2011.4,1.00280382,1.007169136,1900.25307,2063.921208,7.830229759,7.951,476.3,3.09,1.97,-0.1980,FALSE,596.26,-59.415,7.804594799,,7.830,7.951,476.3,3.09,1.97
7/9/2017,900_17_5-2_05-12-17_09Jul17,20170512,20170709,5,2,14,900,30.16950251,25.08,17.3,1908.68,2050.92,133.5,7.849056604,1924.96,1924.22,2050.16,2050.24,NEU_16_24_09Jul17,1901.5,2016.14,1904.52,2025.82,1,NEU_16_25_09Jul17,1888.49,2013.37,1904.52,2025.82,2,1894.995,2014.755,1.005026398,1.005491983,1918.273786,2061.499883,7.777567863,7.897,547.2,2.78,1.77,-0.0481,FALSE,596.26,-59.415,7.788605571,,7.778,7.897,547.2,2.78,1.77
7/9/2017,900_17_5-3_05-12-17_09Jul17,20170512,20170709,5,3,15,900,30.20294985,25.094999,17.2,1911.92,2050.98,133.75,7.883018868,1927.13,1926.46,2050.09,2050.16,NEU_16_24_09Jul17,1901.5,2016.14,1904.52,2025.82,1,NEU_16_25_09Jul17,1888.49,2013.37,1904.52,2025.82,2,1894.995,2014.755,1.005026398,1.005491983,1921.530072,2061.419444,7.768257141,7.889,558.2,2.73,1.74,-0.0064,FALSE,596.26,-59.415,7.784397879,,7.768,7.889,558.2,2.73,1.74
6/28/2017,2800_17_6_1_05_12_17_28Jun2017,20170512,20170628,6,1,16,2800,30.13605517,24.382,16.8,1899.83,2045.05,132.95,7.871698113,1925.16,1923.33,2046.56,2046.84,NEU_16_20_28Jun2017,1898.29,2008.55,1904.52,2025.82,1,NEU_16_21_28Jun2017,1900.1,2014.25,1904.52,2025.82,2,1899.195,2011.4,1.00280382,1.007169136,1905.15678,2061.514074,7.821929455,7.940,489.3,2.97,1.89,-0.0680,FALSE,596.26,-59.415,7.797862493,,7.822,7.940,489.3,2.97,1.89
6/28/2017,2800_17_6_2_05_12_17_28Jun2017,20170512,20170628,6,2,17,2800,30.16950251,25.066999,16.9,1899.13,2045.85,132.65,7.883018868,1921.6,1921.46,2047.21,2047.13,NEU_16_20_28Jun2017,1898.29,2008.55,1904.52,2025.82,1,NEU_16_21_28Jun2017,1900.1,2014.25,1904.52,2025.82,2,1899.195,2011.4,1.00280382,1.007169136,1904.454818,2061.806153,7.813519955,7.940,488.7,2.98,1.90,-0.0572,FALSE,596.26,-59.415,7.802911723,,7.814,7.940,488.7,2.98,1.90
6/28/2017,2800_17_6_3_05_12_17_29Jun2017,20170512,20170629,6,3,18,2800,30.20294985,25.087999,16.8,1898.41,2045.33,132.75,7.871698113,1925.52,1925.79,2046.33,2046.34,NEU_16_20_28Jun2017,1898.29,2008.55,1904.52,2025.82,1,NEU_16_21_28Jun2017,1900.1,2014.25,1904.52,2025.82,2,1899.195,2011.4,1.00280382,1.007169136,1903.732799,2061.01049,7.812685966,7.941,486.9,2.98,1.90,-0.0695,FALSE,596.26,-59.415,7.801228646,,7.813,7.941,486.9,2.98,1.90
12/12/2017,900_17_3-1_05-26-17_12Dec17,20170526,20171212,3,1,7,900,29.85094355,25.054001,16.7,1890.74,2044.69,132.75,7.726432532,1935.68,1935.68,2044.69,2043.26,NEU_20_19_12Dec17,2043.04,2141.93,2034.478856,2135.608489,1,NEU_20_20_12Dec17,2037.47,2144.59,2034.478856,2135.608489,2,2040.255,2143.26,0.997168911,0.996429966,1885.387146,2035.965492,7.804171085,7.933,492.2,2.87,1.83,-0.2070,TRUE,596.26,-59.415,7.801228646,,7.804,7.933,492.2,2.87,1.83
12/12/2017,900_17_3-2_05-26-17_12Dec17,20170526,20171212,3,2,8,900,29.85094355,25.052,16.7,1889.5,2043.21,132.8,7.709796673,1932,1932.97,2043.21,2047.97,NEU_20_19_12Dec17,2043.04,2141.93,2034.478856,2135.608489,1,NEU_20_20_12Dec17,2037.47,2144.59,2034.478856,2135.608489,2,2040.255,2143.26,0.997168911,0.996429966,1884.150657,2040.658678,7.818585873,7.948,474.6,2.96,1.89,-0.2384,TRUE,596.26,-59.415,7.800387108,,7.819,7.948,474.6,2.96,1.89
12/12/2017,900_17_3-3_05-26-17_12Dec17,20170526,20171212,3,3,9,900,29.85094355,25.028,16.7,1897.64,2040.68,133.25,7.715341959,1938.97,1939.1,2040.68,2038.82,NEU_20_19_12Dec17,2043.04,2141.93,2034.478856,2135.608489,1,NEU_20_20_12Dec17,2037.47,2144.59,2034.478856,2135.608489,2,2040.255,2143.26,0.997168911,0.996429966,1892.267612,2031.541343,7.775782585,7.904,530.7,2.70,1.72,-0.1885,FALSE,596.26,-59.415,7.792813263,,7.776,7.904,530.7,2.70,1.72
12/1/2017,2800_17_4-1_05-26-17_01Dec17,20170526,20171201,4,1,10,2800,29.85094355,24.969,17.2,1918.2,2033.03,143.65,7.709796673,1981.03,1981.37,2032.51,2032.36,NEU_20_12_01Dec17,2016.01,2151.1,2034.478856,2135.608489,1,NEU_20_13_01Dec17,2005.82,2146.03,2034.478856,2135.608489,2,2010.915,2148.565,1.011717977,0.993969691,1940.677424,2020.104241,7.605330467,7.719,848.3,1.87,1.19,-0.0089,FALSE,596.26,-59.415,7.61777329,,7.605,7.719,848.3,1.87,1.19
12/12/2017,900_17_5-1_05-26-17_12Dec17,20170526,20171212,5,1,13,900,29.85094355,25.013,17,1907.03,2010.72,141.85,7.731977819,1953.7,1953.68,2010.72,2009.97,NEU_20_19_12Dec17,2043.04,2141.93,2034.478856,2135.608489,1,NEU_20_20_12Dec17,2037.47,2144.59,2034.478856,2135.608489,2,2040.255,2143.26,0.997168911,0.996429966,1901.631028,2002.794339,7.672395229,7.792,697.9,2.14,1.37,-0.0601,FALSE,596.26,-59.415,7.64806867,,7.672,7.792,697.9,2.14,1.37
12/12/2017,900_17_5-2_05-26-17_12Dec17,20170526,20171212,5,2,14,900,29.85094355,25.003,17,1889.3,2031.57,134.35,7.726432532,1927.87,1927.79,2031.57,2030.6,NEU_20_19_12Dec17,2043.04,2141.93,2034.478856,2135.608489,1,NEU_20_20_12Dec17,2037.47,2144.59,2034.478856,2135.608489,2,2040.255,2143.26,0.997168911,0.996429966,1883.951223,2023.350689,7.777490616,7.900,533.4,2.70,1.72,-0.1741,FALSE,596.26,-59.415,7.774299419,,7.777,7.900,533.4,2.70,1.72
12/12/2017,900_17_5-3_05-26-17_12Dec17,20170526,20171212,5,3,15,900,29.85094355,25.063999,17,1888.47,2041.77,132.75,7.720887246,1930.72,1930.54,2041.77,2040.55,NEU_20_19_12Dec17,2043.04,2141.93,2034.478856,2135.608489,1,NEU_20_20_12Dec17,2037.47,2144.59,2034.478856,2135.608489,2,2040.255,2143.26,0.997168911,0.996429966,1883.123573,2033.265167,7.803251743,7.928,498.9,2.87,1.83,-0.2070,TRUE,596.26,-59.415,7.801228646,,7.803,7.928,498.9,2.87,1.83
12/12/2017,2800_17_6-1_05-26-17_12Dec17,20170526,20171212,6,1,16,2800,29.75009577,25.018,16.7,1903.72,2039.99,135.65,7.726432532,1943.13,1942.86,2039.99,2039.28,NEU_20_19_12Dec17,2043.04,2141.93,2034.478856,2135.608489,1,NEU_20_20_12Dec17,2037.47,2144.59,2034.478856,2135.608489,2,2040.255,2143.26,0.997168911,0.996429966,1898.330399,2031.999701,7.76226902,7.890,551.1,2.62,1.67,-0.1633,FALSE,596.26,-59.415,7.752419423,,7.762,7.890,551.1,2.62,1.67
12/12/2017,2800_17_6-2_05-26-17_12Dec17,20170526,20171212,6,2,17,2800,29.85094355,25.054001,16.7,1898.57,2052.09,132.9,7.6987061,1940.79,1940.84,2052.09,2050.96,NEU_20_19_12Dec17,2043.04,2141.93,2034.478856,2135.608489,1,NEU_20_20_12Dec17,2037.47,2144.59,2034.478856,2135.608489,2,2040.255,2143.26,0.997168911,0.996429966,1893.194979,2043.638003,7.802844048,7.932,495.9,2.87,1.83,-0.2334,TRUE,596.26,-59.415,7.798704031,,7.803,7.932,495.9,2.87,1.83
12/12/2017,2800_17_6-3_05-26-17_12Dec17,20170526,20171212,6,3,18,2800,29.85094355,25.023001,16.7,1906.14,2041.26,134.95,7.720887246,1942.53,1942.39,2041.26,2040.39,NEU_20_19_12Dec17,2043.04,2141.93,2034.478856,2135.608489,1,NEU_20_20_12Dec17,2037.47,2144.59,2034.478856,2135.608489,2,2040.255,2143.26,0.997168911,0.996429966,1900.743548,2033.105738,7.757250309,7.885,558.2,2.60,1.66,-0.1638,FALSE,596.26,-59.415,7.764200959,,7.757,7.885,558.2,2.60,1.66
6/14/2017,400_17_1-1_06-05-17_14Jun17,20170605,20170614,1,1,1,400,30.42063061,24.868999,18.2,1894.82,2073.4,130.5,7.82739212,1935.41,1935.19,2071.43,2071.46,NEU_16_08_14Jun17,1888.89,2024.66,1904.52,2025.82,1,NEU_16_10_14Jun17,1904.94,2023.95,1904.52,2025.82,2,1896.915,2024.305,1.004009141,1.000748405,1902.416601,2073.010291,7.844010353,7.948,481.2,3.20,2.05,-0.1203,FALSE,596.26,-59.415,7.839097871,,7.844,7.948,481.2,3.20,2.05
6/6/2017,400_17_1-2_06-05-17_06Jun17,20170605,20170606,1,2,2,400,30.52271327,24.554001,18.1,1863.82,2075.51,131.1,7.804878049,1925.6,1924.59,2074.22,2074.3,NEU_15_32_06Jun17,1856.64,2031.38,1886.76,2032.8,1,,1845.36,2031.38,1886.76,2033.8,2,1851,2031.38,1.019319287,1.001191308,1899.827673,2076.771131,7.862006187,7.963,462.8,3.30,2.11,-0.1579,FALSE,596.26,-59.415,7.828999411,,7.862,7.963,462.8,3.30,2.11
6/14/2017,400_17_1-3_06-05-17-14Jun17,20170605,20170614,1,3,3,400,30.52271327,24.884001,18.1,1905.53,2067.79,132.15,7.816135084,1930.22,1930.1,2066.52,2066.63,NEU_16_08_14Jun17,1888.89,2024.66,1904.52,2025.82,1,NEU_16_10_14Jun17,1904.94,2023.95,1904.52,2025.82,2,1896.915,2024.305,1.004009141,1.000748405,1913.169539,2068.176676,7.8050704,7.910,530.1,2.96,1.89,-0.0937,FALSE,596.26,-59.415,7.811327106,,7.805,7.910,530.1,2.96,1.89
6/14/2017,400_17_2-1_06-05-17_14Jun17,20170605,20170614,2,1,4,400,30.52271327,24.917999,17.9,1926.52,2067.03,133.15,7.787992495,1936.31,1936.36,2065.83,2065.94,NEU_16_08_14Jun17,1888.89,2024.66,1904.52,2025.82,1,NEU_16_10_14Jun17,1904.94,2023.95,1904.52,2025.82,2,1896.915,2024.305,1.004009141,1.000748405,1934.243691,2067.48616,7.748669147,7.856,610.2,2.64,1.69,-0.0677,FALSE,596.26,-59.415,7.794496339,,7.749,7.856,610.2,2.64,1.69
6/14/2017,400_17_2-2_06-05-17_14Jun17,20170605,20170614,2,2,5,400,30.52271327,24.875999,17.9,1929.24,2063.34,134.9,7.787992495,1944.83,1944.62,2062,2061.96,NEU_16_08_14Jun17,1888.89,2024.66,1904.52,2025.82,1,NEU_16_10_14Jun17,1904.94,2023.95,1904.52,2025.82,2,1896.915,2024.305,1.004009141,1.000748405,1936.974595,2063.503181,7.731757164,7.838,638.1,2.54,1.62,-0.0497,FALSE,596.26,-59.415,7.765042498,,7.732,7.838,638.1,2.54,1.62
6/14/2017,400_17_2-3re_06-05-17_14Jun17,20170605,20170614,2,3,6,400,30.52271327,24.596001,17.9,1910.57,2068.05,131.85,7.782363977,1933.12,1932.73,2066.55,2066.55,NEU_16_08_14Jun17,1888.89,2024.66,1904.52,2025.82,1,NEU_16_10_14Jun17,1904.94,2023.95,1904.52,2025.82,2,1896.915,2024.305,1.004009141,1.000748405,1918.229745,2068.096616,7.796526909,7.900,544.2,2.88,1.84,-0.1174,FALSE,596.26,-59.415,7.816376336,,7.797,7.900,544.2,2.88,1.84
6/14/2017,900_17_3-1_06-05-17_14Jun17,20170605,20170614,3,1,7,900,30.52271327,24.892,17.5,2019.77,2081.67,149.55,7.51782364,2043.66,2043.73,2080.83,2080.95,NEU_16_08_14Jun17,1888.89,2024.66,1904.52,2025.82,1,NEU_16_10_14Jun17,1904.94,2023.95,1904.52,2025.82,2,1896.915,2024.305,1.004009141,1.000748405,2027.867543,2082.507393,7.516806126,7.621,1112.9,1.61,1.03,-0.1031,FALSE,596.26,-59.415,7.518471766,,7.517,7.621,1112.9,1.61,1.03
6/6/2017,900_17_3-2_06-05-17_06Jun17,20170605,20170606,3,2,8,900,30.52271327,24.892,17.4,1976.43,2082.29,148.85,7.495309568,2035.16,2034.85,2081.55,2081.47,NEU_15_32_06Jun17,1856.64,2031.38,1886.76,2032.8,1,,1845.36,2031.38,1886.76,2033.8,2,1851,2031.38,1.019319287,1.001191308,2014.613218,2083.949673,7.563099384,7.671,983.3,1.78,1.14,-0.1755,FALSE,596.26,-59.415,7.530253303,,7.563,7.671,983.3,1.78,1.14
6/14/2017,900_17_3-3_06-05-17_14Jun17,20170605,20170614,3,3,9,900,30.52271327,24.902,17.4,1994.9,2082.53,149.9,7.332082552,2010.91,2010.34,2081.41,2081.35,NEU_16_08_14Jun17,1888.89,2024.66,1904.52,2025.82,1,NEU_16_10_14Jun17,1904.94,2023.95,1904.52,2025.82,2,1896.915,2024.305,1.004009141,1.000748405,2002.897836,2082.907693,7.595849514,7.705,901.9,1.91,1.22,-0.3730,TRUE,596.26,-59.415,7.512580998,,7.596,7.705,901.9,1.91,1.22
6/15/2017,2800_17_4-1_06-05-17_15Jun17,20170605,20170615,4,1,10,2800,30.52271327,24.834999,17.8,2132.49,2117.94,165.25,7.084427767,2171.59,2171.06,2115.96,2116.06,NEU_16_11_15Jun17,1888.01,2024.34,1904.52,2025.82,1,NEU_16_12_15Jun17,1879.32,2020.02,1904.52,2025.82,2,1883.665,2022.18,1.011071502,1.001800038,2156.099866,2119.868988,7.225487709,7.310,2418.2,0.84,0.54,-0.2253,TRUE,596.26,-59.415,7.25422873,,7.225,7.310,2418.2,0.84,0.54
6/15/2017,2800_17_4-2_06-05-17_15Jun17,20170605,20170615,4,2,11,2800,30.52271327,24.938,18.2,2190.32,2130.04,171.65,7.101313321,2227.53,2227.08,2128.77,2128.03,NEU_16_11_15Jun17,1888.01,2024.34,1904.52,2025.82,1,NEU_16_12_15Jun17,1879.32,2020.02,1904.52,2025.82,2,1883.665,2022.18,1.011071502,1.001800038,2214.570131,2131.860534,7.092606544,7.168,3418.2,0.63,0.40,-0.0662,FALSE,596.26,-59.415,7.146511824,,7.093,7.168,3418.2,0.63,0.40
6/15/2017,2800_17_4-3_06-05-17_15Jun17,20170605,20170615,4,3,12,2800,30.52271327,24.974001,18.8,2174.34,2140.1,168.2,7.106941839,2210.47,2210.27,2138.25,2138.2,NEU_16_11_15Jun17,1888.01,2024.34,1904.52,2025.82,1,NEU_16_12_15Jun17,1879.32,2020.02,1904.52,2025.82,2,1883.665,2022.18,1.011071502,1.001800038,2198.413209,2142.04884,7.166096687,7.237,2918.6,0.75,0.48,-0.1304,FALSE,596.26,-59.415,7.204577969,,7.166,7.237,2918.6,0.75,0.48
6/15/2017,900_17_5-1_06-05-17_15Jun17,20170605,20170615,5,1,13,900,30.52271327,24.997,18,2002.66,2067.2,148.65,7.545966229,2038,2038.22,2064.82,2065.01,NEU_16_11_15Jun17,1888.01,2024.34,1904.52,2025.82,1,NEU_16_12_15Jun17,1879.32,2020.02,1904.52,2025.82,2,1883.665,2022.18,1.011071502,1.001800038,2024.832453,2068.727096,7.481146336,7.578,1231.7,1.49,0.95,-0.0320,FALSE,596.26,-59.415,7.533619456,,7.481,7.578,1231.7,1.49,0.95
6/15/2017,900_17_5-2_06-05-17_15Jun17,20170605,20170615,5,2,14,900,30.52271327,24.954,18,1985.98,2082.67,145.42,7.540337711,2038.96,2038.93,2079.86,2079.81,NEU_16_11_15Jun17,1888.01,2024.34,1904.52,2025.82,1,NEU_16_12_15Jun17,1879.32,2020.02,1904.52,2025.82,2,1883.665,2022.18,1.011071502,1.001800038,2007.967781,2083.553736,7.581555367,7.682,957.5,1.87,1.19,-0.1418,FALSE,596.26,-59.415,7.587982833,,7.582,7.682,957.5,1.87,1.19
6/15/2017,900_17_5-3_06-05-17_15Jun17,20170605,20170615,5,3,15,900,30.52271327,24.945999,18.1,1989.71,2074.64,145.95,7.545966229,2027.34,2027.23,2072.61,2072.69,NEU_16_11_15Jun17,1888.01,2024.34,1904.52,2025.82,1,NEU_16_12_15Jun17,1879.32,2020.02,1904.52,2025.82,2,1883.665,2022.18,1.011071502,1.001800038,2011.739077,2076.42092,7.548194885,7.646,1045.2,1.73,1.11,-0.0998,FALSE,596.26,-59.415,7.579062526,,7.548,7.646,1045.2,1.73,1.11
6/14/2017,2800_17_6-1_06-05-17_14Jun17,20170605,20170614,6,1,16,2800,30.52271327,24.907,17.6,2160.32,2113.77,167.55,7.067542214,2172.73,2173.03,2113.42,2113.54,NEU_16_08_14Jun17,1888.89,2024.66,1904.52,2025.82,1,NEU_16_10_14Jun17,1904.94,2023.95,1904.52,2025.82,2,1896.915,2024.305,1.004009141,1.000748405,2168.981028,2115.121784,7.171591282,7.256,2736.8,0.74,0.47,-0.1889,FALSE,596.26,-59.415,7.215517967,,7.172,7.256,2736.8,0.74,0.47
6/6/2017,2800_17_6-2_06-05-17_06Jun17,20170605,20170606,6,2,17,2800,30.52271327,25.054001,17.6,2129.1,2113.17,169.95,7.090056285,2185.14,2185.35,2112.68,2112.87,NEU_15_32_06Jun17,1856.64,2031.38,1886.76,2032.8,1,,1845.36,2031.38,1886.76,2033.8,2,1851,2031.38,1.019319287,1.001191308,2170.232694,2115.38708,7.167070866,7.253,2756.7,0.74,0.47,-0.1634,FALSE,596.26,-59.415,7.175124127,,7.167,7.253,2756.7,0.74,0.47
6/14/2017,2800_17_6-3_06-05-17_15Jun17,20170605,20170615,6,3,18,2800,30.52271327,24.917999,17.6,2159.81,2111.27,168.45,7.095684803,2171.93,2171.48,2111,2111.06,NEU_16_08_14Jun17,1888.89,2024.66,1904.52,2025.82,1,NEU_16_10_14Jun17,1904.94,2023.95,1904.52,2025.82,2,1896.915,2024.305,1.004009141,1.000748405,2168.468983,2112.639928,7.165494442,7.250,2774.6,0.73,0.47,-0.1545,FALSE,596.26,-59.415,7.200370277,,7.165,7.250,2774.6,0.73,0.47
6/15/2017,400_17_1-1_06-09-17_15Jun17,20170609,20170615,1,1,1,400,30.05974492,24.907,17.4,1869.59,2038.75,130.35,7.925287356,1908.24,1908.12,2038.19,2038.25,NEU_16_11_15Jun17,1888.01,2024.34,1904.52,2025.82,1,NEU_16_12_15Jun17,1879.32,2020.02,1904.52,2025.82,2,1883.665,2022.18,1.011071502,1.001800038,1890.289169,2041.918927,7.805575848,7.922,508.9,2.89,1.85,0.0037,FALSE,596.26,-59.415,7.841622486,,7.806,7.922,508.9,2.89,1.85
6/15/2017,400_17_1-2_06-09-17_15Jun17,20170609,20170615,1,2,2,400,30.09363415,24.927999,17.4,1866.85,2034.1,130.9,7.925287356,1914.19,1913.85,2033.15,2033.12,NEU_16_11_15Jun17,1888.01,2024.34,1904.52,2025.82,1,NEU_16_12_15Jun17,1879.32,2020.02,1904.52,2025.82,2,1883.665,2022.18,1.011071502,1.001800038,1887.518833,2036.779692,7.799435616,7.916,515.4,2.85,1.82,0.0097,FALSE,596.26,-59.415,7.832365564,,7.799,7.916,515.4,2.85,1.82
6/15/2017,400_17_1-3_06-09-17_15Jun17,20170609,20170615,1,3,3,400,30.09363415,24.938,17.4,1866.96,2036.02,130.55,7.925287356,1910.1,1909.97,2035.23,2035.21,NEU_16_11_15Jun17,1888.01,2024.34,1904.52,2025.82,1,NEU_16_12_15Jun17,1879.32,2020.02,1904.52,2025.82,2,1883.665,2022.18,1.011071502,1.001800038,1887.630051,2038.873454,7.804073811,7.921,509.3,2.88,1.84,0.0048,FALSE,596.26,-59.415,7.838256333,,7.804,7.921,509.3,2.88,1.84
6/15/2017,400_17_2-1_06-09-17_15Jun17,20170609,20170615,2,1,4,400,30.09363415,24.941,17.2,1868.83,2031.8,131.2,7.948275862,1908.82,1908.56,2031.16,2031.31,NEU_16_11_15Jun17,1888.01,2024.34,1904.52,2025.82,1,NEU_16_12_15Jun17,1879.32,2020.02,1904.52,2025.82,2,1883.665,2022.18,1.011071502,1.001800038,1889.520754,2034.966434,7.789650917,7.909,523.9,2.79,1.78,0.0393,FALSE,596.26,-59.415,7.827316334,,7.790,7.909,523.9,2.79,1.78
6/15/2017,900_17_2-2_06-09-17_15Jun17,20170609,20170615,2,2,5,900,30.09363415,24.943001,17.2,1867.48,1984.91,132.15,7.931034483,1869.66,1869.65,1984.34,1984.35,NEU_16_11_15Jun17,1888.01,2024.34,1904.52,2025.82,1,NEU_16_12_15Jun17,1879.32,2020.02,1904.52,2025.82,2,1883.665,2022.18,1.011071502,1.001800038,1888.155808,1987.921905,7.667673111,7.783,707.7,2.11,1.35,0.1479,FALSE,596.26,-59.415,7.811327106,,7.668,7.783,707.7,2.11,1.35
6/19/2017,400_17_2-3_06-09-17_19Jun17,20170609,20170619,2,3,6,400,30.09363415,24.802,17.2,1870.28,2026.72,134.2,7.948275862,1907.96,1907.62,2026.03,2026.01,NEU_16_13_19Jun17,1890.14,2019.24,1904.52,2025.82,1,NEU_16_15_19Jun17,1909.1,1990.72,1904.52,2025.82,2,1899.62,2004.98,1.002579463,1.010394119,1875.104319,2047.068588,7.856184006,7.975,442.9,3.20,2.04,-0.0266,FALSE,596.26,-59.415,7.776824034,,7.856,7.975,442.9,3.20,2.04
6/19/2017,900_17_3-1_06-09-17_19Jun17,20170609,20170619,3,1,7,900,30.09363415,24.812,16.9,1954.44,2030,149.55,7.632183908,2001.12,2001.36,2029.44,2029.44,NEU_16_13_19Jun17,1890.14,2019.24,1904.52,2025.82,1,NEU_16_15_19Jun17,1909.1,1990.72,1904.52,2025.82,2,1899.62,2004.98,1.002579463,1.010394119,1959.481406,2050.53424,7.63796854,7.755,783.9,2.03,1.30,-0.1228,FALSE,596.26,-59.415,7.518471766,,7.638,7.755,783.9,2.03,1.30
6/19/2017,900_17_3-2_06-09-17_19Jun17,20170609,20170619,3,2,8,900,30.09363415,24.825001,16.9,1947.13,2021.5,154.2,7.632183908,2009.61,2009.85,2021.57,2021.54,NEU_16_13_19Jun17,1890.14,2019.24,1904.52,2025.82,1,NEU_16_15_19Jun17,1909.1,1990.72,1904.52,2025.82,2,1899.62,2004.98,1.002579463,1.010394119,1952.15255,2042.552127,7.636469364,7.754,783.6,2.02,1.29,-0.1214,FALSE,596.26,-59.415,7.440208702,,7.636,7.754,783.6,2.02,1.29
6/19/2017,900_17_3-3_06-09-17_19Jun17,20170609,20170619,3,3,9,900,30.09363415,24.83,16.9,1915.1,2029.69,151.2,7.626436782,2007.88,2007.83,2029.27,2029.28,NEU_16_13_19Jun17,1890.14,2019.24,1904.52,2025.82,1,NEU_16_15_19Jun17,1909.1,1990.72,1904.52,2025.82,2,1899.62,2004.98,1.002579463,1.010394119,1920.03993,2050.372577,7.749576092,7.871,582.9,2.58,1.64,-0.2443,TRUE,596.26,-59.415,7.490701001,,7.491,7.601,1151.3,1.47,0.94
6/19/2017,2800_17_4-1_06-09-17_19Jun17,20170609,20170619,4,1,10,2800,30.09363415,24.843,17.5,1807.05,2042.24,172.3,7.252873563,2124.5,2124.55,2042.67,2042.5,NEU_16_13_19Jun17,1890.14,2019.24,1904.52,2025.82,1,NEU_16_15_19Jun17,1909.1,1990.72,1904.52,2025.82,2,1899.62,2004.98,1.002579463,1.010394119,1811.711219,2063.729987,8.025911331,8.143,282.1,4.47,2.86,0.0000,FALSE,596.26,-59.415,7.135571825,,7.136,7.219,2923.2,0.66,0.42
6/19/2017,2800_17_4-2_06-09-17_19Jun17,20170609,20170619,4,2,11,2800,30.09363415,24.846001,17.5,1714.11,2047.08,172.55,7.218390805,2137.3,2137.68,2047.19,2047.17,NEU_16_13_19Jun17,1890.14,2019.24,1904.52,2025.82,1,NEU_16_15_19Jun17,1909.1,1990.72,1904.52,2025.82,2,1899.62,2004.98,1.002579463,1.010394119,1718.531484,2068.448528,8.19965744,8.319,170.2,6.07,3.88,0.0000,FALSE,596.26,-59.415,7.131364134,,7.131,7.215,2960.4,0.65,0.42
6/19/2017,2800_17_4-3_06-09-17_19Jun17,20170609,20170619,4,3,12,2800,30.09363415,24.861,17.5,1341.69,2024.38,177.4,7.24137931,2147.03,2146.97,2024.59,2024.52,NEU_16_13_19Jun17,1890.14,2019.24,1904.52,2025.82,1,NEU_16_15_19Jun17,1909.1,1990.72,1904.52,2025.82,2,1899.62,2004.98,1.002579463,1.010394119,1345.15084,2045.563101,8.707448006,8.835,30.7,11.77,7.52,0.0000,FALSE,596.26,-59.415,7.049734915,,7.050,7.130,3577.8,0.53,0.34
6/19/2017,900_17_5-1_06-09-17_19Jun17,20170609,20170619,5,1,13,900,30.09363415,24.84,17.4,1248.86,2029.79,149.65,7.701149425,2004.09,2004.44,2029.08,2029.13,NEU_16_13_19Jun17,1890.14,2019.24,1904.52,2025.82,1,NEU_16_15_19Jun17,1909.1,1990.72,1904.52,2025.82,2,1899.62,2004.98,1.002579463,1.010394119,1252.081388,2050.221018,8.843272209,8.976,18.2,13.32,8.50,0.0000,FALSE,596.26,-59.415,7.51678869,,7.517,7.621,1096.7,1.57,1.00
6/19/2017,900_17_5-2_06-09-17_19Jun17,20170609,20170619,5,2,14,900,30.09363415,24.825001,17.4,1060.51,2030.64,150.25,7.683908046,2002.62,2002.51,2030.29,2030.3,NEU_16_13_19Jun17,1890.14,2019.24,1904.52,2025.82,1,NEU_16_15_19Jun17,1909.1,1990.72,1904.52,2025.82,2,1899.62,2004.98,1.002579463,1.010394119,1063.245547,2051.403179,9.142408371,9.293,5.1,16.03,10.23,0.0000,FALSE,596.26,-59.415,7.50669023,,7.507,7.611,1127.1,1.53,0.98
6/21/2017,900_17_5-3_06-09-17_21Jun17,20170609,20170621,5,3,15,900,30.09363415,25.028,17.4,1993.76,2030.45,151.15,7.67816092,2003.16,2002.62,2030.36,2030.56,NEU_16_18_21Jun17,1887.68,2016.34,1904.52,2025.82,1,NEU_16_19_21Jun17,1897.18,2018.74,1904.52,2025.82,2,1892.43,2017.54,1.006388611,1.004104008,2006.497358,2038.893434,7.447770119,7.552,1295.6,1.34,0.86,0.1266,FALSE,596.26,-59.415,7.49154254,,7.448,7.552,1295.6,1.34,0.86
6/21/2017,2800_17_6-1_06-09-17_21Jun17,20170609,20170621,6,1,16,2800,30.12752337,25.063999,17,2123.54,2048.76,172.4,7.264367816,2135.32,2135.14,2048.96,2048.91,NEU_16_18_21Jun17,1887.68,2016.34,1904.52,2025.82,1,NEU_16_19_21Jun17,1897.18,2018.74,1904.52,2025.82,2,1892.43,2017.54,1.006388611,1.004104008,2137.106472,2057.318743,7.092822552,7.183,3166.9,0.59,0.38,0.0816,FALSE,596.26,-59.415,7.133888749,,7.093,7.183,3166.9,0.59,0.38
6/21/2017,2800_17_6-2_06-09-17_21Jun17,20170609,20170621,6,2,17,2800,30.09363415,25.056999,17,2111.91,2054.04,171.45,7.270114943,2135.01,2134.94,2054.25,2054.38,NEU_16_18_21Jun17,1887.68,2016.34,1904.52,2025.82,1,NEU_16_19_21Jun17,1897.18,2018.74,1904.52,2025.82,2,1892.43,2017.54,1.006388611,1.004104008,2125.402172,2062.811192,7.142336369,7.234,2809.2,0.67,0.42,0.0356,FALSE,596.26,-59.415,7.149877977,,7.142,7.234,2809.2,0.67,0.42
6/21/2017,2800_17_6-3_06-09-17_21Jun17,20170609,20170621,6,3,18,2800,30.09363415,25.044001,17,2096.5,2048.85,170.05,7.252873563,2118.72,2118.21,2049.01,2049.21,NEU_16_18_21Jun17,1887.68,2016.34,1904.52,2025.82,1,NEU_16_19_21Jun17,1897.18,2018.74,1904.52,2025.82,2,1892.43,2017.54,1.006388611,1.004104008,2109.893724,2057.619974,7.172418118,7.266,2600.0,0.71,0.45,-0.0131,FALSE,596.26,-59.415,7.17344105,,7.172,7.266,2600.0,0.71,0.45
12/1/2017,400_17_1-1_06-23-17_01Dec17,20170623,20171201,1,1,1,400,30.98172827,24.979,17.1,1960.11,2147.75,132.8,7.935361217,2025.02,2024.55,2144.76,2144.66,NEU_20_12_01Dec17,2016.01,2151.1,2034.478856,2135.608489,1,NEU_20_13_01Dec17,2005.82,2146.03,2034.478856,2135.608489,2,2010.915,2148.565,1.011717977,0.993969691,1983.078524,2131.727037,7.77416563,7.895,565.0,2.88,1.84,0.0399,FALSE,596.26,-59.415,7.800387108,,7.774,7.895,565.0,2.88,1.84
12/1/2017,400_17_1-2_06-23-17_01Dec17,20170623,20171201,1,2,2,400,31.08166933,25.01,17.1,2022.32,2148.06,143.15,7.912547529,2085.53,2085.26,2145.78,2145.88,NEU_20_12_01Dec17,2016.01,2151.1,2034.478856,2135.608489,1,NEU_20_13_01Dec17,2005.82,2146.03,2034.478856,2135.608489,2,2010.915,2148.565,1.011717977,0.993969691,2046.0175,2132.93968,7.605048656,7.721,883.6,2.02,1.29,0.0000,FALSE,596.26,-59.415,,7.753461325,7.753,7.875,596.3,2.77,1.77
12/1/2017,400_17_1-3_06-23-17_01Dec17,20170623,20171201,1,3,3,400,31.08166933,25.004999,17.1,1953.22,2144.91,131.65,7.941064639,2016.77,2016.66,2141.77,2141.78,NEU_20_12_01Dec17,2016.01,2151.1,2034.478856,2135.608489,1,NEU_20_13_01Dec17,2005.82,2146.03,2034.478856,2135.608489,2,2010.915,2148.565,1.011717977,0.993969691,1976.107787,2128.864405,7.783055782,7.905,549.9,2.93,1.88,0.0360,FALSE,596.26,-59.415,7.819742489,,7.783,7.905,549.9,2.93,1.88
6/28/2017,400_17_2_1_06_23_17_28Jun2017,20170623,20170628,2,1,4,400,31.08166933,25.063999,16.9,1976.91,2132.17,132.6,7.941064639,1998.41,1998.39,2132.29,2132.25,NEU_16_20_28Jun2017,1898.29,2008.55,1904.52,2025.82,1,NEU_16_21_28Jun2017,1900.1,2014.25,1904.52,2025.82,2,1899.195,2011.4,1.00280382,1.007169136,1982.452899,2147.53639,7.809689999,7.936,510.7,3.13,2.00,0.0046,FALSE,596.26,-59.415,7.803753261,,7.810,7.936,510.7,3.13,2.00
6/28/2017,400_17_2_2_06_23_17_28Jun2017,20170623,20170628,2,2,5,400,31.08166933,25.098,16.9,1976.73,2131.25,132.75,7.946768061,1993.52,1993.48,2131.53,2131.45,NEU_16_20_28Jun2017,1898.29,2008.55,1904.52,2025.82,1,NEU_16_21_28Jun2017,1900.1,2014.25,1904.52,2025.82,2,1899.195,2011.4,1.00280382,1.007169136,1982.272394,2146.730655,7.807788372,7.935,512.4,3.12,1.99,0.0117,FALSE,596.26,-59.415,7.801228646,,7.808,7.935,512.4,3.12,1.99
6/28/2017,400_17_2_3_06_23_17_28Jun2017,20170623,20170628,2,3,6,400,31.08166933,25.066999,16.9,1975.06,2132.4,132.35,7.946768061,1993.43,1993.45,2132.8,2132.69,NEU_16_20_28Jun2017,1898.29,2008.55,1904.52,2025.82,1,NEU_16_21_28Jun2017,1900.1,2014.25,1904.52,2025.82,2,1899.195,2011.4,1.00280382,1.007169136,1980.597712,2147.979544,7.815029144,7.942,503.4,3.16,2.02,0.0048,FALSE,596.26,-59.415,7.807960953,,7.815,7.942,503.4,3.16,2.02
12/1/2017,900_17_3-1_06-23-17_01Dec17,20170623,20171201,3,1,7,900,31.08166933,24.964001,16.8,2048.14,2155.43,148.25,7.650190114,2118.7,2119.29,2153.45,2153.32,NEU_20_12_01Dec17,2016.01,2151.1,2034.478856,2135.608489,1,NEU_20_13_01Dec17,2005.82,2146.03,2034.478856,2135.608489,2,2010.915,2148.565,1.011717977,0.993969691,2072.140058,2140.334815,7.549315453,7.666,1015.6,1.79,1.14,-0.0163,FALSE,596.26,-59.415,7.540351763,,7.549,7.666,1015.6,1.79,1.14
12/1/2017,900_17_3-2_06-23-17_01Dec17,20170623,20171201,3,2,8,900,30.98172827,24.927999,16.8,2047.98,2148.52,147.95,7.661596958,2105.31,2105.44,2147.12,2147.01,NEU_20_12_01Dec17,2016.01,2151.1,2034.478856,2135.608489,1,NEU_20_13_01Dec17,2005.82,2146.03,2034.478856,2135.608489,2,2010.915,2148.565,1.011717977,0.993969691,2071.978183,2134.062866,7.532496452,7.648,1060.2,1.71,1.09,0.0133,FALSE,596.26,-59.415,7.545400993,,7.532,7.648,1060.2,1.71,1.09
12/12/2017,900_17_3-3_06-23-17_12Dec17,20170623,20171212,3,3,9,900,30.98172827,24.985001,16.8,2061.05,2154.03,144.5,7.66730038,2100.48,2100.51,2154.03,2151.67,NEU_20_19_12Dec17,2043.04,2141.93,2034.478856,2135.608489,1,NEU_20_20_12Dec17,2037.47,2144.59,2034.478856,2135.608489,2,2040.255,2143.26,0.997168911,0.996429966,2055.214983,2143.988465,7.611142159,7.731,864.9,2.05,1.31,-0.0642,FALSE,596.26,-59.415,7.603467138,,7.611,7.731,864.9,2.05,1.31
6/29/2017,2800_17_4_1_06_23_17_29Jun2017,20170623,20170629,4,1,10,2800,31.08166933,24.634001,16.5,2164.38,2147.14,172.05,7.256653992,2230.22,2229.17,2148.78,2148.92,NEU_16_22_29Jun2017,1899,2012.23,1904.52,2025.82,1,NEU_16_23_29Jun2017,1899,2014.89,1904.52,2025.82,2,1899,2013.56,1.002906793,1.006088718,2170.671405,2162.004169,7.311322212,7.414,1900.5,1.04,0.66,-0.1577,FALSE,596.26,-59.415,7.139779517,,7.311,7.414,1900.5,1.04,0.66
6/29/2017,2800_17_4_2_06_23_17_29Jun2017,20170623,20170629,4,2,11,2800,31.04835564,24.972,16.5,2164.53,2146.75,171.45,7.256653992,2230.26,2230.89,2148.22,2148.2,NEU_16_22_29Jun2017,1899,2012.23,1904.52,2025.82,1,NEU_16_23_29Jun2017,1899,2014.89,1904.52,2025.82,2,1899,2013.56,1.002906793,1.006088718,2170.821841,2161.279785,7.30466032,7.412,1912.4,1.03,0.66,-0.1550,FALSE,596.26,-59.415,7.149877977,,7.305,7.412,1912.4,1.03,0.66
6/29/2017,2800_17_4_3_06_23_17_29Jun2017,20170623,20170629,4,3,12,2800,31.08166933,24.99,16.5,2164.26,2146.62,171.3,7.25095057,2227.22,2227.53,2148.28,2148.32,NEU_16_22_29Jun2017,1899,2012.23,1904.52,2025.82,1,NEU_16_23_29Jun2017,1899,2014.89,1904.52,2025.82,2,1899,2013.56,1.002906793,1.006088718,2170.551056,2161.400516,7.305388451,7.413,1907.4,1.03,0.66,-0.1617,FALSE,596.26,-59.415,7.152402592,,7.305,7.413,1907.4,1.03,0.66
6/29/2017,900_17_5_1_06_23_17_29Jun2017,20170623,20170629,5,1,13,900,31.08166933,24.974001,16.8,2023.97,2134.1,147.9,7.684410646,2086.09,2086.56,2135.03,2134.97,NEU_16_22_29Jun2017,1899,2012.23,1904.52,2025.82,1,NEU_16_23_29Jun2017,1899,2014.89,1904.52,2025.82,2,1899,2013.56,1.002906793,1.006088718,2029.853262,2147.969231,7.692050457,7.815,699.5,2.44,1.56,-0.1310,FALSE,596.26,-59.415,7.546242531,,7.692,7.815,699.5,2.44,1.56
6/29/2017,900_17_5_2_06_23_17_29Jun2017,20170623,20170629,5,2,14,900,31.1482967,25.01,16.8,2027.6,2134.58,147.85,7.684410646,2088.44,2088.64,2135.24,2135.15,NEU_16_22_29Jun2017,1899,2012.23,1904.52,2025.82,1,NEU_16_23_29Jun2017,1899,2014.89,1904.52,2025.82,2,1899,2013.56,1.002906793,1.006088718,2033.493814,2148.150327,7.681343555,7.805,718.3,2.39,1.53,-0.1205,FALSE,596.26,-59.415,7.54708407,,7.681,7.805,718.3,2.39,1.53
6/29/2017,900_17_5_3_06_23_17_29Jun2017,20170623,20170629,5,3,15,900,31.08166933,24.969,16.8,2026.68,2137.13,147.75,7.707224335,2086.59,2086.67,2138.34,2138.23,NEU_16_22_29Jun2017,1899,2012.23,1904.52,2025.82,1,NEU_16_23_29Jun2017,1899,2014.89,1904.52,2025.82,2,1899,2013.56,1.002906793,1.006088718,2032.571139,2151.249081,7.693318367,7.817,698.4,2.45,1.57,-0.1095,FALSE,596.26,-59.415,7.548767146,,7.693,7.817,698.4,2.45,1.57
6/28/2017,2800_17_6_1_06_23_17_28Jun2017,20170623,20170628,6,1,16,2800,31.08166933,24.337999,16.7,2213.25,2149.77,171.75,7.285171103,2232.86,2230.04,2151.49,2151.84,NEU_16_20_28Jun2017,1898.29,2008.55,1904.52,2025.82,1,NEU_16_21_28Jun2017,1900.1,2014.25,1904.52,2025.82,2,1899.195,2011.4,1.00280382,1.007169136,2219.455554,2167.266833,7.183652401,7.273,2674.6,0.77,0.49,0.0119,FALSE,596.26,-59.415,7.144828747,,7.184,7.273,2674.6,0.77,0.49
6/28/2017,2800_17_6_2_06_23_17_28Jun2017,20170623,20170628,6,2,17,2800,31.08166933,25.046,16.7,2209.97,2156.61,170.35,7.262357414,2237.14,2237.53,2158.01,2157.99,NEU_16_20_28Jun2017,1898.29,2008.55,1904.52,2025.82,1,NEU_16_21_28Jun2017,1900.1,2014.25,1904.52,2025.82,2,1899.195,2011.4,1.00280382,1.007169136,2216.166357,2173.460924,7.203526497,7.303,2499.6,0.82,0.52,-0.0404,FALSE,596.26,-59.415,7.16839182,,7.204,7.303,2499.6,0.82,0.52
6/28/2017,2800_17_6_3_06_23_17_28Jun2017,20170623,20170628,6,3,18,2800,31.08166933,25.09,16.7,2213.31,2149.58,171.5,7.273764259,2232.85,2233.21,2151.1,2151.03,NEU_16_20_28Jun2017,1898.29,2008.55,1904.52,2025.82,1,NEU_16_21_28Jun2017,1900.1,2014.25,1904.52,2025.82,2,1899.195,2011.4,1.00280382,1.007169136,2219.515722,2166.451026,7.172462463,7.271,2690.9,0.76,0.49,0.0032,FALSE,596.26,-59.415,7.149036439,,7.172,7.271,2690.9,0.76,0.49
7/13/2017,400_17_1-1_06-30-17_13Jul17,20170630,20170713,1,1,1,400,31.246139,24.995001,17.4,1974.26,2143.48,129,7.952471483,1989.51,1989.5,2140.69,2140.66,NEU_16_28_13Jul2017,1895.76,2010.38,1904.52,2025.82,1,NEU_29_13Jul17,1913.8,2012.33,1904.52,2025.82,2,1904.78,2011.355,0.999863501,1.007191669,1973.990516,2156.054919,7.84693861,7.966,474.3,3.39,2.17,-0.0131,FALSE,596.26,-59.415,7.864344021,,7.847,7.966,474.3,3.39,2.17
12/1/2017,400_17_2-1_06-30-17_01Dec17,20170630,20171201,2,1,4,400,31.34618,24.905001,17,1954.09,2156.99,130.45,7.946768061,2009.29,2008.99,2154.43,2153.91,NEU_20_12_01Dec17,2016.01,2151.1,2034.478856,2135.608489,1,NEU_20_13_01Dec17,2005.82,2146.03,2034.478856,2135.608489,2,2010.915,2148.565,1.011717977,0.993969691,1976.987982,2140.921257,7.806880474,7.930,517.5,3.10,1.98,0.0172,FALSE,596.26,-59.415,7.839939409,,7.807,7.930,517.5,3.10,1.98
8/30/2017,900_17_3-1_06-30-17_30Aug17,20170630,20170830,3,1,7,900,31.312833,24.927999,18.3,2076.18,2140.39,147.95,7.684410646,2094.75,2095.39,2138.35,2138.13,NEU_18_01_30Aug17,1974.96,2117.59,1988.445028,2124.610945,1,NEU_18_02_30Aug17,1994.78,2118.09,1988.445028,2124.610945,2,1984.87,2117.84,1.00180114,1.003197099,2079.91949,2144.965814,7.537513256,7.631797429,1113.747563,1.770208913,1.136550612,0.0526,FALSE,596.26,-59.415,7.545400993,,7.538,7.632,1113.7,1.77,1.14
7/13/2017,2800_17_4-1_063017_13Jul2017,20170630,20170713,4,1,10,2800,31.312833,24.646999,17.4,2227.87,2159.92,173.9,7.211026616,2247.43,2246.3,2158.56,2158.67,NEU_16_28_13Jul2017,1895.76,2010.38,1904.52,2025.82,1,NEU_29_13Jul17,1913.8,2012.33,1904.52,2025.82,2,1904.78,2011.355,0.999863501,1.007191669,2227.565899,2174.194441,7.175700665,7.260,2774.4,0.77,0.49,-0.0493,FALSE,596.26,-59.415,7.108642599,,7.176,7.260,2774.4,0.77,0.49
7/13/2017,2800_17_4-2_063017_13Jul2017,20170630,20170713,4,2,11,2800,31.312833,24.856001,17.4,2187.8,2158.47,166.2,7.182509506,2202.18,2202.44,2156.86,2156.95,NEU_16_28_13Jul2017,1895.76,2010.38,1904.52,2025.82,1,NEU_29_13Jul17,1913.8,2012.33,1904.52,2025.82,2,1904.78,2011.355,0.999863501,1.007191669,2187.501368,2172.462071,7.287305355,7.380,2079.6,1.01,0.64,-0.1978,FALSE,596.26,-59.415,7.238239502,,7.287,7.380,2079.6,1.01,0.64
7/13/2017,2800_17_4-3_06-30-17_13Jul17,20170630,20170713,4,3,12,2800,31.312833,24.843,17.4,2215.57,2160.15,171.6,7.19391635,2232.84,2232.65,2158.76,2158.91,NEU_16_28_13Jul2017,1895.76,2010.38,1904.52,2025.82,1,NEU_29_13Jul17,1913.8,2012.33,1904.52,2025.82,2,1904.78,2011.355,0.999863501,1.007191669,2215.267578,2174.436167,7.209754944,7.298,2533.4,0.84,0.54,-0.1045,FALSE,596.26,-59.415,7.147353362,,7.210,7.298,2533.4,0.84,0.54
8/30/2017,900_17_5-1_06-30-17_30Aug17,20170630,20170830,5,1,13,900,31.312833,25,17.5,2069.14,2142.7,147.25,7.673003802,2090.87,2091.23,2140.88,2140.7,NEU_18_01_30Aug17,1974.96,2117.59,1988.445028,2124.610945,1,NEU_18_02_30Aug17,1994.78,2118.09,1988.445028,2124.610945,2,1984.87,2117.84,1.00180114,1.003197099,2072.86681,2147.544031,7.565430164,7.673660161,1001.894228,1.876891135,1.202748345,-0.0007,FALSE,596.26,-59.415,7.55718253,,7.565,7.674,1001.9,1.88,1.20
7/13/2017,2800_17_6-1_06-30-17_13Jul17,20170630,20170713,6,1,16,2800,31.312833,24.851,17.3,2211.13,2170.38,168.8,7.19391635,2225.98,2226.06,2169.06,2169.06,NEU_16_28_13Jul2017,1895.76,2010.38,1904.52,2025.82,1,NEU_29_13Jul17,1913.8,2012.33,1904.52,2025.82,2,1904.78,2011.355,0.999863501,1.007191669,2210.828184,2184.659162,7.254037857,7.346,2267.9,0.93,0.60,-0.1525,FALSE,596.26,-59.415,7.194479509,,7.254,7.346,2267.9,0.93,0.60
7/13/2017,2800_17_6-2_06-30-17_13Jul17,20170630,20170713,6,2,17,2800,31.34618,24.875999,17.3,2203.29,2169.81,167.05,7.199619772,2222.94,2222.91,2168.14,2168.2,NEU_16_28_13Jul2017,1895.76,2010.38,1904.52,2025.82,1,NEU_29_13Jul17,1913.8,2012.33,1904.52,2025.82,2,1904.78,2011.355,0.999863501,1.007191669,2202.989254,2183.792977,7.274590492,7.368,2149.8,0.98,0.63,-0.1688,FALSE,596.26,-59.415,7.22393335,,7.275,7.368,2149.8,0.98,0.63
7/13/2017,2800_17_6-3_06-30-17_13Jul17,20170630,20170713,6,3,18,2800,31.312833,24.924999,17.3,2251.48,2170.64,172.5,7.19391635,2265.08,2264.74,2168.9,2168.97,NEU_16_28_13Jul2017,1895.76,2010.38,1904.52,2025.82,1,NEU_29_13Jul17,1913.8,2012.33,1904.52,2025.82,2,1904.78,2011.355,0.999863501,1.007191669,2251.172676,2184.568515,7.136607647,7.224,3038.9,0.71,0.46,-0.0300,FALSE,596.26,-59.415,7.132205672,,7.137,7.224,3038.9,0.71,0.46
8/15/2017,400_17_1-1_07-12-17_15Aug17,20170712,20170815,1,1,1,400,31.14389489,25.121,17.3,1977.37,2139.71,132.6,7.824299065,2016.14,2016.87,2137.4,2137.18,NEU_17_21_15Aug17,1945.63,2073.27,1972,2091.64,1,NEU_17_22_15Aug17,1951.8,2076.44,1972,2091.64,2,1948.715,2074.855,1.0119489,1.008089722,2000.997396,2154.469192,7.77921772,7.900,564.2,2.96,1.90,-0.0755,FALSE,596.26,-59.415,7.803753261,,7.779,7.900,564.2,2.96,1.90
8/15/2017,400_17_1-2_07-12-17_15Aug17,20170712,20170815,1,2,2,400,31.14389489,25.08,17.3,1951.75,2139.23,128.35,7.818691589,1979.33,1980.12,2137.27,2137.07,NEU_17_21_15Aug17,1945.63,2073.27,1972,2091.64,1,NEU_17_22_15Aug17,1951.8,2076.44,1972,2091.64,2,1948.715,2074.855,1.0119489,1.008089722,1975.071265,2154.358302,7.840847492,7.962,478.5,3.35,2.14,-0.1436,FALSE,596.26,-59.415,7.875284019,,7.841,7.962,478.5,3.35,2.14
8/15/2017,400_17_1-3_07-12-17_15Aug17,20170712,20170815,1,3,3,400,31.14389489,25.062,17.4,1997,2141.82,134.75,7.824299065,2023.21,2023.89,2140.31,2140.1,NEU_17_21_15Aug17,1945.63,2073.27,1972,2091.64,1,NEU_17_22_15Aug17,1951.8,2076.44,1972,2091.64,2,1948.715,2074.855,1.0119489,1.008089722,2020.861953,2157.412814,7.737446308,7.854,636.1,2.72,1.74,-0.0301,FALSE,596.26,-59.415,7.767567113,,7.737,7.854,636.1,2.72,1.74
8/14/2017,400_17_2-1_07-12-17_14Aug17,20170712,20170814,2,1,4,400,31.24403604,25.08,17,1953.06,2132.52,131.5,7.773831776,1995.08,1995.08,2129.6,2129.6,NEU_17_19_14Aug17,1947.33,2080.8,1972,2091.64,1,NEU_17_20_14Aug17,1937.75,2080.39,1972,2091.64,2,1942.54,2080.595,1.015165711,1.005308578,1982.679543,2140.905147,7.791793346,7.917,535.5,3.02,1.93,-0.1430,FALSE,596.26,-59.415,7.822267104,,7.792,7.917,535.5,3.02,1.93
8/15/2017,400_17_2-2_07-12-17_15Aug17,20170712,20170815,2,2,5,400,31.21065566,25.09,17,1961.84,2133.23,131.05,7.773831776,1989.26,1989.65,2131.39,2131.43,NEU_17_21_15Aug17,1945.63,2073.27,1972,2091.64,1,NEU_17_22_15Aug17,1951.8,2076.44,1972,2091.64,2,1948.715,2074.855,1.0119489,1.008089722,1985.281829,2148.672676,7.803504467,7.929,520.7,3.10,1.98,-0.1551,FALSE,596.26,-59.415,7.829840949,,7.804,7.929,520.7,3.10,1.98
8/15/2017,400_17_2-3_07-12-17_15Aug17,20170712,20170815,2,3,6,400,31.21065566,25.143999,17,1954.62,2133.8,130.7,7.773831776,1990.17,1990.5,2131.73,2131.73,NEU_17_21_15Aug17,1945.63,2073.27,1972,2091.64,1,NEU_17_22_15Aug17,1951.8,2076.44,1972,2091.64,2,1948.715,2074.855,1.0119489,1.008089722,1977.975558,2148.975103,7.820593834,7.947,496.2,3.21,2.06,-0.1735,FALSE,596.26,-59.415,7.835731718,,7.821,7.947,496.2,3.21,2.06
8/11/2017,900_17_3-1_07-12-17_11Aug17,20170712,20170811,3,1,7,900,31.14389489,25.059,17,2064.25,2150.16,146.65,7.504672897,2099.86,2100.34,2148.26,2148.25,NEU_17_03_11Aug17,1955.39,2079.67,1972,2091.64,1,NEU_17_04_11Aug17,1948.34,2090.84,1972,2091.64,2,1951.865,2085.255,1.010315775,1.003061976,2085.544338,2154.827889,7.549833775,7.666,1025.3,1.81,1.16,-0.1609,FALSE,596.26,-59.415,7.56728099,,7.550,7.666,1025.3,1.81,1.16
8/14/2017,900_17_3-2_07-12-17_14Aug17,20170712,20170814,3,2,8,900,31.14389489,24.874001,17.3,2046.49,2141.18,147.05,7.487850467,2090.26,2090.06,2139.49,2139.42,NEU_17_19_14Aug17,1947.33,2080.8,1972,2091.64,1,NEU_17_20_14Aug17,1937.75,2080.39,1972,2091.64,2,1942.54,2080.595,1.015165711,1.005308578,2077.526476,2150.777277,7.564594746,7.674,1003.4,1.86,1.19,-0.1860,FALSE,596.26,-59.415,7.560548683,,7.565,7.674,1003.4,1.86,1.19
8/11/2017,900_17_3-3_07-12-17_11Aug17,20170712,20170811,3,3,9,900,31.24403604,25.142,17.2,2065.56,2144.99,147.5,7.504672897,2097.33,2097.65,2143.21,2143.05,NEU_17_03_11Aug17,1955.39,2079.67,1972,2091.64,1,NEU_17_04_11Aug17,1948.34,2090.84,1972,2091.64,2,1951.865,2085.255,1.010315775,1.003061976,2086.867852,2149.611967,7.528020382,7.641,1087.5,1.73,1.11,-0.1363,FALSE,596.26,-59.415,7.552974838,,7.528,7.641,1087.5,1.73,1.11
8/11/2017,2800_17_4-1_07-12-17_11Aug17,20170712,20170811,4,1,10,2800,31.14389489,25.075001,17.6,2217.78,2168.21,172.65,7.039252336,2268.38,2269.07,2166.57,2166.49,NEU_17_03_11Aug17,1955.39,2079.67,1972,2091.64,1,NEU_17_04_11Aug17,1948.34,2090.84,1972,2091.64,2,1951.865,2085.255,1.010315775,1.003061976,2240.658119,2173.12374,7.132373333,7.218,3075.3,0.71,0.45,-0.1784,FALSE,596.26,-59.415,7.129681057,,7.132,7.218,3075.3,0.71,0.45
8/11/2017,2800_17_4-2_07-12-17_11Aug17,20170712,20170811,4,2,11,2800,31.14389489,24.99,17.7,2204.88,2168.76,169.75,7.03364486,2244.14,2244.38,2167.47,2167.34,NEU_17_03_11Aug17,1955.39,2079.67,1972,2091.64,1,NEU_17_04_11Aug17,1948.34,2090.84,1972,2091.64,2,1951.865,2085.255,1.010315775,1.003061976,2227.625046,2173.976342,7.17216444,7.257,2802.2,0.77,0.50,-0.2234,TRUE,596.26,-59.415,7.17849028,,7.172,7.257,2802.2,0.77,0.50
8/11/2017,2800_17_4-3_07-12-17_11Aug17,20170712,20170811,4,3,12,2800,31.14389489,24.943001,17.6,2180.91,2167.96,165.9,7.05046729,2221.88,2222.91,2166.38,2166.22,NEU_17_03_11Aug17,1955.39,2079.67,1972,2091.64,1,NEU_17_04_11Aug17,1948.34,2090.84,1972,2091.64,2,1951.865,2085.255,1.010315775,1.003061976,2203.407777,2172.852913,7.240301609,7.329,2355.6,0.90,0.58,-0.2788,TRUE,596.26,-59.415,7.243288732,,7.240,7.329,2355.6,0.90,0.58
8/14/2017,900_17_5-1_07-12-17_14Aug17,20170712,20170814,5,1,13,900,31.17727528,25.035999,17,2052.37,2140.76,146.7,7.504672897,2079.23,2080.06,2139.67,2139.52,NEU_17_19_14Aug17,1947.33,2080.8,1972,2091.64,1,NEU_17_20_14Aug17,1937.75,2080.39,1972,2091.64,2,1942.54,2080.595,1.015165711,1.005308578,2083.49565,2150.877808,7.544257164,7.659,1039.1,1.79,1.14,-0.1547,FALSE,596.26,-59.415,7.566439451,,7.544,7.659,1039.1,1.79,1.14
8/14/2017,900_17_5-2_07-12-17_14Aug17,20170712,20170814,5,2,14,900,31.24403604,24.598,16.9,2049.13,2139.67,147.15,7.510280374,2083.14,2081.7,2138.32,2138.41,NEU_17_19_14Aug17,1947.33,2080.8,1972,2091.64,1,NEU_17_20_14Aug17,1937.75,2080.39,1972,2091.64,2,1942.54,2080.595,1.015165711,1.005308578,2080.206513,2149.761915,7.556317806,7.667,1018.1,1.81,1.16,-0.1568,FALSE,596.26,-59.415,7.558865606,,7.556,7.667,1018.1,1.81,1.16
8/14/2017,900_17_5-3_07-12-17_14Aug17,20170712,20170814,5,3,15,900,31.24403604,25.023001,16.9,2048.58,2140.36,146.95,7.499065421,2090.56,2091.19,2138.36,2138.16,NEU_17_19_14Aug17,1947.33,2080.8,1972,2091.64,1,NEU_17_20_14Aug17,1937.75,2080.39,1972,2091.64,2,1942.54,2080.595,1.015165711,1.005308578,2079.648172,2149.510588,7.551288128,7.668,1015.4,1.81,1.16,-0.1690,FALSE,596.26,-59.415,7.56223176,,7.551,7.668,1015.4,1.81,1.16
8/15/2017,2800_17_6-1_07-12-17_15Aug17,20170712,20170815,6,1,16,2800,31.24403604,25.054001,18.1,2233.72,2172.04,170.55,6.98317757,2253.78,2254.54,2171.24,2171.18,NEU_17_21_15Aug17,1945.63,2073.27,1972,2091.64,1,NEU_17_22_15Aug17,1951.8,2076.44,1972,2091.64,2,1948.715,2074.855,1.0119489,1.008089722,2260.410496,2188.744242,7.122344971,7.201,3228.2,0.70,0.45,-0.2180,TRUE,596.26,-59.415,7.165025667,,7.122,7.201,3228.2,0.70,0.45
8/15/2017,2800_17_6-2_07-12-17_15Aug17,20170712,20170815,6,2,17,2800,31.24403604,25.063999,18,2185.26,2174.96,163.05,6.994392523,2216.45,2216.45,2173.69,2173.69,NEU_17_21_15Aug17,1945.63,2073.27,1972,2091.64,1,NEU_17_22_15Aug17,1951.8,2076.44,1972,2091.64,2,1948.715,2074.855,1.0119489,1.008089722,2211.371452,2191.274548,7.270777702,7.358,2221.0,0.99,0.63,-0.3635,TRUE,596.26,-59.415,7.122235225,,7.122,7.202,3221.4,0.70,0.45
8/15/2017,2800_17_6-3_07-12-17_15Aug17,20170712,20170815,6,3,18,2800,31.24403604,25.062,18.1,2242.59,2172.46,172.65,6.98317757,2267.98,2268.72,2171.56,2171.47,NEU_17_21_15Aug17,1945.63,2073.27,1972,2091.64,1,NEU_17_22_15Aug17,1951.8,2076.44,1972,2091.64,2,1948.715,2074.855,1.0119489,1.008089722,2269.386483,2189.036588,7.099285603,7.177,3417.1,0.66,0.43,-0.1941,FALSE,596.26,-59.415,7.129681057,,7.099,7.177,3417.1,0.66,0.43
12/1/2017,400_17_1-1_07-21-17_01Dec17,20170721,20171201,1,1,1,400,31.04375375,24.955999,18.5,2022.09,2157.26,142.45,7.792134831,2083.53,2083.75,2155.33,2154.36,NEU_20_12_01Dec17,2016.01,2151.1,2034.478856,2135.608489,1,NEU_20_13_01Dec17,2005.82,2146.03,2034.478856,2135.608489,2,2010.915,2148.565,1.011717977,0.993969691,2045.784804,2141.368543,7.630703449,7.726,880.0,2.16,1.39,0.0663,FALSE,596.26,-59.415,7.63797021,,7.631,7.726,880.0,2.16,1.39
8/16/2017,400_17_1-2_07-21-17_16Aug17,20170721,20170816,1,2,2,400,31.04375375,25.052,18.5,1958.02,2137.35,130.05,7.792134831,1974.61,1974.88,2135.33,2135.27,NEU_17_23_16Aug17,1957.02,2082.54,1972,2091.64,1,NEU_17_24_16Aug17,1955.81,2079.86,1972,2091.64,2,1956.415,2081.2,1.007966101,1.005016337,1973.617786,2145.981233,7.827676773,7.929,520.8,3.26,2.09,-0.1372,FALSE,596.26,-59.415,7.846671716,,7.828,7.929,520.8,3.26,2.09
8/16/2017,400_17_1-3_07-21-17_16Aug17,20170721,20170816,1,3,3,400,31.04375375,25.025999,18.5,1959.47,2138.2,129.7,7.797752809,1976.65,1977.25,2136.04,2135.87,NEU_17_23_16Aug17,1957.02,2082.54,1972,2091.64,1,NEU_17_24_16Aug17,1955.81,2079.86,1972,2091.64,2,1956.415,2081.2,1.007966101,1.005016337,1975.079336,2146.584243,7.825992107,7.927,523.9,3.25,2.09,-0.1295,FALSE,596.26,-59.415,7.852562484,,7.826,7.927,523.9,3.25,2.09
8/2/2017,400_17_2-1_07-21-17_02Aug17,20170721,20170802,2,1,4,400,30.84347147,24.737,18.3,1945.4,2123.72,129.85,7.792134831,1978.89,1978.06,2121.25,2121.29,NEU_17_01_02Aug17,1953.42,2078.61,1972,2091.64,1,NEU_17_02_02Aug17,1954.34,2085.2,1972,2091.64,2,1953.88,2081.905,1.009273855,1.004676006,1963.441358,2131.209164,7.826139927,7.926,522.5,3.19,2.04,-0.1339,FALSE,596.26,-59.415,7.850037869,,7.826,7.926,522.5,3.19,2.04
8/2/2017,400_17_2-2_07-21-17_02Aug17,20170721,20170802,2,2,5,400,30.81009109,24.778999,18.3,1953.51,2133.96,129.75,7.792134831,1987.26,1986.33,2131.64,2131.85,NEU_17_01_02Aug17,1953.42,2078.61,1972,2091.64,1,NEU_17_02_02Aug17,1954.34,2085.2,1972,2091.64,2,1953.88,2081.905,1.009273855,1.004676006,1971.626569,2141.818543,7.830278397,7.931,518.6,3.23,2.07,-0.1387,FALSE,596.26,-59.415,7.851720946,,7.830,7.931,518.6,3.23,2.07
8/2/2017,400_17_2-3_07-21-17_02Aug17,20170721,20170802,2,3,6,400,30.84347147,24.848,18.3,1953.49,2129.68,130.35,7.792134831,1984.96,1984.13,2127.51,2127.55,NEU_17_01_02Aug17,1953.42,2078.61,1972,2091.64,1,NEU_17_02_02Aug17,1954.34,2085.2,1972,2091.64,2,1953.88,2081.905,1.009273855,1.004676006,1971.606383,2137.498436,7.819186687,7.921,531.6,3.16,2.03,-0.1285,FALSE,596.26,-59.415,7.841622486,,7.819,7.921,531.6,3.16,2.03
8/2/2017,900_17_3-1_07-21-17_02Aug17,20170721,20170802,3,1,7,900,31.04375375,24.843,18.8,2048.7,2124.95,147.85,7.52247191,2080.98,2079.99,2123.44,2123.53,NEU_17_01_02Aug17,1953.42,2078.61,1972,2091.64,1,NEU_17_02_02Aug17,1954.34,2085.2,1972,2091.64,2,1953.88,2081.905,1.009273855,1.004676006,2067.699347,2133.459639,7.544344902,7.630,1115.3,1.78,1.14,-0.1079,FALSE,596.26,-59.415,7.54708407,,7.544,7.630,1115.3,1.78,1.14
8/2/2017,900_17_3-2_07-21-17_02Aug17,20170721,20170802,3,2,8,900,31.04375375,24.858,18.8,2050.8,2133.11,145.85,7.52247191,2074.84,2074.39,2131.71,2131.76,NEU_17_01_02Aug17,1953.42,2078.61,1972,2091.64,1,NEU_17_02_02Aug17,1954.34,2085.2,1972,2091.64,2,1953.88,2081.905,1.009273855,1.004676006,2069.818822,2141.728122,7.562397003,7.649,1067.9,1.86,1.20,-0.1268,FALSE,596.26,-59.415,7.580745603,,7.562,7.649,1067.9,1.86,1.20
8/2/2017,900_17_3-3_07-21-17_02Aug17,20170721,20170802,3,3,9,900,31.04375375,24.848,18.8,2039.67,2136.6,143.45,7.52247191,2068.72,2098.05,2135.09,2143.33,NEU_17_01_02Aug17,1953.42,2078.61,1972,2091.64,1,NEU_17_02_02Aug17,1954.34,2085.2,1972,2091.64,2,1953.88,2081.905,1.009273855,1.004676006,2058.585604,2153.352224,7.628983974,7.718,903.5,2.16,1.39,-0.1955,FALSE,596.26,-59.415,7.621139443,,7.629,7.718,903.5,2.16,1.39
8/11/2017,2800_17_4-1_07-21-17_11Aug17,20170721,20170811,4,1,10,2800,31.04375375,25.016001,19,2182.03,2150.42,169.65,7.056179775,2227.49,2228.49,2149.28,2149.32,NEU_17_03_11Aug17,1955.39,2079.67,1972,2091.64,1,NEU_17_04_11Aug17,1948.34,2090.84,1972,2091.64,2,1951.865,2085.255,1.010315775,1.003061976,2204.53933,2155.901165,7.185416698,7.256,2806.8,0.80,0.52,-0.1996,FALSE,596.26,-59.415,7.180173357,,7.185,7.256,2806.8,0.80,0.52
8/11/2017,2800_17_4-2_07-21-17_11Aug17,20170721,20170811,4,2,11,2800,31.04375375,24.995001,19,2189.13,1569.21,168.65,7.050561798,1619.37,1620.11,1568.3,1568.12,NEU_17_03_11Aug17,1955.39,2079.67,1972,2091.64,1,NEU_17_04_11Aug17,1948.34,2090.84,1972,2091.64,2,1951.865,2085.255,1.010315775,1.003061976,2211.712572,1572.921545,6.247242928,6.304,18937.7,0.07,0.04,0.0000,FALSE,596.26,-59.415,7.197004124,,7.197,7.268,2742.6,0.83,0.53
8/16/2017,2800_17_4-3_07-21-17_16Aug17,20170721,20170816,4,3,12,2800,31.07713413,25.111,19,2196.37,2141.93,170.2,7.056179775,2210.45,2210.9,2140.68,2140.66,NEU_17_23_16Aug17,1957.02,2082.54,1972,2091.64,1,NEU_17_24_16Aug17,1955.81,2079.86,1972,2091.64,2,1956.415,2081.2,1.007966101,1.005016337,2213.866506,2151.398271,7.144259453,7.214,3092.6,0.73,0.47,-0.1579,FALSE,596.26,-59.415,7.170916435,,7.144,7.214,3092.6,0.73,0.47
8/16/2017,900_17_5-1_07-21-17_16Aug17,20170721,20170816,5,1,13,900,31.04375375,25.016001,19,2050.69,2032.87,144.7,7.573033708,1967.93,1967.95,2031.01,2030.8,NEU_17_23_16Aug17,1957.02,2082.54,1972,2091.64,1,NEU_17_24_16Aug17,1955.81,2079.86,1972,2091.64,2,1956.415,2081.2,1.007966101,1.005016337,2067.026004,2040.987177,7.245537758,7.318,2286.1,0.87,0.56,0.0000,FALSE,596.26,-59.415,7.600100985,,7.600,7.688,975.4,2.04,1.31
8/16/2017,900_17_5-2_07-21-17_16Aug17,20170721,20170816,5,2,14,900,31.04375375,25.035999,18.9,2054.93,2140.45,145.35,7.556179775,2073.19,2073.45,2138.88,2138.68,NEU_17_23_16Aug17,1957.02,2082.54,1972,2091.64,1,NEU_17_24_16Aug17,1955.81,2079.86,1972,2091.64,2,1956.415,2081.2,1.007966101,1.005016337,2071.29978,2149.408339,7.577991486,7.667,1026.7,1.95,1.25,-0.1104,FALSE,596.26,-59.415,7.589160986,,7.578,7.667,1026.7,1.95,1.25
8/16/2017,900_17_5-3_07-21-17_16Aug17,20170721,20170816,5,3,15,900,31.04375375,25.063999,18.9,2053.06,2122.18,144.95,7.556179775,2051.27,2051.68,2120.7,2120.62,NEU_17_23_16Aug17,1957.02,2082.54,1972,2091.64,1,NEU_17_24_16Aug17,1955.81,2079.86,1972,2091.64,2,1956.415,2081.2,1.007966101,1.005016337,2069.414884,2131.257744,7.529328346,7.616,1153.5,1.74,1.12,-0.0603,FALSE,596.26,-59.415,7.595893293,,7.529,7.616,1153.5,1.74,1.12
8/30/2017,2800_17_6-1_07-21-17_30Aug17,20170721,20170830,6,1,16,2800,31.04375375,24.74,18.8,2219.81,2167.49,170.6,7.039325843,2246.45,2246.98,2166.27,2166.25,NEU_18_01_30Aug17,1974.96,2117.59,1988.445028,2124.610945,1,NEU_18_02_30Aug17,1994.78,2118.09,1988.445028,2124.610945,2,1984.87,2117.84,1.00180114,1.003197099,2223.808188,2173.175717,7.18430233,7.253662382,2840.91939,0.801065962,0.51456108,-0.2143,TRUE,596.26,-59.415,7.164184129,,7.184,7.254,2840.9,0.80,0.51
8/30/2017,2800_17_6-2_07-21-17_30Aug17,20170721,20170830,6,2,17,2800,31.04375375,24.933001,18.8,2228.98,2161.45,171.65,7.050561798,2246.19,2246.48,2160.31,2160.24,NEU_18_01_30Aug17,1974.96,2117.59,1988.445028,2124.610945,1,NEU_18_02_30Aug17,1994.78,2118.09,1988.445028,2124.610945,2,1984.87,2117.84,1.00180114,1.003197099,2232.994704,2167.146502,7.138666153,7.208549291,3154.428114,0.722609758,0.464165094,-0.1580,FALSE,596.26,-59.415,7.146511824,,7.139,7.209,3154.4,0.72,0.46
8/30/2017,2800_17_6-3_07-21-17_30Aug17,20170721,20170830,6,3,18,2800,31.04375375,25.034,18.8,2255.8,2177.71,170.95,7.033707865,2264.69,2264.69,2176.21,2176.21,NEU_18_01_30Aug17,1974.96,2117.59,1988.445028,2124.610945,1,NEU_18_02_30Aug17,1994.78,2118.09,1988.445028,2124.610945,2,1984.87,2117.84,1.00180114,1.003197099,2259.863011,2183.16756,7.109874249,7.179854646,3402.097855,0.682874188,0.438641131,-0.1461,FALSE,596.26,-59.415,7.15829336,,7.110,7.180,3402.1,0.68,0.44
11/9/2017,400_17_1-1_08-06-17_09Nov17,20170806,20171109,1,1,1,400,30.82995455,24.865999,18.9,1952.28,2151.79,131.45,7.684410646,2026.09,2026.22,2148.22,2148.26,NEU_19_22_09Nov17,1974.03,2139.12,1988.49,2128.14,1,NEU_19_23_09Nov17,1957.92,2121.45,1988.49,2128.14,2,1965.975,2130.285,1.011452333,0.998993092,1974.63816,2146.096901,7.831112862,7.924,529.8,3.26,2.10,-0.2392,TRUE,596.26,-59.415,7.823108643,,7.831,7.924,529.8,3.26,2.10
11/9/2017,400_17_1-2_08-06-17_09Nov17,20170806,20171109,1,2,2,400,30.93103636,24.92,18.9,1965.28,2150.24,133.6,7.684410646,2063.23,2063.05,2147.35,2147.34,NEU_19_22_09Nov17,1974.03,2139.12,1988.49,2128.14,1,NEU_19_23_09Nov17,1957.92,2121.45,1988.49,2128.14,2,1965.975,2130.285,1.011452333,0.998993092,1987.787041,2145.177827,7.795589447,7.888,580.8,3.05,1.96,-0.2039,TRUE,596.26,-59.415,7.786922494,,7.796,7.888,580.8,3.05,1.96
11/9/2017,400_17_1-3_08-06-17_09Nov17,20170806,20171109,1,3,3,400,30.82995455,24.954,18.9,1973.46,2147.63,135.05,7.684410646,2046.3,2040.03,2144.59,2144.56,NEU_19_22_09Nov17,1974.03,2139.12,1988.49,2128.14,1,NEU_19_23_09Nov17,1957.92,2121.45,1988.49,2128.14,2,1965.975,2130.285,1.011452333,0.998993092,1996.060721,2142.400626,7.769412994,7.862,621.7,2.89,1.85,-0.1777,FALSE,596.26,-59.415,7.762517883,,7.769,7.862,621.7,2.89,1.85
11/9/2017,400_17_2-1_08-06-17_09Nov17,20170806,20171109,2,1,4,400,31.1332,24.92,18.3,1961.6,2146.59,132.8,7.701520913,2032.27,2032.42,2142.66,2142.61,NEU_19_22_09Nov17,1974.03,2139.12,1988.49,2128.14,1,NEU_19_23_09Nov17,1957.92,2121.45,1988.49,2128.14,2,1965.975,2130.285,1.011452333,0.998993092,1984.064896,2140.45259,7.791192055,7.893,570.9,3.01,1.93,-0.1917,FALSE,596.26,-59.415,7.800387108,,7.791,7.893,570.9,3.01,1.93
11/9/2017,400_17_2-2_08-06-17_09Nov17,20170806,20171109,2,2,5,400,31.1332,24.951,18.3,1960.58,2149.41,133.05,7.701520913,2038.28,2038.44,2145.35,2145.3,NEU_19_22_09Nov17,1974.03,2139.12,1988.49,2128.14,1,NEU_19_23_09Nov17,1957.92,2121.45,1988.49,2128.14,2,1965.975,2130.285,1.011452333,0.998993092,1983.033215,2143.139881,7.79940176,7.902,558.5,3.07,1.97,-0.2006,TRUE,596.26,-59.415,7.796179416,,7.799,7.902,558.5,3.07,1.97
11/9/2017,400_17_2-3_08-06-17_09Nov17,20170806,20171109,2,3,6,400,31.1332,24.992001,18.3,1959.99,2147.18,132.65,7.701520913,2034.3,2034.27,2143.59,2143.47,NEU_19_22_09Nov17,1974.03,2139.12,1988.49,2128.14,1,NEU_19_23_09Nov17,1957.92,2121.45,1988.49,2128.14,2,1965.975,2130.285,1.011452333,0.998993092,1982.436458,2141.311724,7.796032906,7.899,562.1,3.05,1.96,-0.1977,FALSE,596.26,-59.415,7.802911723,,7.796,7.899,562.1,3.05,1.96
11/29/2017,900_17_3-1_08-06-17_29Nov17,20170806,20171129,3,1,7,900,31.03211818,24.868999,19.5,2070.83,2169.4,146.95,7.427756654,2127.4,2127.14,2166.96,2166.75,NEU_20_10_29Nov17,2026.39,2158.62,2034.478856,2135.608489,1,NEU_20_11_29Nov17,2025.31,2145.66,2034.478856,2135.608489,2,2025.85,2152.14,1.004259376,0.992318571,2079.650443,2150.106263,7.55751133,7.634,1115.6,1.86,1.20,-0.2064,TRUE,596.26,-59.415,7.56223176,,7.558,7.634,1115.6,1.86,1.20
11/29/2017,900_17_3-2_08-06-17_29Nov17,20170806,20171129,3,2,8,900,31.03211818,24.907,19.5,2081.63,2166.18,148.65,7.461977186,2129.95,2130.29,2164.09,2164.08,NEU_20_10_29Nov17,2026.39,2158.62,2034.478856,2135.608489,1,NEU_20_11_29Nov17,2025.31,2145.66,2034.478856,2135.608489,2,2025.85,2152.14,1.004259376,0.992318571,2090.496444,2147.456773,7.515833378,7.592,1238.7,1.70,1.09,-0.1297,FALSE,596.26,-59.415,7.533619456,,7.516,7.592,1238.7,1.70,1.09
11/29/2017,900_17_3-3_08-06-17_29Nov17,20170806,20171129,3,3,9,900,31.03211818,24.945999,19.8,2077.56,2165.91,146.9,7.461977186,2124.3,2125.04,2163.57,2163.57,NEU_20_10_29Nov17,2026.39,2158.62,2034.478856,2135.608489,1,NEU_20_11_29Nov17,2025.31,2145.66,2034.478856,2135.608489,2,2025.85,2152.14,1.004259376,0.992318571,2086.409108,2146.95069,7.52636528,7.599,1217.5,1.74,1.12,-0.1368,FALSE,596.26,-59.415,7.563073298,,7.526,7.599,1217.5,1.74,1.12
11/29/2017,2800_17_4-1_08-06-17_29Nov17,20170806,20171129,4,1,10,2800,31.03211818,24.9,18.8,1991.34,2157.51,134.95,7.017110266,2049.88,2050.7,2154.48,2154.4,NEU_20_10_29Nov17,2026.39,2158.62,2034.478856,2135.608489,1,NEU_20_11_29Nov17,2025.31,2145.66,2034.478856,2135.608489,2,2025.85,2152.14,1.004259376,0.992318571,1999.821865,2137.851129,7.747174263,7.840,655.9,2.75,1.77,0.0000,FALSE,596.26,-59.415,7.164184129,,7.164,7.235,2924.1,0.76,0.49
11/7/2017,2800_17_4-2_08-06-17_07Nov17,20170806,20171107,4,2,11,2800,31.03211818,25.084999,18.8,2027.55,2155.21,143.05,7.017110266,2095.15,2095.63,2152.56,2152.45,NEU_19_10_07NOV2017,2001.49,2139.6,1988.49,2128.14,1,NEU_19_11_07Nov17,2008.48,2111.56,1988.49,2128.14,2,2004.985,2125.58,0.991773006,1.001204377,2010.869358,2155.042362,7.758046627,7.854,637.6,2.85,1.83,0.0000,FALSE,596.26,-59.415,7.164184129,,7.164,7.237,2932.5,0.77,0.49
11/7/2017,2800_17_4-3-08-06-17_07Nov17,20170806,20171107,4,3,12,2800,31.03211818,25.007999,18.8,2142.2,2122.42,170.6,7.017110266,2205.26,2205.94,2121.13,2120.96,NEU_19_10_07NOV2017,2001.49,2139.6,1988.49,2128.14,1,NEU_19_11_07Nov17,2008.48,2111.56,1988.49,2128.14,2,2004.985,2125.58,0.991773006,1.001204377,2124.576133,2123.514436,7.329834938,7.409,1911.6,1.10,0.71,-0.3918,TRUE,596.26,-59.415,7.164184129,,7.164,7.236,2895.5,0.75,0.48
11/29/2017,900_17_5-1_08-06-17_29Nov17,20170806,20171129,5,1,13,900,31.03211818,24.856001,18.9,2040.44,2142.46,144.65,7.496197719,2087.41,2087.8,2140.02,2139.91,NEU_20_10_29Nov17,2026.39,2158.62,2034.478856,2135.608489,1,NEU_20_11_29Nov17,2025.31,2145.66,2034.478856,2135.608489,2,2025.85,2152.14,1.004259376,0.992318571,2049.131,2123.472433,7.570972443,7.657,1039.7,1.88,1.21,-0.1604,FALSE,596.26,-59.415,7.600942523,,7.571,7.657,1039.7,1.88,1.21
11/7/2017,900_17_5-2_08-06-17_07Nov17,20170806,20171107,5,2,14,900,31.03211818,25.07,18.9,2022.37,2124.49,144.2,7.479087452,2052.29,2051.66,2123.09,2122.93,NEU_19_10_07NOV2017,2001.49,2139.6,1988.49,2128.14,1,NEU_19_11_07Nov17,2008.48,2111.56,1988.49,2128.14,2,2004.985,2125.58,0.991773006,1.001204377,2005.731974,2125.486808,7.69785738,7.791,741.0,2.48,1.60,-0.3115,TRUE,596.26,-59.415,7.608516368,,7.698,7.791,741.0,2.48,1.60
11/7/2017,900_17_5-3_08-06-17_07Nov17,20170806,20171107,5,3,15,900,31.03211818,25.039,18.9,2023.44,2118.84,145.35,7.496197719,2086.76,2086.58,2116.2,2116.26,NEU_19_10_07NOV2017,2001.49,2139.6,1988.49,2128.14,1,NEU_19_11_07Nov17,2008.48,2111.56,1988.49,2128.14,2,2004.985,2125.58,0.991773006,1.001204377,2006.793171,2118.808775,7.677820683,7.770,779.6,2.37,1.52,-0.2733,TRUE,596.26,-59.415,7.589160986,,7.678,7.770,779.6,2.37,1.52
11/29/2017,2800_17_6-1_08-06-17_29Nov17,20170806,20171129,6,1,16,2800,31.06581212,24.843,18.4,2303.71,2270.14,170.35,6.965779468,2362.4,2362.52,2268.6,2268.68,NEU_20_10_29Nov17,2026.39,2158.62,2034.478856,2135.608489,1,NEU_20_11_29Nov17,2025.31,2145.66,2034.478856,2135.608489,2,2025.85,2152.14,1.004259376,0.992318571,2313.522366,2251.253295,7.157393456,7.232,3096.2,0.78,0.50,-0.2658,TRUE,596.26,-59.415,7.16839182,,7.157,7.232,3096.2,0.78,0.50
11/29/2017,2800_17_6-2_08-06-17_29Nov17,20170806,20171129,6,2,17,2800,31.03211818,24.955999,18.4,2294.6,2239.28,169.35,6.994296578,2284.99,2285.17,2201.61,2201.56,NEU_20_10_29Nov17,2026.39,2158.62,2034.478856,2135.608489,1,NEU_20_11_29Nov17,2025.31,2145.66,2034.478856,2135.608489,2,2025.85,2152.14,1.004259376,0.992318571,2304.373563,2184.648873,7.004633904,7.075,4356.3,0.53,0.34,-0.0805,FALSE,596.26,-59.415,7.185222587,,7.185,7.262,2882.4,0.83,0.53
11/29/2017,2800_17_6-3_08-06-17_29Nov17,20170806,20171129,6,3,18,2800,31.03211818,24.964001,18.4,2315.24,2267.22,170.65,6.965779468,2361.51,2362.08,2265.35,2265.22,NEU_20_10_29Nov17,2026.39,2158.62,2034.478856,2135.608489,1,NEU_20_11_29Nov17,2025.31,2145.66,2034.478856,2135.608489,2,2025.85,2152.14,1.004259376,0.992318571,2325.101477,2247.819873,7.11604023,7.190,3413.4,0.71,0.45,-0.2242,TRUE,596.26,-59.415,7.16334259,,7.116,7.190,3413.4,0.71,0.45
8/30/2017,400_17_1-1_08-18-17_30Aug17,20170818,20170830,1,1,1,400,31.10457831,24.886999,19.5,1986.86,2150.69,132,7.802259887,2012.13,2095.81,2148.53,2138.43,NEU_18_01_30Aug17,1974.96,2117.59,1988.445028,2124.610945,1,NEU_18_02_30Aug17,1994.78,2118.09,1988.445028,2124.610945,2,1984.87,2117.84,1.00180114,1.003197099,1990.438612,2145.266773,7.787661076,7.870334727,608.2334386,3.013506329,1.939413552,-0.0681,FALSE,596.26,-59.415,7.813851721,,7.788,7.870,608.2,3.01,1.94
8/31/2017,400_17_1-2_08-18-17_31Aug17,20170818,20170831,1,2,2,400,31.10457831,24.884001,19.5,1986.16,2152.91,132.1,7.802259887,2012.76,2013.27,2150.69,2150.6,NEU_18_03_31Aug17,1968.76,2110.54,1988.445028,2124.610945,1,NEU_18_04_31Aug17,1979.51,2116.38,1988.445028,2124.610945,2,1974.135,2113.46,1.007248759,1.005276156,2000.557194,2161.946901,7.801538944,7.884432501,590.7915811,3.123429162,2.010157002,-0.0822,FALSE,596.26,-59.415,7.812168644,,7.802,7.884,590.8,3.12,2.01
8/31/2017,400_17_1-3_08-18-17_31Aug17,20170818,20170831,1,3,3,400,31.10457831,24.969,19.5,1999.43,2152.25,133.05,7.802259887,2026.19,2026.58,2149.41,2149.25,NEU_18_03_31Aug17,1968.76,2110.54,1988.445028,2124.610945,1,NEU_18_04_31Aug17,1979.51,2116.38,1988.445028,2124.610945,2,1974.135,2113.46,1.007248759,1.005276156,2013.923385,2160.589779,7.764492512,7.848006836,649.5317952,2.903664592,1.868722295,-0.0457,FALSE,596.26,-59.415,7.796179416,,7.764,7.848,649.5,2.90,1.87
8/31/2017,400_17_2-1_08-18-17_31Aug17,20170818,20170831,2,1,4,400,31.00424096,24.948999,19.3,1994.31,2154.74,131.85,7.813559322,2015.03,2015.54,2152.49,2152.56,NEU_18_03_31Aug17,1968.76,2110.54,1988.445028,2124.610945,1,NEU_18_04_31Aug17,1979.51,2116.38,1988.445028,2124.610945,2,1974.135,2113.46,1.007248759,1.005276156,2008.766272,2163.917243,7.786523819,7.873259553,609.3745646,3.031690169,1.949585977,-0.0597,FALSE,596.26,-59.415,7.816376336,,7.787,7.873,609.4,3.03,1.95
8/31/2017,400_17_2-2_08-18-17_31Aug17,20170818,20170831,2,2,5,400,31.00424096,24.959,19.3,1990.82,2152.88,131.75,7.813559322,2014.85,2015.15,2150.56,2150.39,NEU_18_03_31Aug17,1968.76,2110.54,1988.445028,2124.610945,1,NEU_18_04_31Aug17,1979.51,2116.38,1988.445028,2124.610945,2,1974.135,2113.46,1.007248759,1.005276156,2005.250974,2161.735793,7.789873123,7.876824298,603.080718,3.050039245,1.961385699,-0.0633,FALSE,596.26,-59.415,7.818059413,,7.789873123,7.876824298,603.080718,3.050039245,1.961385699
8/31/2017,400_17_2-3_08-18-17_31Aug17,20170818,20170831,2,3,6,400,31.00424096,24.84,19.3,1987.75,2154.82,131.7,7.813559322,2019.59,2020.22,2152.15,2152,NEU_18_03_31Aug17,1968.76,2110.54,1988.445028,2124.610945,1,NEU_18_04_31Aug17,1979.51,2116.38,1988.445028,2124.610945,2,1974.135,2113.46,1.007248759,1.005276156,2002.15872,2163.354288,7.802828312,7.888183648,585.7976957,3.121737225,2.007492448,-0.0746,FALSE,596.26,-59.415,7.818900951,,7.802828312,7.888183648,585.7976957,3.121737225,2.007492448
8/31/2017,900_17_3-1_08-18-17_31Aug17,20170818,20170831,3,1,7,900,30.90390361,24.812,19.8,2068.87,2151.28,145.95,7.570621469,2093.48,2094.83,2150.06,2149.76,NEU_18_03_31Aug17,1968.76,2110.54,1988.445028,2124.610945,1,NEU_18_04_31Aug17,1979.51,2116.38,1988.445028,2124.610945,2,1974.135,2113.46,1.007248759,1.005276156,2083.866739,2161.102469,7.579400063,7.651521727,1075.421339,1.957708193,1.260163661,-0.0809,FALSE,596.26,-59.415,7.579062526,,7.579400063,7.651521727,1075.421339,1.957708193,1.260163661
8/31/2017,900_17_3-2_08-18-17_31Aug17,20170818,20170831,3,2,8,900,30.90390361,24.789,19.8,2055.94,2148.58,145.65,7.570621469,2094.3,2095.42,2146.88,2146.54,NEU_18_03_31Aug17,1968.76,2110.54,1988.445028,2124.610945,1,NEU_18_04_31Aug17,1979.51,2116.38,1988.445028,2124.610945,2,1974.135,2113.46,1.007248759,1.005276156,2070.843013,2157.86548,7.60874176,7.681342273,996.2121625,2.080473744,1.339187024,-0.1107,FALSE,596.26,-59.415,7.584111756,,7.60874176,7.681342273,996.2121625,2.080473744,1.339187024
8/31/2017,900_17_3-3_08-18-17_31Aug17,20170818,20170831,3,3,9,900,30.90390361,24.737,19.8,2057.2,2149.54,145.35,7.570621469,2092.55,2093.2,2147.98,2147.63,NEU_18_03_31Aug17,1968.76,2110.54,1988.445028,2124.610945,1,NEU_18_04_31Aug17,1979.51,2116.38,1988.445028,2124.610945,2,1974.135,2113.46,1.007248759,1.005276156,2072.112146,2158.961231,7.608904839,7.680744172,998.2305456,2.078954832,1.33820931,-0.1101,FALSE,596.26,-59.415,7.589160986,,7.608904839,7.680744172,998.2305456,2.078954832,1.33820931
11/29/2017,2800_17_4-1_08-18-17_29Nov17,20170818,20171129,4,1,10,2800,31.00424096,24.982,18.9,2251.92,2196.81,174.35,7.084745763,2325.84,2326.07,2194.4,2194.34,NEU_20_10_29Nov17,2026.39,2158.62,2034.478856,2135.608489,1,NEU_20_11_29Nov17,2025.31,2145.66,2034.478856,2135.608489,2,2025.85,2152.14,1.004259376,0.992318571,2261.511773,2177.484333,7.090826988,7.158,3572.7,0.65,0.42,-0.0737,FALSE,596.26,-59.415,7.101068754,,7.090826988,7.158406928,3572.732958,0.651447951,0.418510736
11/29/2017,2800_17_4-2_08-18-17_29Nov17,20170818,20171129,4,2,11,2800,31.00424096,24.951,18.9,2231.55,2183.69,172.35,7.084745763,2275.5,2276.4,2182.31,2182.23,NEU_20_10_29Nov17,2026.39,2158.62,2034.478856,2135.608489,1,NEU_20_11_29Nov17,2025.31,2145.66,2034.478856,2135.608489,2,2025.85,2152.14,1.004259376,0.992318571,2241.05501,2165.467355,7.112081528,7.180,3375.1,0.68,0.44,-0.0953,FALSE,596.26,-59.415,7.134730287,,7.112081528,7.180044436,3375.145566,0.679902581,0.436790889
11/7/2017,2800_17_4-3_08-18-17_07Nov17,20170818,20171107,4,3,12,2800,31.00424096,24.966999,18.9,2210.55,2141.6,170.05,7.079096045,2239.38,2239.74,2138.96,2138.83,NEU_19_10_07NOV2017,2001.49,2139.6,1988.49,2128.14,1,NEU_19_11_07Nov17,2008.48,2111.56,1988.49,2128.14,2,2004.985,2125.58,0.991773006,1.001204377,2192.363818,2141.405958,7.178270817,7.249,2832.9,0.78,0.50,-0.1698,FALSE,596.26,-59.415,7.17344105,,7.178270817,7.248911697,2832.923656,0.783652595,0.503443174
11/29/2017,900_17_5-1_08-18-17_29Nov17,20170818,20171129,5,1,13,900,30.90390361,24.976999,18.9,2077.67,2173.86,145.8,7.581920904,2124.36,2124.44,2171.6,2171.63,NEU_20_10_29Nov17,2026.39,2158.62,2034.478856,2135.608489,1,NEU_20_11_29Nov17,2025.31,2145.66,2034.478856,2135.608489,2,2025.85,2152.14,1.004259376,0.992318571,2086.519577,2154.948778,7.551001549,7.638,1107.4,1.83,1.18,-0.0558,FALSE,596.26,-59.415,7.581587141,,7.551001549,7.637699909,1107.420888,1.831600042,1.176340855
11/29/2017,900_17_5-2_08-18-17_29Nov17,20170818,20171129,5,2,14,900,30.90390361,25.028,18.9,2078.28,2172.78,145.65,7.576271186,2120.45,2121.08,2170.92,2170.76,NEU_20_10_29Nov17,2026.39,2158.62,2034.478856,2135.608489,1,NEU_20_11_29Nov17,2025.31,2145.66,2034.478856,2135.608489,2,2025.85,2152.14,1.004259376,0.992318571,2087.132175,2154.085461,7.54585743,7.633,1119.7,1.81,1.16,-0.0568,FALSE,596.26,-59.415,7.584111756,,7.54585743,7.633105356,1119.732933,1.813189847,1.164516951
12/1/2017,900_17_5-3_08-18-17_01Dec17,20170818,20171201,5,3,15,900,30.90390361,24.987,18.9,2052.45,2177.6,144.35,7.576271186,2116.02,2116.25,2175.76,2175.72,NEU_20_12_01Dec17,2016.01,2151.1,2034.478856,2135.608489,1,NEU_20_13_01Dec17,2005.82,2146.03,2034.478856,2135.608489,2,2010.915,2148.565,1.011717977,0.993969691,2076.500562,2162.599736,7.602882385,7.692,971.1,2.06,1.32,-0.1153,FALSE,596.26,-59.415,7.605991753,,7.602882385,7.691548337,971.0549874,2.05806275,1.321786001
12/1/2017,2800_17_6-1_08-18-17_01Dec17,20170818,20171201,6,1,16,2800,30.80356627,25.016001,19.5,2228.93,2205.73,170.05,7.079096045,2285.62,2286.02,2204.96,2204.9,NEU_20_12_01Dec17,2016.01,2151.1,2034.478856,2135.608489,1,NEU_20_13_01Dec17,2005.82,2146.03,2034.478856,2135.608489,2,2010.915,2148.565,1.011717977,0.993969691,2255.048551,2191.603772,7.148427963,7.211,3182.8,0.75,0.48,-0.1323,FALSE,596.26,-59.415,7.17344105,,7.148427963,7.211424563,3182.767293,0.753618824,0.484591788
12/1/2017,2800_17_6-2_08-18-17_01Dec17,20170818,20171201,6,2,17,2800,30.80356627,25.023001,19.5,2217.87,2203.19,169.35,7.084745763,2285.5,2285.67,2201.95,2201.9,NEU_20_12_01Dec17,2016.01,2151.1,2034.478856,2135.608489,1,NEU_20_13_01Dec17,2005.82,2146.03,2034.478856,2135.608489,2,2010.915,2148.565,1.011717977,0.993969691,2243.85895,2188.621862,7.17100668,7.235,3005.7,0.79,0.51,-0.1501,FALSE,596.26,-59.415,7.185222587,,7.17100668,7.234876593,3005.700485,0.79286019,0.509824762
12/1/2017,2800_17_6-3_08-18-17_01Dec17,20170818,20171201,6,3,18,2800,30.80356627,24.972,19.5,2224.21,2201.23,170.75,7.084745763,2289.9,2290.39,2200.31,2200.31,NEU_20_12_01Dec17,2016.01,2151.1,2034.478856,2135.608489,1,NEU_20_13_01Dec17,2005.82,2146.03,2034.478856,2135.608489,2,2010.915,2148.565,1.011717977,0.993969691,2250.273242,2187.041451,7.14907074,7.212,3174.9,0.75,0.48,-0.1268,FALSE,596.26,-59.415,7.161659514,,7.14907074,7.211579309,3174.934034,0.752299979,0.483743745
