ID,date,sample_date,acclimation_experimental,"experimental_period
",pCO2_target,temp_target,shelf,tank,tankID,salinity,VINDTA_ID,run_date,temp_in,temp_out,CT,AT,mV,m_pH,DIC_AT,DIC_AT_EMF,AT_Recal,AT_EMF,Standard1_ID,CT_Std1,AT_EMF_Std1,certDIC_Std1,cert_AT_Std1,"Standard2_ID
",CT_Std2,AT_EMF_Std2,certDIC_Std2,cert_AT_Std2,meanCT,meanAT,correctionFactor_CT,correctionFactor_AT,corr_CT,corr_AT,complete,t_out,pressure,pH_out,fCO2_out,pCO2_out,HCO3_out,CO3_out,CO2_out,B_Alk_out,OH_out,P_Alk_out,Si_Alk_out,Revelle_out,Ca_out,Ar_out,CO2_dry_out
550_17_2-1_20170512_Acclimation_NA,05/12/2017,20170512,Acclimation,NA,550,17,2,1,4,30.10260782,400_17_2-1_05-12-17_09Jul17,20170709,25.136999,17.3,142.2,2048.56,132.6,7.877358491,1918.07,1917.55,2047.84,2047.89,NEU_16_24_09Jul17,1901.5,2016.14,1904.52,2025.82,NEU_16_25_09Jul17,1888.49,2013.37,1904.52,2025.82,1894.995,2014.755,1.005026398,1.005491983,142.9147539,2059.136977,N,17.3,1,8,414.9,416.3,1720.9,137.3,14.9,60.8,2.8,0,0,11.735,3.39,2.16,424.5
550_17_2-2_20170512_Acclimation_NA,05/12/2017,20170512,Acclimation,NA,550,17,2,2,5,30.13605517,400_17_2-2_05-12-17,20170709,25.125999,17.2,1888.56,1974.79,132.55,7.888679245,1843.17,1842.79,1974.01,1974.17,NEU_16_24_09Jul17,1901.5,2016.14,1904.52,2025.82,NEU_16_25_09Jul17,1888.49,2013.37,1904.52,2025.82,1894.995,2014.755,1.005026398,1.005491983,1898.052655,1985.012108,Y,17.2,1,7.738,788.7,791.5,1791.6,78,28.4,35.9,1.5,0,0,15.359,1.92,1.23,806.9
550_17_2-3_20170512_Acclimation_NA,05/12/2017,20170512,Acclimation,NA,550,17,2,3,6,30.20294985,400_17_2-3_05-12-17,20170709,25.111,17.2,1892.47,2050.66,132.95,7.871698113,1923.19,1922.57,2049.77,2049.89,NEU_16_24_09Jul17,1901.5,2016.14,1904.52,2025.82,NEU_16_25_09Jul17,1888.49,2013.37,1904.52,2025.82,1894.995,2014.755,1.005026398,1.005491983,1901.982308,2061.147961,Y,17.2,1,7.935,493.5,495.2,1763.3,120.9,17.8,53.7,2.4,0,0,12.644,2.98,1.9,504.8
550_17_3-1_20170512_Acclimation_NA,05/12/2017,20170512,Acclimation,NA,550,17,3,1,7,30.20294985,900_17_3-1_05-12-17_15Aug17,20170815,24.506001,16.8,1904.6,2041.43,135,7.894339623,1934.7,1933.7,2041.04,2041.34,NEU_17_21_15Aug17,1945.63,2073.27,1972,2091.64,NEU_17_22_15Aug17,1951.8,2076.44,1972,2091.64,1948.715,2074.855,1.0119489,1.008089722,1927.357874,2057.853873,Y,16.8,1,7.866,589.5,591.6,1802.2,103.7,21.5,46.4,1.9,0,0,13.75,2.55,1.63,602.8
550_17_3-2_20170512_Acclimation_NA,05/12/2017,20170512,Acclimation,NA,550,17,3,2,8,30.26984453,900_17_3-2_05-12-17_15Aug17,20170815,25.007999,16.8,1889.62,2040.05,131.95,7.871698113,1916.65,1917.6,2039.36,2039.21,NEU_17_21_15Aug17,1945.63,2073.27,1972,2091.64,NEU_17_22_15Aug17,1951.8,2076.44,1972,2091.64,1948.715,2074.855,1.0119489,1.008089722,1912.19888,2055.706642,Y,16.8,1,7.9,538,539.9,1781.4,111.2,19.6,49.8,2.1,0,0,13.22,2.74,1.75,550.1
550_17_3-3_20170512_Acclimation_NA,05/12/2017,20170512,Acclimation,NA,550,17,3,3,9,30.30329188,900_17_3-3_05-12-17_15Aug17,20170815,25,16.7,1886.62,2039.75,131.95,7.860377358,1913.65,1914.35,2039.11,2039.01,NEU_17_21_15Aug17,1945.63,2073.27,1972,2091.64,NEU_17_22_15Aug17,1951.8,2076.44,1972,2091.64,1948.715,2074.855,1.0119489,1.008089722,1909.163033,2055.505024,Y,16.7,1,7.909,525.7,527.6,1777.2,112.8,19.2,50.7,2.1,0,0,13.112,2.78,1.77,537.5
550_17_4-1_20170512_Acclimation_NA,05/12/2017,20170512,Acclimation,NA,550,17,4,1,10,30.20294985,2800_17_4-1_05-12-17_09Jul17,20170709,25.143999,16.6,1909.13,2049.56,133.9,7.871698113,1927.6,1926.8,2048.57,2048.72,NEU_16_24_09Jul17,1901.5,2016.14,1904.52,2025.82,NEU_16_25_09Jul17,1888.49,2013.37,1904.52,2025.82,1894.995,2014.755,1.005026398,1.005491983,1918.726048,2059.971535,Y,16.6,1,7.898,542.8,544.7,1788.9,109.9,19.9,49.2,2.1,0,0,13.336,2.71,1.73,554.9
550_17_4-2_20170512_Acclimation_NA,05/12/2017,20170512,Acclimation,NA,550,17,4,2,11,30.20294985,2800_17_4-2_05-12-17_09Jul17,20170709,25.124001,16.7,1903.22,2049.07,133.65,7.877358491,1926.16,1925.38,2048.14,2048.23,NEU_16_24_09Jul17,1901.5,2016.14,1904.52,2025.82,NEU_16_25_09Jul17,1888.49,2013.37,1904.52,2025.82,1894.995,2014.755,1.005026398,1.005491983,1912.786342,2059.478844,Y,16.7,1,7.911,524.8,526.7,1780.4,113.2,19.2,50.6,2.1,0,0,13.119,2.79,1.78,536.6
550_17_4-3_20170512_Acclimation_NA,05/12/2017,20170512,Acclimation,NA,550,17,4,3,12,30.20294985,2800_17_4-3_05-12-17_09Jul17,20170709,25.118999,16.7,201.28,2050.84,134.4,7.866037736,1925.53,1924.8,2050.55,2050.7,NEU_16_24_09Jul17,1901.5,2016.14,1904.52,2025.82,NEU_16_25_09Jul17,1888.49,2013.37,1904.52,2025.82,1894.995,2014.755,1.005026398,1.005491983,202.2917135,2061.962409,N,16.7,1,7.998,417.5,418.9,1730.6,134.4,15.3,60,2.6,0,0,11.891,3.31,2.11,426.8
550_17_5-1_20170512_Acclimation_NA,05/12/2017,20170512,Acclimation,NA,550,17,5,1,13,30.06916048,900_17_5_1_05_12_17_28Jun2017,20170628,25.059,17.3,1894.94,2047.86,132.55,7.752830189,1922.22,1922.28,2049.26,2049.23,NEU_16_20_28Jun2017,1898.29,2008.55,1904.52,2025.82,NEU_16_21_28Jun2017,1900.1,2014.25,1904.52,2025.82,1899.195,2011.4,1.00280382,1.007169136,1900.25307,2063.921208,Y,17.3,1,7.946,480.5,482.2,1759.2,123.8,17.3,54.7,2.4,0,0,12.498,3.05,1.95,491.6
550_17_5-2_20170512_Acclimation_NA,05/12/2017,20170512,Acclimation,NA,550,17,5,2,14,30.16950251,900_17_5-2_05-12-17_09Jul17,20170709,25.08,17.3,1908.68,2050.92,133.5,7.849056604,1924.96,1924.22,2050.16,2050.24,NEU_16_24_09Jul17,1901.5,2016.14,1904.52,2025.82,NEU_16_25_09Jul17,1888.49,2013.37,1904.52,2025.82,1894.995,2014.755,1.005026398,1.005491983,1918.273786,2061.499883,Y,17.3,1,7.892,551.8,553.7,1787,111.5,19.8,49.4,2.2,0,0,13.238,2.75,1.75,564.6
550_17_5-3_20170512_Acclimation_NA,05/12/2017,20170512,Acclimation,NA,550,17,5,3,15,30.20294985,900_17_5-3_05-12-17_09Jul17,20170709,25.094999,17.2,1911.92,2050.98,133.75,7.883018868,1927.13,1926.46,2050.09,2050.16,NEU_16_24_09Jul17,1901.5,2016.14,1904.52,2025.82,NEU_16_25_09Jul17,1888.49,2013.37,1904.52,2025.82,1894.995,2014.755,1.005026398,1.005491983,1921.530072,2061.419444,Y,17.2,1,7.885,562.8,564.8,1791.8,109.5,20.3,48.6,2.1,0,0,13.369,2.7,1.72,575.7
550_17_6-1_20170512_Acclimation_NA,05/12/2017,20170512,Acclimation,NA,550,17,6,1,16,30.13605517,2800_17_6_1_05_12_17_28Jun2017,20170628,24.382,16.8,1899.83,2045.05,132.95,7.871698113,1925.16,1923.33,2046.56,2046.84,NEU_16_20_28Jun2017,1898.29,2008.55,1904.52,2025.82,NEU_16_21_28Jun2017,1900.1,2014.25,1904.52,2025.82,1899.195,2011.4,1.00280382,1.007169136,1905.15678,2061.514074,Y,16.8,1,7.935,493.6,495.3,1768.1,119.1,18,53,2.3,0,0,12.765,2.93,1.87,504.7
550_17_6-2_20170512_Acclimation_NA,05/12/2017,20170512,Acclimation,NA,550,17,6,2,17,30.16950251,2800_17_6_2_05_12_17_28Jun2017,20170628,25.066999,16.9,1899.13,2045.85,132.65,7.883018868,1921.6,1921.46,2047.21,2047.13,NEU_16_20_28Jun2017,1898.29,2008.55,1904.52,2025.82,NEU_16_21_28Jun2017,1900.1,2014.25,1904.52,2025.82,1899.195,2011.4,1.00280382,1.007169136,1904.454818,2061.806153,Y,16.9,1,7.935,493,494.7,1766.8,119.7,17.9,53.3,2.3,0,0,12.724,2.95,1.88,504.1
550_17_6-3_20170512_Acclimation_NA,05/12/2017,20170512,Acclimation,NA,550,17,6,3,18,30.20294985,2800_17_6_3_05_12_17_29Jun2017,20170629,25.087999,16.8,1898.41,2045.33,132.75,7.871698113,1925.52,1925.79,2046.33,2046.34,NEU_16_20_28Jun2017,1898.29,2008.55,1904.52,2025.82,NEU_16_21_28Jun2017,1900.1,2014.25,1904.52,2025.82,1899.195,2011.4,1.00280382,1.007169136,1903.732799,2061.01049,Y,16.8,1,7.936,491.2,492.9,1766.3,119.6,17.9,53.4,2.3,0,0,12.725,2.94,1.88,502.3
550_17_3-1_20170526_Acclimation_NA,05/26/2017,20170526,Acclimation,NA,550,17,3,1,7,29.85094355,900_17_3-1_05-26-17_12Dec17,20171212,25.054001,16.7,1890.74,2044.69,132.75,7.726432532,1935.68,1935.68,2044.69,2043.26,NEU_20_19_12Dec17,2043.04,2141.93,2034.478856,2135.608489,NEU_20_20_12Dec17,2037.47,2144.59,2034.478856,2135.608489,2040.255,2143.26,0.997168911,0.996429966,1885.387146,2035.965492,Y,16.7,1,7.928,496.5,498.3,1752.2,115,18.2,51.6,2.2,0,0,12.915,2.84,1.81,507.6
550_17_3-2_20170526_Acclimation_NA,05/26/2017,20170526,Acclimation,NA,550,17,3,2,8,29.85094355,900_17_3-2_05-26-17_12Dec17,20171212,25.052,16.7,1889.5,2043.21,132.8,7.709796673,1932,1932.97,2043.21,2047.97,NEU_20_19_12Dec17,2043.04,2141.93,2034.478856,2135.608489,NEU_20_20_12Dec17,2037.47,2144.59,2034.478856,2135.608489,2040.255,2143.26,0.997168911,0.996429966,1884.150657,2040.658678,Y,16.7,1,7.943,478.8,480.5,1747.9,118.7,17.5,53.1,2.3,0,0,12.709,2.93,1.87,489.5
550_17_3-3_20170526_Acclimation_NA,05/26/2017,20170526,Acclimation,NA,550,17,3,3,9,29.85094355,900_17_3-3_05-26-17_12Dec17,20171212,25.028,16.7,1897.64,2040.68,133.25,7.715341959,1938.97,1939.1,2040.68,2038.82,NEU_20_19_12Dec17,2043.04,2141.93,2034.478856,2135.608489,NEU_20_20_12Dec17,2037.47,2144.59,2034.478856,2135.608489,2040.255,2143.26,0.997168911,0.996429966,1892.267612,2031.541343,Y,16.7,1,7.899,535.1,537,1764.5,108.2,19.6,48.6,2.1,0,0,13.339,2.67,1.7,547.1
550_17_4-1_20170526_Acclimation_NA,05/26/2017,20170526,Acclimation,NA,550,17,4,1,10,29.85094355,2800_17_4-1_05-26-17_01Dec17,20171201,24.969,17.2,1918.2,2033.03,143.65,7.709796673,1981.03,1981.37,2032.51,2032.36,NEU_20_12_01Dec17,2016.01,2151.1,2034.478856,2135.608489,NEU_20_13_01Dec17,2005.82,2146.03,2034.478856,2135.608489,2010.915,2148.565,1.011717977,0.993969691,1940.677424,2020.104241,Y,17.2,1,7.714,853.7,856.7,1834.8,75.1,30.8,33.7,1.4,0,0,15.81,1.85,1.18,873.4
550_17_5-1_20170526_Acclimation_NA,05/26/2017,20170526,Acclimation,NA,550,17,5,1,13,29.85094355,900_17_5-1_05-26-17_12Dec17,20171212,25.013,17,1907.03,2010.72,141.85,7.731977819,1953.7,1953.68,2010.72,2009.97,NEU_20_19_12Dec17,2043.04,2141.93,2034.478856,2135.608489,NEU_20_20_12Dec17,2037.47,2144.59,2034.478856,2135.608489,2040.255,2143.26,0.997168911,0.996429966,1901.631028,2002.794339,Y,17,1,7.788,703.1,705.5,1790.1,86,25.5,39.1,1.6,0,0,14.839,2.12,1.35,719.1
550_17_5-2_20170526_Acclimation_NA,05/26/2017,20170526,Acclimation,NA,550,17,5,2,14,29.85094355,900_17_5-2_05-26-17_12Dec17,20171212,25.003,17,1889.3,2031.57,134.35,7.726432532,1927.87,1927.79,2031.57,2030.6,NEU_20_19_12Dec17,2043.04,2141.93,2034.478856,2135.608489,NEU_20_20_12Dec17,2037.47,2144.59,2034.478856,2135.608489,2040.255,2143.26,0.997168911,0.996429966,1883.951223,2023.350689,Y,17,1,7.896,537.9,539.8,1756.2,108.2,19.5,48.7,2.1,0,0,13.294,2.67,1.7,550.1
550_17_5-3_20170526_Acclimation_NA,05/26/2017,20170526,Acclimation,NA,550,17,5,3,15,29.85094355,900_17_5-3_05-26-17_12Dec17,20171212,25.063999,17,1888.47,2041.77,132.75,7.720887246,1930.72,1930.54,2041.77,2040.55,NEU_20_19_12Dec17,2043.04,2141.93,2034.478856,2135.608489,NEU_20_20_12Dec17,2037.47,2144.59,2034.478856,2135.608489,2040.255,2143.26,0.997168911,0.996429966,1883.123573,2033.265167,Y,17,1,7.923,503.3,505.1,1750,114.8,18.3,51.4,2.2,0,0,12.911,2.83,1.81,514.7
550_17_6-1_20170526_Acclimation_NA,05/26/2017,20170526,Acclimation,NA,550,17,6,1,16,29.75009577,2800_17_6-1_05-26-17_12Dec17,20171212,25.018,16.7,1903.72,2039.99,135.65,7.726432532,1943.13,1942.86,2039.99,2039.28,NEU_20_19_12Dec17,2043.04,2141.93,2034.478856,2135.608489,NEU_20_20_12Dec17,2037.47,2144.59,2034.478856,2135.608489,2040.255,2143.26,0.997168911,0.996429966,1898.330399,2031.999701,Y,16.7,1,7.885,555.6,557.6,1773,105,20.4,47.1,2,0,0,13.574,2.59,1.65,568
550_17_6-2_20170526_Acclimation_NA,05/26/2017,20170526,Acclimation,NA,550,17,6,2,17,29.85094355,2800_17_6-2_05-26-17_12Dec17,20171212,25.054001,16.7,1898.57,2052.09,132.9,7.6987061,1940.79,1940.84,2052.09,2050.96,NEU_20_19_12Dec17,2043.04,2141.93,2034.478856,2135.608489,NEU_20_20_12Dec17,2037.47,2144.59,2034.478856,2135.608489,2040.255,2143.26,0.997168911,0.996429966,1893.194979,2043.638003,Y,16.7,1,7.927,500.2,501.9,1759.7,115.1,18.3,51.4,2.2,0,0,12.946,2.84,1.81,511.4
550_17_6-3_20170526_Acclimation_NA,05/26/2017,20170526,Acclimation,NA,550,17,6,3,18,29.85094355,2800_17_6-3_05-26-17_12Dec17,20171212,25.023001,16.7,1906.14,2041.26,134.95,7.720887246,1942.53,1942.39,2041.26,2040.39,NEU_20_19_12Dec17,2043.04,2141.93,2034.478856,2135.608489,NEU_20_20_12Dec17,2037.47,2144.59,2034.478856,2135.608489,2040.255,2143.26,0.997168911,0.996429966,1900.743548,2033.105738,Y,16.7,1,7.88,562.8,564.8,1775.9,104.2,20.6,46.8,2,0,0,13.623,2.57,1.64,575.4
550_17_1-1_20170605_Exposure_9,06/05/2017,20170605,Exposure,9,550,17,1,1,1,30.42063061,400_17_1-1_06-05-17_14Jun17,20170614,24.868999,18.2,1894.82,2073.4,130.5,7.82739212,1935.41,1935.19,2071.43,2071.46,NEU_16_08_14Jun17,1888.89,2024.66,1904.52,2025.82,NEU_16_10_14Jun17,1904.94,2023.95,1904.52,2025.82,1896.915,2024.305,1.004009141,1.000748405,1902.416601,2073.010291,Y,18.2,1,7.943,485.5,487.2,1756.9,128.5,17,56.4,2.7,0,0,12.241,3.17,2.03,497.2
550_17_1-2_20170605_Exposure_9,06/05/2017,20170605,Exposure,9,550,17,1,2,2,30.52271327,400_17_1-2_06-05-17_06Jun17,20170606,24.554001,18.1,1863.82,2075.51,131.1,7.804878049,1925.6,1924.59,2074.22,2074.3,NEU_15_32_06Jun17,1856.64,2031.38,1886.76,2032.8,,1845.36,2031.38,1886.76,2033.8,1851,2031.38,1.019319287,1.001191308,1899.827673,2076.771131,Y,18.1,1,7.958,467,468.6,1751.1,132.4,16.4,58.2,2.7,0,0,12.04,3.26,2.09,478.2
550_17_1-3_20170605_Exposure_9,06/05/2017,20170605,Exposure,9,550,17,1,3,3,30.52271327,400_17_1-3_06-05-17-14Jun17,20170614,24.884001,18.1,1905.53,2067.79,132.15,7.816135084,1930.22,1930.1,2066.52,2066.63,NEU_16_08_14Jun17,1888.89,2024.66,1904.52,2025.82,NEU_16_10_14Jun17,1904.94,2023.95,1904.52,2025.82,1896.915,2024.305,1.004009141,1.000748405,1913.169539,2068.176676,Y,18.1,1,7.905,534.7,536.6,1775.6,118.9,18.7,52.5,2.4,0,0,12.766,2.93,1.87,547.6
550_17_2-1_20170605_Exposure_9,06/05/2017,20170605,Exposure,9,550,17,2,1,4,30.52271327,400_17_2-1_06-05-17_14Jun17,20170614,24.917999,17.9,1926.52,2067.03,133.15,7.787992495,1936.31,1936.36,2065.83,2065.94,NEU_16_08_14Jun17,1888.89,2024.66,1904.52,2025.82,NEU_16_10_14Jun17,1904.94,2023.95,1904.52,2025.82,1896.915,2024.305,1.004009141,1.000748405,1934.243691,2067.48616,Y,17.9,1,7.851,615.2,617.3,1806.6,105.9,21.7,46.9,2.1,0,0,13.596,2.61,1.67,629.8
550_17_2-2_20170605_Exposure_9,06/05/2017,20170605,Exposure,9,550,17,2,2,5,30.52271327,400_17_2-2_06-05-17_14Jun17,20170614,24.875999,17.9,1929.24,2063.34,134.9,7.787992495,1944.83,1944.62,2062,2061.96,NEU_16_08_14Jun17,1888.89,2024.66,1904.52,2025.82,NEU_16_10_14Jun17,1904.94,2023.95,1904.52,2025.82,1896.915,2024.305,1.004009141,1.000748405,1936.974595,2063.503181,Y,17.9,1,7.833,643.2,645.4,1812.3,102,22.7,45.2,2,0,0,13.851,2.51,1.61,658.5
550_17_2-3_20170605_Exposure_9,06/05/2017,20170605,Exposure,9,550,17,2,3,6,30.52271327,400_17_2-3re_06-05-17_14Jun17,20170614,24.596001,17.9,1910.57,2068.05,131.85,7.782363977,1933.12,1932.73,2066.55,2066.55,NEU_16_08_14Jun17,1888.89,2024.66,1904.52,2025.82,NEU_16_10_14Jun17,1904.94,2023.95,1904.52,2025.82,1896.915,2024.305,1.004009141,1.000748405,1918.229745,2068.096616,Y,17.9,1,7.895,548.8,550.7,1783.2,115.7,19.3,51.2,2.3,0,0,12.961,2.85,1.82,561.9
1000_17_3-1_20170605_Exposure_9,06/05/2017,20170605,Exposure,9,1000,17,3,1,7,30.52271327,900_17_3-1_06-05-17_14Jun17,20170614,24.892,17.5,2019.77,2081.67,149.55,7.51782364,2043.66,2043.73,2080.83,2080.95,NEU_16_08_14Jun17,1888.89,2024.66,1904.52,2025.82,NEU_16_10_14Jun17,1904.94,2023.95,1904.52,2025.82,1896.915,2024.305,1.004009141,1.000748405,2027.867543,2082.507393,Y,17.5,1,7.617,1118.6,1122.5,1923.2,64.8,39.9,28.6,1.2,0,0,16.736,1.59,1.02,1144.7
1000_17_3-2_20170605_Exposure_9,06/05/2017,20170605,Exposure,9,1000,17,3,2,8,30.52271327,900_17_3-2_06-05-17_06Jun17,20170606,24.892,17.4,1976.43,2082.29,148.85,7.495309568,2035.16,2034.85,2081.55,2081.47,NEU_15_32_06Jun17,1856.64,2031.38,1886.76,2032.8,,1845.36,2031.38,1886.76,2033.8,1851,2031.38,1.019319287,1.001191308,2014.613218,2083.949673,Y,17.4,1,7.667,989,992.5,1907.5,71.7,35.4,31.7,1.3,0,0,16.256,1.76,1.13,1012
1000_17_3-3_20170605_Exposure_9,06/05/2017,20170605,Exposure,9,1000,17,3,3,9,30.52271327,900_17_3-3_06-05-17_14Jun17,20170614,24.902,17.4,1994.9,2082.53,149.9,7.332082552,2010.91,2010.34,2081.41,2081.35,NEU_16_08_14Jun17,1888.89,2024.66,1904.52,2025.82,NEU_16_10_14Jun17,1904.94,2023.95,1904.52,2025.82,1896.915,2024.305,1.004009141,1.000748405,2002.897836,2082.907693,Y,17.4,1,7.701,907.5,910.7,1893.4,77,32.4,34,1.4,0,0,15.848,1.89,1.21,928.6
2800_17_4-1_20170605_Exposure_9,06/05/2017,20170605,Exposure,9,2800,17,4,1,10,30.52271327,2800_17_4-1_06-05-17_15Jun17,20170615,24.834999,17.8,2132.49,2117.94,165.25,7.084427767,2171.59,2171.06,2115.96,2116.06,NEU_16_11_15Jun17,1888.01,2024.34,1904.52,2025.82,NEU_16_12_15Jun17,1879.32,2020.02,1904.52,2025.82,1883.665,2022.18,1.011071502,1.001800038,2156.099866,2119.868988,Y,17.8,1,7.308,2420,2428.4,2036.5,34.1,85.5,14.7,0.6,0,0,16.423,0.84,0.54,2477.4
2800_17_4-2_20170605_Exposure_9,06/05/2017,20170605,Exposure,9,2800,17,4,2,11,30.52271327,2800_17_4-2_06-05-17_15Jun17,20170615,24.938,18.2,2190.32,2130.04,171.65,7.101313321,2227.53,2227.08,2128.77,2128.03,NEU_16_11_15Jun17,1888.01,2024.34,1904.52,2025.82,NEU_16_12_15Jun17,1879.32,2020.02,1904.52,2025.82,1883.665,2022.18,1.011071502,1.001800038,2214.570131,2131.860534,Y,18.2,1,7.166,3415.5,3427.4,2069.8,25.4,119.3,10.8,0.4,0,0,14.371,0.63,0.4,3498.3
2800_17_4-3_20170605_Exposure_9,06/05/2017,20170605,Exposure,9,2800,17,4,3,12,30.52271327,2800_17_4-3_06-05-17_15Jun17,20170615,24.974001,18.8,2174.34,2140.1,168.2,7.106941839,2210.47,2210.27,2138.25,2138.2,NEU_16_11_15Jun17,1888.01,2024.34,1904.52,2025.82,NEU_16_12_15Jun17,1879.32,2020.02,1904.52,2025.82,1883.665,2022.18,1.011071502,1.001800038,2198.413209,2142.04884,Y,18.8,1,7.236,2918.6,2928.7,2067.7,30.5,100.2,12.9,0.6,0,0,15.552,0.75,0.48,2991.7
1000_17_5-1_20170605_Exposure_9,06/05/2017,20170605,Exposure,9,1000,17,5,1,13,30.52271327,900_17_5-1_06-05-17_15Jun17,20170615,24.997,18,2002.66,2067.2,148.65,7.545966229,2038,2038.22,2064.82,2065.01,NEU_16_11_15Jun17,1888.01,2024.34,1904.52,2025.82,NEU_16_12_15Jun17,1879.32,2020.02,1904.52,2025.82,1883.665,2022.18,1.011071502,1.001800038,2024.832453,2068.727096,Y,18,1,7.574,1237.4,1241.7,1921.5,59.9,43.5,26.4,1.1,0,0,16.951,1.47,0.94,1267.1
1000_17_5-2_20170605_Exposure_9,06/05/2017,20170605,Exposure,9,1000,17,5,2,14,30.52271327,900_17_5-2_06-05-17_15Jun17,20170615,24.954,18,1985.98,2082.67,145.42,7.540337711,2038.96,2038.93,2079.86,2079.81,NEU_16_11_15Jun17,1888.01,2024.34,1904.52,2025.82,NEU_16_12_15Jun17,1879.32,2020.02,1904.52,2025.82,1883.665,2022.18,1.011071502,1.001800038,2007.967781,2083.553736,Y,18,1,7.678,963.2,966.6,1899,75.1,33.8,32.9,1.4,0,0,15.972,1.85,1.18,986.3
1000_17_5-3_20170605_Exposure_9,06/05/2017,20170605,Exposure,9,1000,17,5,3,15,30.52271327,900_17_5-3_06-05-17_15Jun17,20170615,24.945999,18.1,1989.71,2074.64,145.95,7.545966229,2027.34,2027.23,2072.61,2072.69,NEU_16_11_15Jun17,1888.01,2024.34,1904.52,2025.82,NEU_16_12_15Jun17,1879.32,2020.02,1904.52,2025.82,1883.665,2022.18,1.011071502,1.001800038,2011.739077,2076.42092,Y,18.1,1,7.642,1051,1054.6,1905.3,69.6,36.8,30.6,1.3,0,0,16.342,1.71,1.1,1076.3
2800_17_6-1_20170605_Exposure_9,06/05/2017,20170605,Exposure,9,2800,17,6,1,16,30.52271327,2800_17_6-1_06-05-17_14Jun17,20170614,24.907,17.6,2160.32,2113.77,167.55,7.067542214,2172.73,2173.03,2113.42,2113.54,NEU_16_08_14Jun17,1888.89,2024.66,1904.52,2025.82,NEU_16_10_14Jun17,1904.94,2023.95,1904.52,2025.82,1896.915,2024.305,1.004009141,1.000748405,2168.981028,2115.121784,Y,17.6,1,7.255,2737,2746.6,2041.7,30,97.3,13,0.5,0,0,15.715,0.74,0.47,2801.3
2800_17_6-2_20170605_Exposure_9,06/05/2017,20170605,Exposure,9,2800,17,6,2,17,30.52271327,2800_17_6-2_06-05-17_06Jun17,20170606,25.054001,17.6,2129.1,2113.17,169.95,7.090056285,2185.14,2185.35,2112.68,2112.87,NEU_15_32_06Jun17,1856.64,2031.38,1886.76,2032.8,,1845.36,2031.38,1886.76,2033.8,1851,2031.38,1.019319287,1.001191308,2170.232694,2115.38708,Y,17.6,1,7.252,2756.8,2766.5,2042.4,29.8,98,12.9,0.5,0,0,15.672,0.73,0.47,2821.6
2800_17_6-3_20170605_Exposure_9,06/05/2017,20170605,Exposure,9,2800,17,6,3,18,30.52271327,2800_17_6-3_06-05-17_15Jun17,20170615,24.917999,17.6,2159.81,2111.27,168.45,7.095684803,2171.93,2171.48,2111,2111.06,NEU_16_08_14Jun17,1888.89,2024.66,1904.52,2025.82,NEU_16_10_14Jun17,1904.94,2023.95,1904.52,2025.82,1896.915,2024.305,1.004009141,1.000748405,2168.468983,2112.639928,Y,17.6,1,7.249,2774.6,2784.4,2040.3,29.5,98.6,12.8,0.5,0,0,15.623,0.73,0.46,2839.8
550_17_1-1_20170609_Exposure_9,06/09/2017,20170609,Exposure,9,550,17,1,1,1,30.05974492,400_17_1-1_06-09-17_15Jun17,20170615,24.907,17.4,1869.59,2038.75,130.35,7.925287356,1908.24,1908.12,2038.19,2038.25,NEU_16_11_15Jun17,1888.01,2024.34,1904.52,2025.82,NEU_16_12_15Jun17,1879.32,2020.02,1904.52,2025.82,1883.665,2022.18,1.011071502,1.001800038,1890.289169,2041.918927,Y,17.4,1,7.917,513.3,515.1,1755.9,116,18.4,51.7,2.3,0,0,12.857,2.86,1.83,525.2
550_17_1-2_20170609_Exposure_9,06/09/2017,20170609,Exposure,9,550,17,1,2,2,30.09363415,400_17_1-2_06-09-17_15Jun17,20170615,24.927999,17.4,1866.85,2034.1,130.9,7.925287356,1914.19,1913.85,2033.15,2033.12,NEU_16_11_15Jun17,1888.01,2024.34,1904.52,2025.82,NEU_16_12_15Jun17,1879.32,2020.02,1904.52,2025.82,1883.665,2022.18,1.011071502,1.001800038,1887.518833,2036.779692,Y,17.4,1,7.911,519.9,521.7,1754.5,114.4,18.6,51.2,2.3,0,0,12.926,2.82,1.8,531.9
550_17_1-3_20170609_Exposure_9,06/09/2017,20170609,Exposure,9,550,17,1,3,3,30.09363415,400_17_1-3_06-09-17_15Jun17,20170615,24.938,17.4,1866.96,2036.02,130.55,7.925287356,1910.1,1909.97,2035.23,2035.21,NEU_16_11_15Jun17,1888.01,2024.34,1904.52,2025.82,NEU_16_12_15Jun17,1879.32,2020.02,1904.52,2025.82,1883.665,2022.18,1.011071502,1.001800038,1887.630051,2038.873454,Y,17.4,1,7.916,513.8,515.6,1753.5,115.7,18.4,51.7,2.3,0,0,12.858,2.85,1.82,525.7
550_17_2-1_20170609_Exposure_9,06/09/2017,20170609,Exposure,9,550,17,2,1,4,30.09363415,400_17_2-1_06-09-17_15Jun17,20170615,24.941,17.2,1868.83,2031.8,131.2,7.948275862,1908.82,1908.56,2031.16,2031.31,NEU_16_11_15Jun17,1888.01,2024.34,1904.52,2025.82,NEU_16_12_15Jun17,1879.32,2020.02,1904.52,2025.82,1883.665,2022.18,1.011071502,1.001800038,1889.520754,2034.966434,Y,17.2,1,7.904,528.4,530.3,1758.4,112,19.1,50.3,2.2,0,0,13.072,2.76,1.76,540.5
550_17_2-2_20170609_Exposure_9,06/09/2017,20170609,Exposure,9,550,17,2,2,5,30.09363415,900_17_2-2_06-09-17_15Jun17,20170615,24.943001,17.2,1867.48,1984.91,132.15,7.931034483,1869.66,1869.65,1984.34,1984.35,NEU_16_11_15Jun17,1888.01,2024.34,1904.52,2025.82,NEU_16_12_15Jun17,1879.32,2020.02,1904.52,2025.82,1883.665,2022.18,1.011071502,1.001800038,1888.155808,1987.921905,Y,17.2,1,7.779,713,715.5,1777.6,84.8,25.7,39,1.6,0,0,14.817,2.09,1.33,729.4
550_17_2-3_20170609_Exposure_9,06/09/2017,20170609,Exposure,9,550,17,2,3,6,30.09363415,400_17_2-3_06-09-17_19Jun17,20170619,24.802,17.2,1870.28,2026.72,134.2,7.948275862,1907.96,1907.62,2026.03,2026.01,NEU_16_13_19Jun17,1890.14,2019.24,1904.52,2025.82,NEU_16_15_19Jun17,1909.1,1990.72,1904.52,2025.82,1899.62,2004.98,1.002579463,1.010394119,1875.104319,2047.068588,Y,17.2,1,7.97,447,448.5,1730.7,128.3,16.1,57.2,2.6,0,0,12.155,3.16,2.02,457.2
1000_17_3-1_20170609_Exposure_9,06/09/2017,20170609,Exposure,9,1000,17,3,1,7,30.09363415,900_17_3-1_06-09-17_19Jun17,20170619,24.812,16.9,1954.44,2030,149.55,7.632183908,2001.12,2001.36,2029.44,2029.44,NEU_16_13_19Jun17,1890.14,2019.24,1904.52,2025.82,NEU_16_15_19Jun17,1909.1,1990.72,1904.52,2025.82,1899.62,2004.98,1.002579463,1.010394119,1959.481406,2050.53424,Y,16.9,1,7.751,789.3,792.1,1849,81.7,28.7,36.5,1.5,0,0,15.398,2.01,1.28,807.1
1000_17_3-2_20170609_Exposure_9,06/09/2017,20170609,Exposure,9,1000,17,3,2,8,30.09363415,900_17_3-2_06-09-17_19Jun17,20170619,24.825001,16.9,1947.13,2021.5,154.2,7.632183908,2009.61,2009.85,2021.57,2021.54,NEU_16_13_19Jun17,1890.14,2019.24,1904.52,2025.82,NEU_16_15_19Jun17,1909.1,1990.72,1904.52,2025.82,1899.62,2004.98,1.002579463,1.010394119,1952.15255,2042.552127,Y,16.9,1,7.749,788.9,791.7,1842.3,81.2,28.7,36.4,1.5,0,0,15.403,2,1.28,806.7
1000_17_3-3_20170609_Exposure_9,06/09/2017,20170609,Exposure,9,1000,17,3,3,9,30.09363415,900_17_3-3_06-09-17_19Jun17,20170619,24.83,16.9,1915.1,2029.69,151.2,7.626436782,2007.88,2007.83,2029.27,2029.28,NEU_16_13_19Jun17,1890.14,2019.24,1904.52,2025.82,NEU_16_15_19Jun17,1909.1,1990.72,1904.52,2025.82,1899.62,2004.98,1.002579463,1.010394119,1920.03993,2050.372577,Y,16.9,1,7.866,587.6,589.7,1795.2,103.5,21.4,46.3,2,0,0,13.736,2.55,1.63,600.9
2800_17_4-1_20170609_Exposure_9,06/09/2017,20170609,Exposure,9,2800,17,4,1,10,30.09363415,2800_17_4-1_06-09-17_19Jun17,20170619,24.843,17.5,1807.05,2042.24,172.3,7.252873563,2124.5,2124.55,2042.67,2042.5,NEU_16_13_19Jun17,1890.14,2019.24,1904.52,2025.82,NEU_16_15_19Jun17,1909.1,1990.72,1904.52,2025.82,1899.62,2004.98,1.002579463,1.010394119,1811.711219,2063.729987,Y,17.5,1,7.342,2171.5,2179.1,1977.8,35,77.6,15.4,0.6,0,0,16.767,0.86,0.55,2222.2
2800_17_4-2_20170609_Exposure_9,06/09/2017,20170609,Exposure,9,2800,17,4,2,11,30.09363415,2800_17_4-2_06-09-17_19Jun17,20170619,24.846001,17.5,1714.11,2047.08,172.55,7.218390805,2137.3,2137.68,2047.19,2047.17,NEU_16_13_19Jun17,1890.14,2019.24,1904.52,2025.82,NEU_16_15_19Jun17,1909.1,1990.72,1904.52,2025.82,1899.62,2004.98,1.002579463,1.010394119,1718.531484,2068.448528,Y,17.5,1,7.306,2373.7,2382,1989,32.4,84.8,14.2,0.6,0,0,16.373,0.8,0.51,2429.2
2800_17_4-3_20170609_Exposure_9,06/09/2017,20170609,Exposure,9,2800,17,4,3,12,30.09363415,2800_17_4-3_06-09-17_19Jun17,20170619,24.861,17.5,1341.69,2024.38,177.4,7.24137931,2147.03,2146.97,2024.59,2024.52,NEU_16_13_19Jun17,1890.14,2019.24,1904.52,2025.82,NEU_16_15_19Jun17,1909.1,1990.72,1904.52,2025.82,1899.62,2004.98,1.002579463,1.010394119,1345.15084,2045.563101,Y,17.5,1,7.33,2214.3,2222.1,1962.4,33.8,79.1,15,0.6,0,0,16.629,0.83,0.53,2266
1000_17_5-1_20170609_Exposure_9,06/09/2017,20170609,Exposure,9,1000,17,5,1,13,30.09363415,900_17_5-1_06-09-17_19Jun17,20170619,24.84,17.4,1248.86,2029.79,149.65,7.701149425,2004.09,2004.44,2029.08,2029.13,NEU_16_13_19Jun17,1890.14,2019.24,1904.52,2025.82,NEU_16_15_19Jun17,1909.1,1990.72,1904.52,2025.82,1899.62,2004.98,1.002579463,1.010394119,1252.081388,2050.221018,Y,17.4,1,7.813,674.1,676.5,1817.1,94.7,24.2,42.1,1.8,0,0,14.375,2.33,1.49,689.8
1000_17_5-2_20170609_Exposure_9,06/09/2017,20170609,Exposure,9,1000,17,5,2,14,30.09363415,900_17_5-2_06-09-17_19Jun17,20170619,24.825001,17.4,1060.51,2030.64,150.25,7.683908046,2002.62,2002.51,2030.29,2030.3,NEU_16_13_19Jun17,1890.14,2019.24,1904.52,2025.82,NEU_16_15_19Jun17,1909.1,1990.72,1904.52,2025.82,1899.62,2004.98,1.002579463,1.010394119,1063.245547,2051.403179,Y,17.4,1,7.795,706.4,708.9,1826.6,91.3,25.3,40.5,1.7,0,0,14.638,2.25,1.44,722.8
1000_17_5-3_20170609_Exposure_9,06/09/2017,20170609,Exposure,9,1000,17,5,3,15,30.09363415,900_17_5-3_06-09-17_21Jun17,20170621,25.028,17.4,1993.76,2030.45,151.15,7.67816092,2003.16,2002.62,2030.36,2030.56,NEU_16_18_21Jun17,1887.68,2016.34,1904.52,2025.82,NEU_16_19_21Jun17,1897.18,2018.74,1904.52,2025.82,1892.43,2017.54,1.006388611,1.004104008,2006.497358,2038.893434,Y,17.4,1,7.792,707.2,709.7,1816.5,90.2,25.3,40.3,1.7,0,0,14.658,2.22,1.42,723.6
2800_17_6-1_20170609_Exposure_9,06/09/2017,20170609,Exposure,9,2800,17,6,1,16,30.12752337,2800_17_6-1_06-09-17_21Jun17,20170621,25.063999,17,2123.54,2048.76,172.4,7.264367816,2135.32,2135.14,2048.96,2048.91,NEU_16_18_21Jun17,1887.68,2016.34,1904.52,2025.82,NEU_16_19_21Jun17,1897.18,2018.74,1904.52,2025.82,1892.43,2017.54,1.006388611,1.004104008,2137.106472,2057.318743,Y,17,1,7.182,3164.5,3175.6,1998.4,23.9,114.7,10.7,0.4,0,0,14.445,0.59,0.38,3236.5
2800_17_6-2_20170609_Exposure_9,06/09/2017,20170609,Exposure,9,2800,17,6,2,17,30.09363415,2800_17_6-2_06-09-17_21Jun17,20170621,25.056999,17,2111.91,2054.04,171.45,7.270114943,2135.01,2134.94,2054.25,2054.38,NEU_16_18_21Jun17,1887.68,2016.34,1904.52,2025.82,NEU_16_19_21Jun17,1897.18,2018.74,1904.52,2025.82,1892.43,2017.54,1.006388611,1.004104008,2125.402172,2062.811192,Y,17,1,7.233,2808.4,2818.4,1996.6,26.9,101.8,11.9,0.5,0,0,15.307,0.66,0.42,2872.3
2800_17_6-3_20170609_Exposure_9,06/09/2017,20170609,Exposure,9,2800,17,6,3,18,30.09363415,2800_17_6-3_06-09-17_21Jun17,20170621,25.044001,17,2096.5,2048.85,170.05,7.252873563,2118.72,2118.21,2049.01,2049.21,NEU_16_18_21Jun17,1887.68,2016.34,1904.52,2025.82,NEU_16_19_21Jun17,1897.18,2018.74,1904.52,2025.82,1892.43,2017.54,1.006388611,1.004104008,2109.893724,2057.619974,Y,17,1,7.264,2600.3,2609.5,1986.8,28.8,94.3,12.8,0.5,0,0,15.779,0.71,0.45,2659.5
550_17_1-1_20170623_Exposure_80,06/23/2017,20170623,Exposure,80,550,17,1,1,1,30.98172827,400_17_1-1_06-23-17_01Dec17,20171201,24.979,17.1,1960.11,2147.75,132.8,7.935361217,2025.02,2024.55,2144.76,2144.66,NEU_20_12_01Dec17,2016.01,2151.1,2034.478856,2135.608489,NEU_20_13_01Dec17,2005.82,2146.03,2034.478856,2135.608489,2010.915,2148.565,1.011717977,0.993969691,1983.078524,2131.727037,Y,17.1,1,7.891,569.7,571.7,1846.4,116.2,20.5,50.9,2.1,0,0,13.214,2.85,1.82,582.7
550_17_1-2_20170623_Exposure_80,06/23/2017,20170623,Exposure,80,550,17,1,2,2,31.08166933,400_17_1-2_06-23-17_01Dec17,20171201,25.01,17.1,2022.32,2148.06,143.15,7.912547529,2085.53,2085.26,2145.78,2145.88,NEU_20_12_01Dec17,2016.01,2151.1,2034.478856,2135.608489,NEU_20_13_01Dec17,2005.82,2146.03,2034.478856,2135.608489,2010.915,2148.565,1.011717977,0.993969691,2046.0175,2132.93968,Y,17.1,1,7.717,889.2,892.4,1932.4,81.7,32,35.8,1.4,0,0,15.657,2,1.28,909.5
550_17_1-3_20170623_Exposure_80,06/23/2017,20170623,Exposure,80,550,17,1,3,3,31.08166933,400_17_1-3_06-23-17_01Dec17,20171201,25.004999,17.1,1953.22,2144.91,131.65,7.941064639,2016.77,2016.66,2141.77,2141.78,NEU_20_12_01Dec17,2016.01,2151.1,2034.478856,2135.608489,NEU_20_13_01Dec17,2005.82,2146.03,2034.478856,2135.608489,2010.915,2148.565,1.011717977,0.993969691,1976.107787,2128.864405,Y,17.1,1,7.9,554.5,556.5,1837.7,118.5,19.9,52.1,2.2,0,0,13.047,2.9,1.86,567.2
550_17_2-1_20170623_Exposure_80,06/23/2017,20170623,Exposure,80,550,17,2,1,4,31.08166933,400_17_2_1_06_23_17_28Jun2017,20170628,25.063999,16.9,1976.91,2132.17,132.6,7.941064639,1998.41,1998.39,2132.29,2132.25,NEU_16_20_28Jun2017,1898.29,2008.55,1904.52,2025.82,NEU_16_21_28Jun2017,1900.1,2014.25,1904.52,2025.82,1899.195,2011.4,1.00280382,1.007169136,1982.452899,2147.53639,Y,16.9,1,7.931,515.1,516.9,1837.5,126.3,18.6,55.1,2.3,0,0,12.676,3.09,1.98,526.8
550_17_2-2_20170623_Exposure_80,06/23/2017,20170623,Exposure,80,550,17,2,2,5,31.08166933,400_17_2_2_06_23_17_28Jun2017,20170628,25.098,16.9,1976.73,2131.25,132.75,7.946768061,1993.52,1993.48,2131.53,2131.45,NEU_16_20_28Jun2017,1898.29,2008.55,1904.52,2025.82,NEU_16_21_28Jun2017,1900.1,2014.25,1904.52,2025.82,1899.195,2011.4,1.00280382,1.007169136,1982.272394,2146.730655,Y,16.9,1.03,7.93,516.8,518.7,1837.7,125.9,18.7,55,2.3,0,0,12.695,3.08,1.97,528.5
550_17_2-3_20170623_Exposure_80,06/23/2017,20170623,Exposure,80,550,17,2,3,6,31.08166933,400_17_2_3_06_23_17_28Jun2017,20170628,25.066999,16.9,1975.06,2132.4,132.35,7.946768061,1993.43,1993.45,2132.8,2132.69,NEU_16_20_28Jun2017,1898.29,2008.55,1904.52,2025.82,NEU_16_21_28Jun2017,1900.1,2014.25,1904.52,2025.82,1899.195,2011.4,1.00280382,1.007169136,1980.597712,2147.979544,Y,16.9,1.03,7.937,507.8,509.6,1834.5,127.7,18.4,55.7,2.3,0,0,12.599,3.13,2,519.3
1000_17_3-1_20170623_Exposure_80,06/23/2017,20170623,Exposure,80,1000,17,3,1,7,31.08166933,900_17_3-1_06-23-17_01Dec17,20171201,24.964001,16.8,2048.14,2155.43,148.25,7.650190114,2118.7,2119.29,2153.45,2153.32,NEU_20_12_01Dec17,2016.01,2151.1,2034.478856,2135.608489,NEU_20_13_01Dec17,2005.82,2146.03,2034.478856,2135.608489,2010.915,2148.565,1.011717977,0.993969691,2072.140058,2140.334815,Y,16.8,1.03,7.663,1021.2,1024.9,1962.8,72.3,37.1,31.7,1.2,0,0,16.397,1.77,1.13,1044.2
1000_17_3-2_20170623_Exposure_80,06/23/2017,20170623,Exposure,80,1000,17,3,2,8,30.98172827,900_17_3-2_06-23-17_01Dec17,20171201,24.927999,16.8,2047.98,2148.52,147.95,7.661596958,2105.31,2105.44,2147.12,2147.01,NEU_20_12_01Dec17,2016.01,2151.1,2034.478856,2135.608489,NEU_20_13_01Dec17,2005.82,2146.03,2034.478856,2135.608489,2010.915,2148.565,1.011717977,0.993969691,2071.978183,2134.062866,Y,16.8,1.03,7.644,1065.9,1069.7,1964,69.2,38.7,30.4,1.2,0,0,16.604,1.7,1.08,1089.9
1000_17_3-3_20170623_Exposure_80,06/23/2017,20170623,Exposure,80,1000,17,3,3,9,30.98172827,900_17_3-3_06-23-17_12Dec17,20171212,24.985001,16.8,2061.05,2154.03,144.5,7.66730038,2100.48,2100.51,2154.03,2151.67,NEU_20_19_12Dec17,2043.04,2141.93,2034.478856,2135.608489,NEU_20_20_12Dec17,2037.47,2144.59,2034.478856,2135.608489,2040.255,2143.26,0.997168911,0.996429966,2055.214983,2143.988465,Y,16.8,1.03,7.727,870.4,873.5,1940.8,82.8,31.6,36.2,1.4,0,0,15.647,2.03,1.3,890
2800_17_4-1_20170623_Exposure_80,06/23/2017,20170623,Exposure,80,2800,17,4,1,10,31.08166933,2800_17_4_1_06_23_17_29Jun2017,20170629,24.634001,16.5,2164.38,2147.14,172.05,7.256653992,2230.22,2229.17,2148.78,2148.92,NEU_16_22_29Jun2017,1899,2012.23,1904.52,2025.82,NEU_16_23_29Jun2017,1899,2014.89,1904.52,2025.82,1899,2013.56,1.002906793,1.006088718,2170.671405,2162.004169,Y,16.5,1.03,7.412,1904.1,1910.9,2058.9,42.1,69.7,18.3,0.7,0,0,17.319,1.03,0.66,1946.3
2800_17_4-2_20170623_Exposure_80,06/23/2017,20170623,Exposure,80,2800,17,4,2,11,31.04835564,2800_17_4_2_06_23_17_29Jun2017,20170629,24.972,16.5,2164.53,2146.75,171.45,7.256653992,2230.26,2230.89,2148.22,2148.2,NEU_16_22_29Jun2017,1899,2012.23,1904.52,2025.82,NEU_16_23_29Jun2017,1899,2014.89,1904.52,2025.82,1899,2013.56,1.002906793,1.006088718,2170.821841,2161.279785,Y,16.5,1.03,7.409,1916,1922.8,2058.9,41.8,70.1,18.2,0.7,0,0,17.308,1.02,0.65,1958.4
2800_17_4-3_20170623_Exposure_80,06/23/2017,20170623,Exposure,80,2800,17,4,3,12,31.08166933,2800_17_4_3_06_23_17_29Jun2017,20170629,24.99,16.5,2164.26,2146.62,171.3,7.25095057,2227.22,2227.53,2148.28,2148.32,NEU_16_22_29Jun2017,1899,2012.23,1904.52,2025.82,NEU_16_23_29Jun2017,1899,2014.89,1904.52,2025.82,1899,2013.56,1.002906793,1.006088718,2170.551056,2161.400516,Y,16.5,1.03,7.41,1911.1,1917.9,2058.7,41.9,70,18.3,0.7,0,0,17.309,1.03,0.66,1953.4
1000_17_5-1_20170623_Exposure_80,06/23/2017,20170623,Exposure,80,1000,17,5,1,13,31.08166933,900_17_5_1_06_23_17_29Jun2017,20170629,24.974001,16.8,2023.97,2134.1,147.9,7.684410646,2086.09,2086.56,2135.03,2134.97,NEU_16_22_29Jun2017,1899,2012.23,1904.52,2025.82,NEU_16_23_29Jun2017,1899,2014.89,1904.52,2025.82,1899,2013.56,1.002906793,1.006088718,2029.853262,2147.969231,Y,16.8,1.03,7.811,704.6,707.1,1905.5,98.8,25.6,43.2,1.7,0,0,14.461,2.42,1.55,720.5
1000_17_5-2_20170623_Exposure_80,06/23/2017,20170623,Exposure,80,1000,17,5,2,14,31.1482967,900_17_5_2_06_23_17_29Jun2017,20170629,25.01,16.8,2027.6,2134.58,147.85,7.684410646,2088.44,2088.64,2135.24,2135.15,NEU_16_22_29Jun2017,1899,2012.23,1904.52,2025.82,NEU_16_23_29Jun2017,1899,2014.89,1904.52,2025.82,1899,2013.56,1.002906793,1.006088718,2033.493814,2148.150327,Y,16.8,1.03,7.8,723.6,726.1,1910.4,96.8,26.2,42.4,1.7,0,0,14.595,2.37,1.52,739.8
1000_17_5-3_20170623_Exposure_80,06/23/2017,20170623,Exposure,80,1000,17,5,3,15,31.08166933,900_17_5_3_06_23_17_29Jun2017,20170629,24.969,16.8,2026.68,2137.13,147.75,7.707224335,2086.59,2086.67,2138.34,2138.23,NEU_16_22_29Jun2017,1899,2012.23,1904.52,2025.82,NEU_16_23_29Jun2017,1899,2014.89,1904.52,2025.82,1899,2013.56,1.002906793,1.006088718,2032.571139,2151.249081,Y,16.8,1.03,7.812,703.5,706,1907.9,99.2,25.5,43.3,1.7,0,0,14.448,2.43,1.55,719.3
2800_17_6-1_20170623_Exposure_80,06/23/2017,20170623,Exposure,80,2800,17,6,1,16,31.08166933,2800_17_6_1_06_23_17_28Jun2017,20170628,24.337999,16.7,2213.25,2149.77,171.75,7.285171103,2232.86,2230.04,2151.49,2151.84,NEU_16_20_28Jun2017,1898.29,2008.55,1904.52,2025.82,NEU_16_21_28Jun2017,1900.1,2014.25,1904.52,2025.82,1899.195,2011.4,1.00280382,1.007169136,2219.455554,2167.266833,Y,16.7,1.03,7.272,2674.9,2684.4,2090.9,31.2,97.3,13.5,0.5,0,0,15.9,0.76,0.49,2734.8
2800_17_6-2_20170623_Exposure_80,06/23/2017,20170623,Exposure,80,2800,17,6,2,17,31.08166933,2800_17_6_2_06_23_17_28Jun2017,20170628,25.046,16.7,2209.97,2156.61,170.35,7.262357414,2237.14,2237.53,2158.01,2157.99,NEU_16_20_28Jun2017,1898.29,2008.55,1904.52,2025.82,NEU_16_21_28Jun2017,1900.1,2014.25,1904.52,2025.82,1899.195,2011.4,1.00280382,1.007169136,2216.166357,2173.460924,Y,16.7,1.03,7.301,2500.8,2509.7,2091.8,33.4,91,14.4,0.5,0,0,16.299,0.82,0.52,2556.8
2800_17_6-3_20170623_Exposure_80,06/23/2017,20170623,Exposure,80,2800,17,6,3,18,31.08166933,2800_17_6_3_06_23_17_28Jun2017,20170628,25.09,16.7,2213.31,2149.58,171.5,7.273764259,2232.85,2233.21,2151.1,2151.03,NEU_16_20_28Jun2017,1898.29,2008.55,1904.52,2025.82,NEU_16_21_28Jun2017,1900.1,2014.25,1904.52,2025.82,1899.195,2011.4,1.00280382,1.007169136,2219.515722,2166.451026,Y,16.7,1.03,7.269,2691.2,2700.7,2090.6,31,97.9,13.4,0.5,0,0,15.861,0.76,0.49,2751.5
550_17_1-1_20170630_Exposure_80,06/30/2017,20170630,Exposure,80,550,17,1,1,1,31.246139,400_17_1-1_06-30-17_13Jul17,20170713,24.995001,17.4,1974.26,2143.48,129,7.952471483,1989.51,1989.5,2140.69,2140.66,NEU_16_28_13Jul2017,1895.76,2010.38,1904.52,2025.82,NEU_29_13Jul17,1913.8,2012.33,1904.52,2025.82,1904.78,2011.355,0.999863501,1.007191669,1973.990516,2156.054919,Y,17.4,1.03,7.961,478.5,480.2,1819.9,137,17,59.5,2.6,0,0,12.116,3.35,2.15,489.6
550_17_2-1_20170630_Exposure_80,06/30/2017,20170630,Exposure,80,550,17,2,1,4,31.34618,400_17_2-1_06-30-17_01Dec17,20171201,24.905001,17,1954.09,2156.99,130.45,7.946768061,2009.29,2008.99,2154.43,2153.91,NEU_20_12_01Dec17,2016.01,2151.1,2034.478856,2135.608489,NEU_20_13_01Dec17,2005.82,2146.03,2034.478856,2135.608489,2010.915,2148.565,1.011717977,0.993969691,1976.987982,2140.921257,Y,17,1.03,7.925,521.9,523.8,1832.9,125.3,18.8,55.2,2.3,0,0,12.675,3.06,1.96,533.8
1000_17_3-1_20170630_Exposure_80,06/30/2017,20170630,Exposure,80,1000,17,3,1,7,31.312833,900_17_3-1_06-30-17_30Aug17,20170830,24.927999,18.3,2076.18,2140.39,147.95,7.684410646,2094.75,2095.39,2138.35,2138.13,NEU_18_01_30Aug17,1974.96,2117.59,1988.445028,2124.610945,NEU_18_02_30Aug17,1994.78,2118.09,1988.445028,2124.610945,1984.87,2117.84,1.00180114,1.003197099,2079.91949,2144.965814,Y,18.3,1.03,7.628,1119.7,1123.6,1969.4,71.6,38.8,30.9,1.3,0,0,16.344,1.76,1.13,1147
2800_17_4-1_20170630_Exposure_80,06/30/2017,20170630,Exposure,80,2800,17,4,1,10,31.312833,2800_17_4-1_063017_13Jul2017,20170713,24.646999,17.4,2227.87,2159.92,173.9,7.211026616,2247.43,2246.3,2158.56,2158.67,NEU_16_28_13Jul2017,1895.76,2010.38,1904.52,2025.82,NEU_29_13Jul17,1913.8,2012.33,1904.52,2025.82,1904.78,2011.355,0.999863501,1.007191669,2227.565899,2174.194441,Y,17.4,1.03,7.259,2774.7,2784.5,2097.4,31.4,98.8,13.5,0.5,0,0,15.766,0.77,0.49,2839.2
2800_17_4-2_20170630_Exposure_80,06/30/2017,20170630,Exposure,80,2800,17,4,2,11,31.312833,2800_17_4-2_063017_13Jul2017,20170713,24.856001,17.4,2187.8,2158.47,166.2,7.182509506,2202.18,2202.44,2156.86,2156.95,NEU_16_28_13Jul2017,1895.76,2010.38,1904.52,2025.82,NEU_29_13Jul17,1913.8,2012.33,1904.52,2025.82,1904.78,2011.355,0.999863501,1.007191669,2187.501368,2172.462071,Y,17.4,1.03,7.378,2083.1,2090.4,2072.5,40.9,74.2,17.6,0.7,0,0,17.056,1,0.64,2131.4
2800_17_4-3_20170630_Exposure_80,06/30/2017,20170630,Exposure,80,2800,17,4,3,12,31.312833,2800_17_4-3_06-30-17_13Jul17,20170713,24.843,17.4,2215.57,2160.15,171.6,7.19391635,2232.84,2232.65,2158.76,2158.91,NEU_16_28_13Jul2017,1895.76,2010.38,1904.52,2025.82,NEU_29_13Jul17,1913.8,2012.33,1904.52,2025.82,1904.78,2011.355,0.999863501,1.007191669,2215.267578,2174.436167,Y,17.4,1.03,7.297,2534.8,2543.7,2090.8,34.2,90.2,14.7,0.6,0,0,16.267,0.84,0.54,2593.7
1000_17_5-1_20170630_Exposure_80,06/30/2017,20170630,Exposure,80,1000,17,5,1,13,31.312833,900_17_5-1_06-30-17_30Aug17,20170830,25,17.5,2069.14,2142.7,147.25,7.673003802,2090.87,2091.23,2140.88,2140.7,NEU_18_01_30Aug17,1974.96,2117.59,1988.445028,2124.610945,NEU_18_02_30Aug17,1994.78,2118.09,1988.445028,2124.610945,1984.87,2117.84,1.00180114,1.003197099,2072.86681,2147.544031,Y,17.5,1.03,7.67,1007.7,1011.3,1961.1,76,35.8,33.1,1.3,0,0,16.092,1.86,1.19,1031.3
2800_17_6-1_20170630_Exposure_80,06/30/2017,20170630,Exposure,80,2800,17,6,1,16,31.312833,2800_17_6-1_06-30-17_13Jul17,20170713,24.851,17.3,2211.13,2170.38,168.8,7.19391635,2225.98,2226.06,2169.06,2169.06,NEU_16_28_13Jul2017,1895.76,2010.38,1904.52,2025.82,NEU_29_13Jul17,1913.8,2012.33,1904.52,2025.82,1904.78,2011.355,0.999863501,1.007191669,2210.828184,2184.659162,Y,17.3,1.03,7.344,2270.5,2278.5,2091.7,38,81.1,16.3,0.6,0,0,16.79,0.93,0.6,2323
2800_17_6-2_20170630_Exposure_80,06/30/2017,20170630,Exposure,80,2800,17,6,2,17,31.34618,2800_17_6-2_06-30-17_13Jul17,20170713,24.875999,17.3,2203.29,2169.81,167.05,7.199619772,2222.94,2222.91,2168.14,2168.2,NEU_16_28_13Jul2017,1895.76,2010.38,1904.52,2025.82,NEU_29_13Jul17,1913.8,2012.33,1904.52,2025.82,1904.78,2011.355,0.999863501,1.007191669,2202.989254,2183.792977,Y,17.3,1.03,7.366,2152.9,2160.5,2086.2,39.9,76.9,17.1,0.7,0,0,16.977,0.98,0.63,2202.7
2800_17_6-3_20170630_Exposure_80,06/30/2017,20170630,Exposure,80,2800,17,6,3,18,31.312833,2800_17_6-3_06-30-17_13Jul17,20170713,24.924999,17.3,2251.48,2170.64,172.5,7.19391635,2265.08,2264.74,2168.9,2168.97,NEU_16_28_13Jul2017,1895.76,2010.38,1904.52,2025.82,NEU_29_13Jul17,1913.8,2012.33,1904.52,2025.82,1904.78,2011.355,0.999863501,1.007191669,2251.172676,2184.568515,Y,17.3,1.03,7.222,3037.9,3048.6,2113.7,29,108.5,12.4,0.5,0,0,15.22,0.71,0.45,3108.1
550_17_1-1_20170712_Exposure_80,07/12/2017,20170712,Exposure,80,550,17,1,1,1,31.14389489,400_17_1-1_07-12-17_15Aug17,20170815,25.121,17.3,1977.37,2139.71,132.6,7.824299065,2016.14,2016.87,2137.4,2137.18,NEU_17_21_15Aug17,1945.63,2073.27,1972,2091.64,NEU_17_22_15Aug17,1951.8,2076.44,1972,2091.64,1948.715,2074.855,1.0119489,1.008089722,2000.997396,2154.469192,Y,17.3,1.03,7.895,568.9,570.9,1861,119.7,20.3,51.9,2.2,0,0,13.091,2.93,1.88,582.1
550_17_1-2_20170712_Exposure_80,07/12/2017,20170712,Exposure,80,550,17,1,2,2,31.14389489,400_17_1-2_07-12-17_15Aug17,20170815,25.08,17.3,1951.75,2139.23,128.35,7.818691589,1979.33,1980.12,2137.27,2137.07,NEU_17_21_15Aug17,1945.63,2073.27,1972,2091.64,NEU_17_22_15Aug17,1951.8,2076.44,1972,2091.64,1948.715,2074.855,1.0119489,1.008089722,1975.071265,2154.358302,Y,17.3,1.03,7.957,482.7,484.4,1822.5,135.3,17.3,58.7,2.6,0,0,12.208,3.31,2.12,493.9
550_17_1-3_20170712_Exposure_80,07/12/2017,20170712,Exposure,80,550,17,1,3,3,31.14389489,400_17_1-3_07-12-17_15Aug17,20170815,25.062,17.4,1997,2141.82,134.75,7.824299065,2023.21,2023.89,2140.31,2140.1,NEU_17_21_15Aug17,1945.63,2073.27,1972,2091.64,NEU_17_22_15Aug17,1951.8,2076.44,1972,2091.64,1948.715,2074.855,1.0119489,1.008089722,2020.861953,2157.412814,Y,17.4,1.03,7.85,641,643.3,1888.2,109.9,22.8,47.5,2,0,0,13.728,2.69,1.72,655.9
550_17_2-1_20170712_Exposure_80,07/12/2017,20170712,Exposure,80,550,17,2,1,4,31.24403604,400_17_2-1_07-12-17_14Aug17,20170814,25.08,17,1953.06,2132.52,131.5,7.773831776,1995.08,1995.08,2129.6,2129.6,NEU_17_19_14Aug17,1947.33,2080.8,1972,2091.64,NEU_17_20_14Aug17,1937.75,2080.39,1972,2091.64,1942.54,2080.595,1.015165711,1.005308578,1982.679543,2140.905147,Y,17,1.03,7.912,540.1,542,1841.3,121.9,19.5,53.5,2.2,0,0,12.882,2.98,1.91,552.4
550_17_2-2_20170712_Exposure_80,07/12/2017,20170712,Exposure,80,550,17,2,2,5,31.21065566,400_17_2-2_07-12-17_15Aug17,20170815,25.09,17,1961.84,2133.23,131.05,7.773831776,1989.26,1989.65,2131.39,2131.43,NEU_17_21_15Aug17,1945.63,2073.27,1972,2091.64,NEU_17_22_15Aug17,1951.8,2076.44,1972,2091.64,1948.715,2074.855,1.0119489,1.008089722,1985.281829,2148.672676,Y,17,1.03,7.924,525.2,527.1,1841.1,125.3,18.9,54.8,2.3,0,0,12.727,3.07,1.96,537.1
550_17_2-3_20170712_Exposure_80,07/12/2017,20170712,Exposure,80,550,17,2,3,6,31.21065566,400_17_2-3_07-12-17_15Aug17,20170815,25.143999,17,1954.62,2133.8,130.7,7.773831776,1990.17,1990.5,2131.73,2131.73,NEU_17_21_15Aug17,1945.63,2073.27,1972,2091.64,NEU_17_22_15Aug17,1951.8,2076.44,1972,2091.64,1948.715,2074.855,1.0119489,1.008089722,1977.975558,2148.975103,Y,17,1.03,7.942,500.5,502.3,1830.1,129.9,18,56.8,2.4,0,0,12.468,3.18,2.03,511.9
1000_17_3-1_20170712_Exposure_80,07/12/2017,20170712,Exposure,80,1000,17,3,1,7,31.14389489,900_17_3-1_07-12-17_11Aug17,20170811,25.059,17,2064.25,2150.16,146.65,7.504672897,2099.86,2100.34,2148.26,2148.25,NEU_17_03_11Aug17,1955.39,2079.67,1972,2091.64,NEU_17_04_11Aug17,1948.34,2090.84,1972,2091.64,1951.865,2085.255,1.010315775,1.003061976,2085.544338,2154.827889,Y,17,1.03,7.662,1031.1,1034.7,1975,73.3,37.2,31.9,1.3,0,0,16.365,1.8,1.15,1054.5
1000_17_3-2_20170712_Exposure_80,07/12/2017,20170712,Exposure,80,1000,17,3,2,8,31.14389489,900_17_3-2_07-12-17_14Aug17,20170814,24.874001,17.3,2046.49,2141.18,147.05,7.487850467,2090.26,2090.06,2139.49,2139.42,NEU_17_19_14Aug17,1947.33,2080.8,1972,2091.64,NEU_17_20_14Aug17,1937.75,2080.39,1972,2091.64,1942.54,2080.595,1.015165711,1.005308578,2077.526476,2150.777277,Y,17.3,1.03,7.67,1009.1,1012.7,1966.1,75.3,36.1,32.7,1.3,0,0,16.19,1.84,1.18,1032.5
1000_17_3-3_20170712_Exposure_80,07/12/2017,20170712,Exposure,80,1000,17,3,3,9,31.24403604,900_17_3-3_07-12-17_11Aug17,20170811,25.142,17.2,2065.56,2144.99,147.5,7.504672897,2097.33,2097.65,2143.21,2143.05,NEU_17_03_11Aug17,1955.39,2079.67,1972,2091.64,NEU_17_04_11Aug17,1948.34,2090.84,1972,2091.64,1951.865,2085.255,1.010315775,1.003061976,2086.867852,2149.611967,Y,17.2,1.03,7.637,1093.3,1097.1,1977.6,70.1,39.2,30.6,1.2,0,0,16.539,1.72,1.1,1118.4
2800_17_4-1_20170712_Exposure_80,07/12/2017,20170712,Exposure,80,2800,17,4,1,10,31.14389489,2800_17_4-1_07-12-17_11Aug17,20170811,25.075001,17.6,2217.78,2168.21,172.65,7.039252336,2268.38,2269.07,2166.57,2166.49,NEU_17_03_11Aug17,1955.39,2079.67,1972,2091.64,NEU_17_04_11Aug17,1948.34,2090.84,1972,2091.64,1951.865,2085.255,1.010315775,1.003061976,2240.658119,2173.12374,Y,17.6,1.03,7.216,3074.3,3085,2103.1,28.7,108.9,12.3,0.5,0,0,15.148,0.7,0.45,3146.4
2800_17_4-2_20170712_Exposure_80,07/12/2017,20170712,Exposure,80,2800,17,4,2,11,31.14389489,2800_17_4-2_07-12-17_11Aug17,20170811,24.99,17.7,2204.88,2168.76,169.75,7.03364486,2244.14,2244.38,2167.47,2167.34,NEU_17_03_11Aug17,1955.39,2079.67,1972,2091.64,NEU_17_04_11Aug17,1948.34,2090.84,1972,2091.64,1951.865,2085.255,1.010315775,1.003061976,2227.625046,2173.976342,Y,17.7,1.03,7.255,2802.5,2812.3,2097.2,31.4,99,13.4,0.5,0,0,15.749,0.77,0.49,2868.6
2800_17_4-3_20170712_Exposure_80,07/12/2017,20170712,Exposure,80,2800,17,4,3,12,31.14389489,2800_17_4-3_07-12-17_11Aug17,20170811,24.943001,17.6,2180.91,2167.96,165.9,7.05046729,2221.88,2222.91,2166.38,2166.22,NEU_17_03_11Aug17,1955.39,2079.67,1972,2091.64,NEU_17_04_11Aug17,1948.34,2090.84,1972,2091.64,1951.865,2085.255,1.010315775,1.003061976,2203.407777,2172.852913,Y,17.6,1.03,7.327,2357.9,2366.1,2083.2,36.7,83.5,15.7,0.6,0,0,16.63,0.9,0.58,2413.2
1000_17_5-1_20170712_Exposure_80,07/12/2017,20170712,Exposure,80,1000,17,5,1,13,31.17727528,900_17_5-1_07-12-17_14Aug17,20170814,25.035999,17,2052.37,2140.76,146.7,7.504672897,2079.23,2080.06,2139.67,2139.52,NEU_17_19_14Aug17,1947.33,2080.8,1972,2091.64,NEU_17_20_14Aug17,1937.75,2080.39,1972,2091.64,1942.54,2080.595,1.015165711,1.005308578,2083.49565,2150.877808,Y,17,1.03,7.655,1044.9,1048.5,1973.5,72.3,37.7,31.5,1.2,0,0,16.416,1.77,1.13,1068.6
1000_17_5-2_20170712_Exposure_80,07/12/2017,20170712,Exposure,80,1000,17,5,2,14,31.24403604,900_17_5-2_07-12-17_14Aug17,20170814,24.598,16.9,2049.13,2139.67,147.15,7.510280374,2083.14,2081.7,2138.32,2138.41,NEU_17_19_14Aug17,1947.33,2080.8,1972,2091.64,NEU_17_20_14Aug17,1937.75,2080.39,1972,2091.64,1942.54,2080.595,1.015165711,1.005308578,2080.206513,2149.761915,Y,16.9,1.03,7.663,1023.8,1027.4,1969.9,73.3,37,32.1,1.3,0,0,16.339,1.79,1.15,1047
1000_17_5-3_20170712_Exposure_80,07/12/2017,20170712,Exposure,80,1000,17,5,3,15,31.24403604,900_17_5-3_07-12-17_14Aug17,20170814,25.023001,16.9,2048.58,2140.36,146.95,7.499065421,2090.56,2091.19,2138.36,2138.16,NEU_17_19_14Aug17,1947.33,2080.8,1972,2091.64,NEU_17_20_14Aug17,1937.75,2080.39,1972,2091.64,1942.54,2080.595,1.015165711,1.005308578,2079.648172,2149.510588,Y,16.9,1.03,7.664,1021.2,1024.8,1969.3,73.4,36.9,32.1,1.3,0,0,16.328,1.8,1.15,1044.3
2800_17_6-1_20170712_Exposure_80,07/12/2017,20170712,Exposure,80,2800,17,6,1,16,31.24403604,2800_17_6-1_07-12-17_15Aug17,20170815,25.054001,18.1,2233.72,2172.04,170.55,6.98317757,2253.78,2254.54,2171.24,2171.18,NEU_17_21_15Aug17,1945.63,2073.27,1972,2091.64,NEU_17_22_15Aug17,1951.8,2076.44,1972,2091.64,1948.715,2074.855,1.0119489,1.008089722,2260.410496,2188.744242,Y,18.1,1.03,7.2,3226.7,3238,2119.3,28.5,112.6,12,0.5,0,0,14.944,0.7,0.45,3304.5
2800_17_6-2_20170712_Exposure_80,07/12/2017,20170712,Exposure,80,2800,17,6,2,17,31.24403604,2800_17_6-2_07-12-17_15Aug17,20170815,25.063999,18,2185.26,2174.96,163.05,6.994392523,2216.45,2216.45,2173.69,2173.69,NEU_17_21_15Aug17,1945.63,2073.27,1972,2091.64,NEU_17_22_15Aug17,1951.8,2076.44,1972,2091.64,1948.715,2074.855,1.0119489,1.008089722,2211.371452,2191.274548,Y,18,1.03,7.356,2224.1,2231.9,2093.4,40.1,77.8,17,0.7,0,0,16.901,0.98,0.63,2277.4
2800_17_6-3_20170712_Exposure_80,07/12/2017,20170712,Exposure,80,2800,17,6,3,18,31.24403604,2800_17_6-3_07-12-17_15Aug17,20170815,25.062,18.1,2242.59,2172.46,172.65,6.98317757,2267.98,2268.72,2171.56,2171.47,NEU_17_21_15Aug17,1945.63,2073.27,1972,2091.64,NEU_17_22_15Aug17,1951.8,2076.44,1972,2091.64,1948.715,2074.855,1.0119489,1.008089722,2269.386483,2189.036588,Y,18.1,1.03,7.176,3414.8,3426.7,2123.2,27,119.2,11.4,0.5,0,0,14.552,0.66,0.42,3497.1
550_19_1-1_20170721_Exposure_80,07/21/2017,20170721,Exposure,80,550,19,1,1,1,31.04375375,400_17_1-1_07-21-17_01Dec17,20171201,24.955999,18.5,2022.09,2157.26,142.45,7.792134831,2083.53,2083.75,2155.33,2154.36,NEU_20_12_01Dec17,2016.01,2151.1,2034.478856,2135.608489,NEU_20_13_01Dec17,2005.82,2146.03,2034.478856,2135.608489,2010.915,2148.565,1.011717977,0.993969691,2045.784804,2141.368543,Y,18.5,1.03,7.722,885.7,888.8,1928.1,87.1,30.6,37.4,1.7,0,0,15.243,2.14,1.37,907.5
550_19_1-2_20170721_Exposure_80,07/21/2017,20170721,Exposure,80,550,19,1,2,2,31.04375375,400_17_1-2_07-21-17_16Aug17,20170816,25.052,18.5,1958.02,2137.35,130.05,7.792134831,1974.61,1974.88,2135.33,2135.27,NEU_17_23_16Aug17,1957.02,2082.54,1972,2091.64,NEU_17_24_16Aug17,1955.81,2079.86,1972,2091.64,1956.415,2081.2,1.007966101,1.005016337,1973.617786,2145.981233,Y,18.5,1.03,7.924,525.3,527.1,1824,131.5,18.1,56.4,2.7,0,0,12.376,3.23,2.07,538.3
550_19_1-3_20170721_Exposure_80,07/21/2017,20170721,Exposure,80,550,19,1,3,3,31.04375375,400_17_1-3_07-21-17_16Aug17,20170816,25.025999,18.5,1959.47,2138.2,129.7,7.797752809,1976.65,1977.25,2136.04,2135.87,NEU_17_23_16Aug17,1957.02,2082.54,1972,2091.64,NEU_17_24_16Aug17,1955.81,2079.86,1972,2091.64,1956.415,2081.2,1.007966101,1.005016337,1975.079336,2146.584243,Y,18.5,1.03,7.922,528.4,530.3,1825.8,131,18.3,56.1,2.6,0,0,12.406,3.22,2.06,541.4
550_19_2-1_20170721_Exposure_80,07/21/2017,20170721,Exposure,80,550,19,2,1,4,30.84347147,400_17_2-1_07-21-17_02Aug17,20170802,24.737,18.3,1945.4,2123.72,129.85,7.792134831,1978.89,1978.06,2121.25,2121.29,NEU_17_01_02Aug17,1953.42,2078.61,1972,2091.64,NEU_17_02_02Aug17,1954.34,2085.2,1972,2091.64,1953.88,2081.905,1.009273855,1.004676006,1963.441358,2131.209164,Y,18.3,1.03,7.921,527,528.9,1816.8,128.3,18.3,55.2,2.6,0,0,12.5,3.15,2.02,539.9
550_19_2-2_20170721_Exposure_80,07/21/2017,20170721,Exposure,80,550,19,2,2,5,30.81009109,400_17_2-2_07-21-17_02Aug17,20170802,24.778999,18.3,1953.51,2133.96,129.75,7.792134831,1987.26,1986.33,2131.64,2131.85,NEU_17_01_02Aug17,1953.42,2078.61,1972,2091.64,NEU_17_02_02Aug17,1954.34,2085.2,1972,2091.64,1953.88,2081.905,1.009273855,1.004676006,1971.626569,2141.818543,Y,18.3,1.03,7.926,523.1,524.9,1823.3,130.1,18.2,55.7,2.6,0,0,12.455,3.2,2.05,535.8
550_19_2-3_20170721_Exposure_80,07/21/2017,20170721,Exposure,80,550,19,2,3,6,30.84347147,400_17_2-3_07-21-17_02Aug17,20170802,24.848,18.3,1953.49,2129.68,130.35,7.792134831,1984.96,1984.13,2127.51,2127.55,NEU_17_01_02Aug17,1953.42,2078.61,1972,2091.64,NEU_17_02_02Aug17,1954.34,2085.2,1972,2091.64,1953.88,2081.905,1.009273855,1.004676006,1971.606383,2137.498436,Y,18.3,1.03,7.916,536.1,538,1825.6,127.3,18.6,54.7,2.5,0,0,12.584,3.13,2.01,549.2
1000_19_3-1_20170721_Exposure_80,07/21/2017,20170721,Exposure,80,1000,19,3,1,7,31.04375375,900_17_3-1_07-21-17_02Aug17,20170802,24.843,18.8,2048.7,2124.95,147.85,7.52247191,2080.98,2079.99,2123.44,2123.53,NEU_17_01_02Aug17,1953.42,2078.61,1972,2091.64,NEU_17_02_02Aug17,1954.34,2085.2,1972,2091.64,1953.88,2081.905,1.009273855,1.004676006,2067.699347,2133.459639,Y,18.8,1.03,7.627,1121.3,1125.2,1957.4,71.9,38.4,30.9,1.4,0,0,16.29,1.77,1.13,1149.3
1000_19_3-2_20170721_Exposure_80,07/21/2017,20170721,Exposure,80,1000,19,3,2,8,31.04375375,900_17_3-2_07-21-17_02Aug17,20170802,24.858,18.8,2050.8,2133.11,145.85,7.52247191,2074.84,2074.39,2131.71,2131.76,NEU_17_01_02Aug17,1953.42,2078.61,1972,2091.64,NEU_17_02_02Aug17,1954.34,2085.2,1972,2091.64,1953.88,2081.905,1.009273855,1.004676006,2069.818822,2141.728122,Y,18.8,1.03,7.645,1073.9,1077.7,1957.9,75.2,36.8,32.1,1.4,0,0,16.102,1.85,1.19,1100.8
1000_19_3-3_20170721_Exposure_80,07/21/2017,20170721,Exposure,80,1000,19,3,3,9,31.04375375,900_17_3-3_07-21-17_02Aug17,20170802,24.848,18.8,2039.67,2136.6,143.45,7.52247191,2068.72,2098.05,2135.09,2143.33,NEU_17_01_02Aug17,1953.42,2078.61,1972,2091.64,NEU_17_02_02Aug17,1954.34,2085.2,1972,2091.64,1953.88,2081.905,1.009273855,1.004676006,2058.585604,2153.352224,Y,18.8,1.03,7.714,909.3,912.4,1940.3,87.2,31.1,37.1,1.7,0,0,15.285,2.14,1.38,932
2800_19_4-1_20170721_Exposure_80,07/21/2017,20170721,Exposure,80,2800,19,4,1,10,31.04375375,2800_17_4-1_07-21-17_11Aug17,20170811,25.016001,19,2182.03,2150.42,169.65,7.056179775,2227.49,2228.49,2149.28,2149.32,NEU_17_03_11Aug17,1955.39,2079.67,1972,2091.64,NEU_17_04_11Aug17,1948.34,2090.84,1972,2091.64,1951.865,2085.255,1.010315775,1.003061976,2204.53933,2155.901165,Y,19,1.03,7.254,2807.7,2817.4,2076.3,32.6,95.6,13.8,0.6,0,0,15.811,0.8,0.52,2878.7
2800_19_4-2_20170721_Exposure_80,07/21/2017,20170721,Exposure,80,2800,19,4,2,11,31.04375375,2800_17_4-2_07-21-17_11Aug17,20170811,24.995001,19,2189.13,1569.21,168.65,7.050561798,1619.37,1620.11,1568.3,1568.12,NEU_17_03_11Aug17,1955.39,2079.67,1972,2091.64,NEU_17_04_11Aug17,1948.34,2090.84,1972,2091.64,1951.865,2085.255,1.010315775,1.003061976,2211.712572,1572.921545,N,19,1.03,7.116,3825.1,3838.2,2057.9,23.5,130.3,10.1,0.4,0,0,13.593,0.58,0.37,3921.8
2800_19_4-3_20170721_Exposure_80,07/21/2017,20170721,Exposure,80,2800,19,4,3,12,31.07713413,2800_17_4-3_07-21-17_16Aug17,20170816,25.111,19,2196.37,2141.93,170.2,7.056179775,2210.45,2210.9,2140.68,2140.66,NEU_17_23_16Aug17,1957.02,2082.54,1972,2091.64,NEU_17_24_16Aug17,1955.81,2079.86,1972,2091.64,1956.415,2081.2,1.007966101,1.005016337,2213.866506,2151.398271,Y,19,1.03,7.213,3092.2,3102.8,2078.9,29.7,105.3,12.6,0.5,0,0,15.216,0.73,0.47,3170.4
1000_19_5-1_20170721_Exposure_80,07/21/2017,20170721,Exposure,80,1000,19,5,1,13,31.04375375,900_17_5-1_07-21-17_16Aug17,20170816,25.016001,19,2050.69,2032.87,144.7,7.573033708,1967.93,1967.95,2031.01,2030.8,NEU_17_23_16Aug17,1957.02,2082.54,1972,2091.64,NEU_17_24_16Aug17,1955.81,2079.86,1972,2091.64,1956.415,2081.2,1.007966101,1.005016337,2067.026004,2040.987177,Y,19,1.03,7.316,2289.1,2297,1953.6,35.4,77.9,15.8,0.7,0,0,16.431,0.87,0.56,2347
1000_19_5-2_20170721_Exposure_80,07/21/2017,20170721,Exposure,80,1000,19,5,2,14,31.04375375,900_17_5-2_07-21-17_16Aug17,20170816,25.035999,18.9,2054.93,2140.45,145.35,7.556179775,2073.19,2073.45,2138.88,2138.68,NEU_17_23_16Aug17,1957.02,2082.54,1972,2091.64,NEU_17_24_16Aug17,1955.81,2079.86,1972,2091.64,1956.415,2081.2,1.007966101,1.005016337,2071.29978,2149.408339,Y,18.9,1.03,7.663,1032.7,1036.2,1957.5,78.5,35.3,33.4,1.5,0,0,15.892,1.93,1.24,1058.6
1000_19_5-3_20170721_Exposure_80,07/21/2017,20170721,Exposure,80,1000,19,5,3,15,31.04375375,900_17_5-3_07-21-17_16Aug17,20170816,25.063999,18.9,2053.06,2122.18,144.95,7.556179775,2051.27,2051.68,2120.7,2120.62,NEU_17_23_16Aug17,1957.02,2082.54,1972,2091.64,NEU_17_24_16Aug17,1955.81,2079.86,1972,2091.64,1956.415,2081.2,1.007966101,1.005016337,2069.414884,2131.257744,Y,18.9,1.03,7.613,1159.5,1163.5,1959.7,70.1,39.6,30.1,1.3,0,0,16.401,1.72,1.11,1188.7
2800_19_6-1_20170721_Exposure_80,07/21/2017,20170721,Exposure,80,2800,19,6,1,16,31.04375375,2800_17_6-1_07-21-17_30Aug17,20170830,24.74,18.8,2219.81,2167.49,170.6,7.039325843,2246.45,2246.98,2166.27,2166.25,NEU_18_01_30Aug17,1974.96,2117.59,1988.445028,2124.610945,NEU_18_02_30Aug17,1994.78,2118.09,1988.445028,2124.610945,1984.87,2117.84,1.00180114,1.003197099,2223.808188,2173.175717,Y,18.8,1.03,7.252,2841.6,2851.4,2094,32.5,97.3,13.7,0.6,0,0,15.782,0.8,0.51,2912.7
2800_19_6-2_20170721_Exposure_80,07/21/2017,20170721,Exposure,80,2800,19,6,2,17,31.04375375,2800_17_6-2_07-21-17_30Aug17,20170830,24.933001,18.8,2228.98,2161.45,171.65,7.050561798,2246.19,2246.48,2160.31,2160.24,NEU_18_01_30Aug17,1974.96,2117.59,1988.445028,2124.610945,NEU_18_02_30Aug17,1994.78,2118.09,1988.445028,2124.610945,1984.87,2117.84,1.00180114,1.003197099,2232.994704,2167.146502,Y,18.8,1.03,7.207,3153.6,3164.5,2095.7,29.3,108,12.4,0.5,0,0,15.122,0.72,0.46,3232.5
2800_19_6-3_20170721_Exposure_80,07/21/2017,20170721,Exposure,80,2800,19,6,3,18,31.04375375,2800_17_6-3_07-21-17_30Aug17,20170830,25.034,18.8,2255.8,2177.71,170.95,7.033707865,2264.69,2264.69,2176.21,2176.21,NEU_18_01_30Aug17,1974.96,2117.59,1988.445028,2124.610945,NEU_18_02_30Aug17,1994.78,2118.09,1988.445028,2124.610945,1984.87,2117.84,1.00180114,1.003197099,2259.863011,2183.16756,Y,18.8,1.03,7.179,3400.1,3411.9,2115.7,27.7,116.4,11.6,0.5,0,0,14.673,0.68,0.44,3485.2
550_19_1-1_20170806_Exposure_80,08/06/2017,20170806,Exposure,80,550,19,1,1,1,30.82995455,400_17_1-1_08-06-17_09Nov17,20171109,24.865999,18.9,1952.28,2151.79,131.45,7.684410646,2026.09,2026.22,2148.22,2148.26,NEU_19_22_09Nov17,1974.03,2139.12,1988.49,2128.14,NEU_19_23_09Nov17,1957.92,2121.45,1988.49,2128.14,1965.975,2130.285,1.011452333,0.998993092,1974.63816,2146.096901,Y,18.9,1.03,7.919,534.3,536.2,1825.1,131.3,18.3,55.7,2.7,0,0,12.406,3.23,2.07,547.8
550_19_1-2_20170806_Exposure_80,08/06/2017,20170806,Exposure,80,550,19,1,2,2,30.93103636,400_17_1-2_08-06-17_09Nov17,20171109,24.92,18.9,1965.28,2150.24,133.6,7.684410646,2063.23,2063.05,2147.35,2147.34,NEU_19_22_09Nov17,1974.03,2139.12,1988.49,2128.14,NEU_19_23_09Nov17,1957.92,2121.45,1988.49,2128.14,1965.975,2130.285,1.011452333,0.998993092,1987.787041,2145.177827,Y,18.9,1.03,7.883,585.6,587.6,1845.1,122.7,20,52.2,2.5,0,0,12.877,3.02,1.94,600.4
550_19_1-3_20170806_Exposure_80,08/06/2017,20170806,Exposure,80,550,19,1,3,3,30.82995455,400_17_1-3_08-06-17_09Nov17,20171109,24.954,18.9,1973.46,2147.63,135.05,7.684410646,2046.3,2040.03,2144.59,2144.56,NEU_19_22_09Nov17,1974.03,2139.12,1988.49,2128.14,NEU_19_23_09Nov17,1957.92,2121.45,1988.49,2128.14,1965.975,2130.285,1.011452333,0.998993092,1996.060721,2142.400626,Y,18.9,1.03,7.857,626.7,628.9,1858.6,116.1,21.4,49.3,2.4,0,0,13.272,2.86,1.83,642.5
550_19_2-1_20170806_Exposure_80,08/06/2017,20170806,Exposure,80,550,19,2,1,4,31.1332,400_17_2-1_08-06-17_09Nov17,20171109,24.92,18.3,1961.6,2146.59,132.8,7.701520913,2032.27,2032.42,2142.66,2142.61,NEU_19_22_09Nov17,1974.03,2139.12,1988.49,2128.14,NEU_19_23_09Nov17,1957.92,2121.45,1988.49,2128.14,1965.975,2130.285,1.011452333,0.998993092,1984.064896,2140.45259,Y,18.3,1.03,7.888,575.7,577.7,1842.5,121.5,20,52.5,2.4,0,0,12.906,2.98,1.91,589.7
550_19_2-2_20170806_Exposure_80,08/06/2017,20170806,Exposure,80,550,19,2,2,5,31.1332,400_17_2-2_08-06-17_09Nov17,20171109,24.951,18.3,1960.58,2149.41,133.05,7.701520913,2038.28,2038.44,2145.35,2145.3,NEU_19_22_09Nov17,1974.03,2139.12,1988.49,2128.14,NEU_19_23_09Nov17,1957.92,2121.45,1988.49,2128.14,1965.975,2130.285,1.011452333,0.998993092,1983.033215,2143.139881,Y,18.3,1.03,7.897,563.2,565.1,1839.6,123.8,19.6,53.4,2.5,0,0,12.783,3.04,1.95,576.9
550_19_2-3_20170806_Exposure_80,08/06/2017,20170806,Exposure,80,550,19,2,3,6,31.1332,400_17_2-3_08-06-17_09Nov17,20171109,24.992001,18.3,1959.99,2147.18,132.65,7.701520913,2034.3,2034.27,2143.59,2143.47,NEU_19_22_09Nov17,1974.03,2139.12,1988.49,2128.14,NEU_19_23_09Nov17,1957.92,2121.45,1988.49,2128.14,1965.975,2130.285,1.011452333,0.998993092,1982.436458,2141.311724,Y,18.3,1.03,7.894,566.8,568.8,1839.7,123,19.7,53.1,2.4,0,0,12.821,3.02,1.94,580.6
1000_19_3-1_20170806_Exposure_80,08/06/2017,20170806,Exposure,80,1000,19,3,1,7,31.03211818,900_17_3-1_08-06-17_29Nov17,20171129,24.868999,19.5,2070.83,2169.4,146.95,7.427756654,2127.4,2127.14,2166.96,2166.75,NEU_20_10_29Nov17,2026.39,2158.62,2034.478856,2135.608489,NEU_20_11_29Nov17,2025.31,2145.66,2034.478856,2135.608489,2025.85,2152.14,1.004259376,0.992318571,2079.650443,2150.106263,Y,19.5,1.03,7.63,1121.7,1125.5,1967,75,37.7,31.7,1.5,0,0,16.11,1.84,1.19,1150.8
1000_19_3-2_20170806_Exposure_80,08/06/2017,20170806,Exposure,80,1000,19,3,2,8,31.03211818,900_17_3-2_08-06-17_29Nov17,20171129,24.907,19.5,2081.63,2166.18,148.65,7.461977186,2129.95,2130.29,2164.09,2164.08,NEU_20_10_29Nov17,2026.39,2158.62,2034.478856,2135.608489,NEU_20_11_29Nov17,2025.31,2145.66,2034.478856,2135.608489,2025.85,2152.14,1.004259376,0.992318571,2090.496444,2147.456773,Y,19.5,1.03,7.588,1244.8,1249,1980.2,68.5,41.8,28.9,1.3,0,0,16.521,1.68,1.08,1277.1
1000_19_3-3_20170806_Exposure_80,08/06/2017,20170806,Exposure,80,1000,19,3,3,9,31.03211818,900_17_3-3_08-06-17_29Nov17,20171129,24.945999,19.8,2077.56,2165.91,146.9,7.461977186,2124.3,2125.04,2163.57,2163.57,NEU_20_10_29Nov17,2026.39,2158.62,2034.478856,2135.608489,NEU_20_11_29Nov17,2025.31,2145.66,2034.478856,2135.608489,2025.85,2152.14,1.004259376,0.992318571,2086.409108,2146.95069,Y,19.8,1.03,7.595,1223.7,1227.9,1975.4,70.3,40.7,29.6,1.4,0,0,16.388,1.73,1.11,1256
2800_19_4-1_20170806_Exposure_80,08/06/2017,20170806,Exposure,80,2800,19,4,1,10,31.03211818,2800_17_4-1_08-06-17_29Nov17,20171129,24.9,18.8,1991.34,2157.51,134.95,7.017110266,2049.88,2050.7,2154.48,2154.4,NEU_20_10_29Nov17,2026.39,2158.62,2034.478856,2135.608489,NEU_20_11_29Nov17,2025.31,2145.66,2034.478856,2135.608489,2025.85,2152.14,1.004259376,0.992318571,1999.821865,2137.851129,Y,18.8,1.03,7.835,661,663.3,1866.3,110.9,22.6,47.5,2.2,0,0,13.556,2.72,1.75,677.5
2800_19_4-2_20170806_Exposure_80,08/06/2017,20170806,Exposure,80,2800,19,4,2,11,31.03211818,2800_17_4-2_08-06-17_07Nov17,20171107,25.084999,18.8,2027.55,2155.21,143.05,7.017110266,2095.15,2095.63,2152.56,2152.45,NEU_19_10_07NOV2017,2001.49,2139.6,1988.49,2128.14,NEU_19_11_07Nov17,2008.48,2111.56,1988.49,2128.14,2004.985,2125.58,0.991773006,1.001204377,2010.869358,2155.042362,Y,18.8,1.03,7.849,642.7,644.9,1873.8,115,22,48.9,2.3,0,0,13.381,2.82,1.81,658.8
2800_19_4-3_20170806_Exposure_80,08/06/2017,20170806,Exposure,80,2800,19,4,3,12,31.03211818,2800_17_4-3-08-06-17_07Nov17,20171107,25.007999,18.8,2142.2,2122.42,170.6,7.017110266,2205.26,2205.94,2121.13,2120.96,NEU_19_10_07NOV2017,2001.49,2139.6,1988.49,2128.14,NEU_19_11_07Nov17,2008.48,2111.56,1988.49,2128.14,2004.985,2125.58,0.991773006,1.001204377,2124.576133,2123.514436,Y,18.8,1.03,7.406,1916.1,1922.7,2014.4,44.6,65.6,19.2,0.8,0,0,17.125,1.09,0.7,1964
1000_19_5-1_20170806_Exposure_80,08/06/2017,20170806,Exposure,80,1000,19,5,1,13,31.03211818,900_17_5-1_08-06-17_29Nov17,20171129,24.856001,18.9,2040.44,2142.46,144.65,7.496197719,2087.41,2087.8,2140.02,2139.91,NEU_20_10_29Nov17,2026.39,2158.62,2034.478856,2135.608489,NEU_20_11_29Nov17,2025.31,2145.66,2034.478856,2135.608489,2025.85,2152.14,1.004259376,0.992318571,2049.131,2123.472433,Y,18.9,1.03,7.653,1045.7,1049.3,1937.5,75.9,35.7,32.7,1.5,0,0,15.969,1.86,1.2,1072
1000_19_5-2_20170806_Exposure_80,08/06/2017,20170806,Exposure,80,1000,19,5,2,14,31.03211818,900_17_5-2_08-06-17_07Nov17,20171107,25.07,18.9,2022.37,2124.49,144.2,7.479087452,2052.29,2051.66,2123.09,2122.93,NEU_19_10_07NOV2017,2001.49,2139.6,1988.49,2128.14,NEU_19_11_07Nov17,2008.48,2111.56,1988.49,2128.14,2004.985,2125.58,0.991773006,1.001204377,2005.731974,2125.486808,Y,18.9,1.03,7.786,746.4,749,1880.1,100.2,25.5,43.1,2,0,0,14.219,2.46,1.58,765.2
1000_19_5-3_20170806_Exposure_80,08/06/2017,20170806,Exposure,80,1000,19,5,3,15,31.03211818,900_17_5-3_08-06-17_07Nov17,20171107,25.039,18.9,2023.44,2118.84,145.35,7.496197719,2086.76,2086.58,2116.2,2116.26,NEU_19_10_07NOV2017,2001.49,2139.6,1988.49,2128.14,NEU_19_11_07Nov17,2008.48,2111.56,1988.49,2128.14,2004.985,2125.58,0.991773006,1.001204377,2006.793171,2118.808775,Y,18.9,1.03,7.765,785.2,787.9,1884.3,95.6,26.8,41.3,1.9,0,0,14.505,2.35,1.51,804.9
2800_19_6-1_20170806_Exposure_80,08/06/2017,20170806,Exposure,80,2800,19,6,1,16,31.06581212,2800_17_6-1_08-06-17_29Nov17,20171129,24.843,18.4,2303.71,2270.14,170.35,6.965779468,2362.4,2362.52,2268.6,2268.68,NEU_20_10_29Nov17,2026.39,2158.62,2034.478856,2135.608489,NEU_20_11_29Nov17,2025.31,2145.66,2034.478856,2135.608489,2025.85,2152.14,1.004259376,0.992318571,2313.522366,2251.253295,Y,18.4,1.03,7.23,3095.6,3106.4,2174.7,31.6,107.2,12.9,0.5,0,0,15.484,0.78,0.5,3171.5
2800_19_6-2_20170806_Exposure_80,08/06/2017,20170806,Exposure,80,2800,19,6,2,17,31.03211818,2800_17_6-2_08-06-17_29Nov17,20171129,24.955999,18.4,2294.6,2239.28,169.35,6.994296578,2284.99,2285.17,2201.61,2201.56,NEU_20_10_29Nov17,2026.39,2158.62,2034.478856,2135.608489,NEU_20_11_29Nov17,2025.31,2145.66,2034.478856,2135.608489,2025.85,2152.14,1.004259376,0.992318571,2304.373563,2184.648873,Y,18.4,1.03,7.074,4349.6,4364.7,2132.1,21.6,150.7,9.1,0.4,0,0,12.772,0.53,0.34,4456.1
2800_19_6-3_20170806_Exposure_80,08/06/2017,20170806,Exposure,80,2800,19,6,3,18,31.03211818,2800_17_6-3_08-06-17_29Nov17,20171129,24.964001,18.4,2315.24,2267.22,170.65,6.965779468,2361.51,2362.08,2265.35,2265.22,NEU_20_10_29Nov17,2026.39,2158.62,2034.478856,2135.608489,NEU_20_11_29Nov17,2025.31,2145.66,2034.478856,2135.608489,2025.85,2152.14,1.004259376,0.992318571,2325.101477,2247.819873,Y,18.4,1.03,7.189,3411.2,3423.1,2178.2,28.7,118.2,11.7,0.5,0,0,14.827,0.71,0.45,3494.8
550_19_1-1_20170818_Exposure_80,08/18/2017,20170818,Exposure,80,550,19,1,1,1,31.10457831,400_17_1-1_08-18-17_30Aug17,20170830,24.886999,19.5,1986.86,2150.69,132,7.802259887,2012.13,2095.81,2148.53,2138.43,NEU_18_01_30Aug17,1974.96,2117.59,1988.445028,2124.610945,NEU_18_02_30Aug17,1994.78,2118.09,1988.445028,2124.610945,1984.87,2117.84,1.00180114,1.003197099,1990.438612,2145.266773,Y,19.5,1.03,7.866,613.2,615.3,1848.5,121.4,20.6,51.5,2.5,0,0,12.933,2.98,1.92,629.1
550_19_1-2_20170818_Exposure_80,08/18/2017,20170818,Exposure,80,550,19,1,2,2,31.10457831,400_17_1-2_08-18-17_31Aug17,20170831,24.884001,19.5,1986.16,2152.91,132.1,7.802259887,2012.76,2013.27,2150.69,2150.6,NEU_18_03_31Aug17,1968.76,2110.54,1988.445028,2124.610945,NEU_18_04_31Aug17,1979.51,2116.38,1988.445028,2124.610945,1974.135,2113.46,1.007248759,1.005276156,2000.557194,2161.946901,Y,19.5,1.03,7.88,595.7,597.7,1854.8,125.8,20,53,2.6,0,0,12.758,3.09,1.99,611.1
550_19_1-3_20170818_Exposure_80,08/18/2017,20170818,Exposure,80,550,19,1,3,3,31.10457831,400_17_1-3_08-18-17_31Aug17,20170831,24.969,19.5,1999.43,2152.25,133.05,7.802259887,2026.19,2026.58,2149.41,2149.25,NEU_18_03_31Aug17,1968.76,2110.54,1988.445028,2124.610945,NEU_18_04_31Aug17,1979.51,2116.38,1988.445028,2124.610945,1974.135,2113.46,1.007248759,1.005276156,2013.923385,2160.589779,Y,19.5,1.03,7.843,654.7,656.9,1875,117,22,49.3,2.4,0,0,13.272,2.87,1.85,671.7
550_19_2-1_20170818_Exposure_80,08/18/2017,20170818,Exposure,80,550,19,2,1,4,31.00424096,400_17_2-1_08-18-17_31Aug17,20170831,24.948999,19.3,1994.31,2154.74,131.85,7.813559322,2015.03,2015.54,2152.49,2152.56,NEU_18_03_31Aug17,1968.76,2110.54,1988.445028,2124.610945,NEU_18_04_31Aug17,1979.51,2116.38,1988.445028,2124.610945,1974.135,2113.46,1.007248759,1.005276156,2008.766272,2163.917243,Y,19.3,1.03,7.869,614.3,616.4,1866,122.1,20.7,51.3,2.5,0,0,12.995,3,1.93,630.1
550_19_2-2_20170818_Exposure_80,08/18/2017,20170818,Exposure,80,550,19,2,2,5,31.00424096,400_17_2-2_08-18-17_31Aug17,20170831,24.959,19.3,1990.82,2152.88,131.75,7.813559322,2014.85,2015.15,2150.56,2150.39,NEU_18_03_31Aug17,1968.76,2110.54,1988.445028,2124.610945,NEU_18_04_31Aug17,1979.51,2116.38,1988.445028,2124.610945,1974.135,2113.46,1.007248759,1.005276156,2005.250974,2161.735793,Y,19.3,1.03,7.87206,607.985,610.0722,1861.931,122.78731,20.5325895,51.710225,2.53376653,0,0,12.94133,3.01849,1.9411,623.608979
550_19_2-3_20170818_Exposure_80,08/18/2017,20170818,Exposure,80,550,19,2,3,6,31.00424096,400_17_2-3_08-18-17_31Aug17,20170831,24.84,19.3,1987.75,2154.82,131.7,7.813559322,2019.59,2020.22,2152.15,2152,NEU_18_03_31Aug17,1968.76,2110.54,1988.445028,2124.610945,NEU_18_04_31Aug17,1979.51,2116.38,1988.445028,2124.610945,1974.135,2113.46,1.007248759,1.005276156,2002.15872,2163.354288,Y,19.3,1.03,7.88339,590.6229,592.6505,1856.5457,125.666709,19.9462429,52.887816,2.60070614,0,0,12.78298,3.08928,1.98662,605.8006547
1000_19_3-1_20170818_Exposure_80,08/18/2017,20170818,Exposure,80,1000,19,3,1,7,30.90390361,900_17_3-1_08-18-17_31Aug17,20170831,24.812,19.8,2068.87,2151.28,145.95,7.570621469,2093.48,2094.83,2150.06,2149.76,NEU_18_03_31Aug17,1968.76,2110.54,1988.445028,2124.610945,NEU_18_04_31Aug17,1979.51,2116.38,1988.445028,2124.610945,1974.135,2113.46,1.007248759,1.005276156,2083.866739,2161.102469,Y,19.8,1.03,7.64767,1081.519,1085.208,1968.9994,78.8321996,36.0350297,32.881399,1.58037828,0,0,15.89384,1.94078,1.24926,1110.066732
1000_19_3-2_20170818_Exposure_80,08/18/2017,20170818,Exposure,80,1000,19,3,2,8,30.90390361,900_17_3-2_08-18-17_31Aug17,20170831,24.789,19.8,2055.94,2148.58,145.65,7.570621469,2094.3,2095.42,2146.88,2146.54,NEU_18_03_31Aug17,1968.76,2110.54,1988.445028,2124.610945,NEU_18_04_31Aug17,1979.51,2116.38,1988.445028,2124.610945,1974.135,2113.46,1.007248759,1.005276156,2070.843013,2157.86548,Y,19.8,1.03,7.67734,1002.234,1005.653,1953.6982,83.7514244,33.3933604,34.993791,1.69214553,0,0,15.53346,2.06188,1.32722,1028.68955
1000_19_3-3_20170818_Exposure_80,08/18/2017,20170818,Exposure,80,1000,19,3,3,9,30.90390361,900_17_3-3_08-18-17_31Aug17,20170831,24.737,19.8,2057.2,2149.54,145.35,7.570621469,2092.55,2093.2,2147.98,2147.63,NEU_18_03_31Aug17,1968.76,2110.54,1988.445028,2124.610945,NEU_18_04_31Aug17,1979.51,2116.38,1988.445028,2124.610945,1974.135,2113.46,1.007248759,1.005276156,2072.112146,2158.961231,Y,19.8,1.03,7.67675,1004.254,1007.68,1954.9605,83.6910343,33.4606516,34.950355,1.68983361,0,0,15.54253,2.0604,1.32626,1030.76247
2800_19_4-1_20170818_Exposure_80,08/18/2017,20170818,Exposure,80,2800,19,4,1,10,31.00424096,2800_17_4-1_08-18-17_29Nov17,20171129,24.982,18.9,2251.92,2196.81,174.35,7.084745763,2325.84,2326.07,2194.4,2194.34,NEU_20_10_29Nov17,2026.39,2158.62,2034.478856,2135.608489,NEU_20_11_29Nov17,2025.31,2145.66,2034.478856,2135.608489,2025.85,2152.14,1.004259376,0.992318571,2261.511773,2177.484333,Y,18.9,1.03,7.1572,3569.97,3582.287,2113.1372,26.4386877,121.935876,11.070204,0.47061408,0,0,14.32314,0.64956,0.4173,3659.772223
2800_19_4-2_20170818_Exposure_80,08/18/2017,20170818,Exposure,80,2800,19,4,2,11,31.00424096,2800_17_4-2_08-18-17_29Nov17,20171129,24.951,18.9,2231.55,2183.69,172.35,7.084745763,2275.5,2276.4,2182.31,2182.23,NEU_20_10_29Nov17,2026.39,2158.62,2034.478856,2135.608489,NEU_20_11_29Nov17,2025.31,2145.66,2034.478856,2135.608489,2025.85,2152.14,1.004259376,0.992318571,2241.05501,2165.467355,Y,18.9,1.03,7.17874,3373.29,3384.929,2098.2496,27.5873292,115.218085,11.616049,0.49454432,0,0,14.6781,0.67778,0.43543,3458.145067
2800_19_4-3_20170818_Exposure_80,08/18/2017,20170818,Exposure,80,2800,19,4,3,12,31.00424096,2800_17_4-3_08-18-17_07Nov17,20171107,24.966999,18.9,2210.55,2141.6,170.05,7.079096045,2239.38,2239.74,2138.96,2138.83,NEU_19_10_07NOV2017,2001.49,2139.6,1988.49,2128.14,NEU_19_11_07Nov17,2008.48,2111.56,1988.49,2128.14,2004.985,2125.58,0.991773006,1.001204377,2192.363818,2141.405958,Y,18.9,1.03,7.24727,2833.567,2843.344,2063.8078,31.7726911,96.7833213,13.531509,0.57907852,0,0,15.70381,0.78061,0.50149,2904.845761
1000_19_5-1_20170818_Exposure_80,08/18/2017,20170818,Exposure,80,1000,19,5,1,13,30.90390361,900_17_5-1_08-18-17_29Nov17,20171129,24.976999,18.9,2077.67,2173.86,145.8,7.581920904,2124.36,2124.44,2171.6,2171.63,NEU_20_10_29Nov17,2026.39,2158.62,2034.478856,2135.608489,NEU_20_11_29Nov17,2025.31,2145.66,2034.478856,2135.608489,2025.85,2152.14,1.004259376,0.992318571,2086.519577,2154.948778,Y,18.9,1.03,7.63393,1113.404,1117.245,1974.6017,73.8675815,38.0502306,31.227566,1.40794472,0,0,16.25793,1.81605,1.16635,1141.41295
1000_19_5-2_20170818_Exposure_80,08/18/2017,20170818,Exposure,80,1000,19,5,2,14,30.90390361,900_17_5-2_08-18-17_29Nov17,20171129,25.028,18.9,2078.28,2172.78,145.65,7.576271186,2120.45,2121.08,2170.92,2170.76,NEU_20_10_29Nov17,2026.39,2158.62,2034.478856,2135.608489,NEU_20_11_29Nov17,2025.31,2145.66,2034.478856,2135.608489,2025.85,2152.14,1.004259376,0.992318571,2087.132175,2154.085461,Y,18.9,1.03,7.62936,1125.719,1129.603,1975.5326,73.1283659,38.4711084,30.926976,1.39319816,0,0,16.30458,1.79788,1.15468,1154.038244
1000_19_5-3_20170818_Exposure_80,08/18/2017,20170818,Exposure,80,1000,19,5,3,15,30.90390361,900_17_5-3_08-18-17_01Dec17,20171201,24.987,18.9,2052.45,2177.6,144.35,7.576271186,2116.02,2116.25,2175.76,2175.72,NEU_20_12_01Dec17,2016.01,2151.1,2034.478856,2135.608489,NEU_20_13_01Dec17,2005.82,2146.03,2034.478856,2135.608489,2010.915,2148.565,1.011717977,0.993969691,2076.500562,2162.599736,Y,18.9,1.03,7.68753,976.9285,980.2991,1960.1549,82.9594113,33.3862239,34.954246,1.59289258,0,0,15.6478,2.03957,1.30991,1001.504266
2800_19_6-1_20170818_Exposure_80,08/18/2017,20170818,Exposure,80,2800,19,6,1,16,30.80356627,2800_17_6-1_08-18-17_01Dec17,20171201,25.016001,19.5,2228.93,2205.73,170.05,7.079096045,2285.62,2286.02,2204.96,2204.9,NEU_20_12_01Dec17,2016.01,2151.1,2034.478856,2135.608489,NEU_20_13_01Dec17,2005.82,2146.03,2034.478856,2135.608489,2010.915,2148.565,1.011717977,0.993969691,2255.048551,2191.603772,Y,19.5,1.03,7.20998,3182.128,3193.025,2117.5705,30.4995361,106.978535,12.537031,0.55993629,0,0,15.24933,0.75103,0.48293,3264.789424
2800_19_6-2_20170818_Exposure_80,08/18/2017,20170818,Exposure,80,2800,19,6,2,17,30.80356627,2800_17_6-2_08-18-17_01Dec17,20171201,25.023001,19.5,2217.87,2203.19,169.35,7.084745763,2285.5,2285.67,2201.95,2201.9,NEU_20_12_01Dec17,2016.01,2151.1,2034.478856,2135.608489,NEU_20_13_01Dec17,2005.82,2146.03,2034.478856,2135.608489,2010.915,2148.565,1.011717977,0.993969691,2243.85895,2188.621862,Y,19.5,1.03,7.23332,3005.876,3016.169,2110.7263,32.0795219,101.053197,13.205244,0.59085271,0,0,15.59028,0.78994,0.50795,3083.95893
2800_19_6-3_20170818_Exposure_80,08/18/2017,20170818,Exposure,80,2800,19,6,3,18,30.80356627,2800_17_6-3_08-18-17_01Dec17,20171201,24.972,19.5,2224.21,2201.23,170.75,7.084745763,2289.9,2290.39,2200.31,2200.31,NEU_20_12_01Dec17,2016.01,2151.1,2034.478856,2135.608489,NEU_20_13_01Dec17,2005.82,2146.03,2034.478856,2135.608489,2010.915,2148.565,1.011717977,0.993969691,2250.273242,2187.041451,Y,19.5,1.03,7.21013,3174.321,3185.191,2113.1113,30.4459115,106.716078,12.541255,0.56013135,0,0,15.24902,0.74971,0.48208,3256.779722