ID,shelf,tank,pCO2,DIC,TA,pCO2_calc,Calcite,pH_meas,survival,survival_date,sample_date,Percent_Change_Day_Buoyant,Percent_Change_Day_Dry,Respiration_hr_mgtissue_mlwater,EPF_pH,EPF_1hr,EPF_2hr,EPF_4hr,EPF_8hr,EPF_12hr,EPF_24hr,EPF_DIC_Start,EPF_DIC_1hr,EPF_DIC_8hr,EPF_DIC_24hr,EPF_Ca_Start,Notes
17002,2,2,400,2329.53,2437.2,590.67,2.86,7.83,Y,20170509,20170509,NA,NA,NA,7.44486656,NA,NA,NA,NA,NA,NA,NA,NA,NA,NA,NA,
17009,6,3,2800,2622.52,2522.02,2555.7,1.13,7.23,Y,20170509,20170509,NA,NA,NA,7.336501768,NA,NA,NA,NA,NA,NA,NA,NA,NA,NA,NA,
17014,5,2,900,2441,2468.42,865.45,2.15,7.62,Y,20170509,20170509,NA,NA,NA,7.536121122,NA,NA,NA,NA,NA,NA,NA,NA,NA,NA,NA,
17016,5,1,900,2439.9,2459.91,936.56,2.02,7.62,Y,20170509,20170509,NA,NA,NA,7.587451813,NA,NA,NA,NA,NA,NA,NA,NA,NA,NA,NA,
17018,1,3,400,2377.12,2484.38,574.36,2.93,7.84,Y,20170509,20170509,NA,NA,NA,7.787071168,NA,NA,NA,NA,NA,NA,NA,NA,NA,NA,NA,
17035,5,3,900,2441.67,2467.77,890.65,2.12,7.62,Y,20170509,20170509,NA,NA,NA,7.519010892,NA,NA,NA,NA,NA,NA,NA,NA,NA,NA,NA,
17047,6,1,2800,2616.63,2523.13,2423.47,1.17,7.24,Y,20170509,20170509,NA,NA,NA,7.330798358,NA,NA,NA,NA,NA,NA,NA,NA,NA,NA,NA,
17060,1,2,400,2388.7,2486.18,535.06,3.10,7.84,Y,20170509,20170509,NA,NA,NA,7.758554117,NA,NA,NA,NA,NA,NA,NA,NA,NA,NA,NA,
17063,4,3,2800,2612.89,2488.3,2516.92,1.01,7.22,Y,20170509,20170509,NA,NA,NA,7.730037066,NA,NA,NA,NA,NA,NA,NA,NA,NA,NA,NA,
17067,2,1,400,2359.13,2470.99,545.47,2.98,7.83,Y,20170509,20170509,NA,NA,NA,NA,NA,NA,NA,NA,NA,NA,NA,NA,NA,NA,NA,
17092,3,1,900,2453.26,2468.16,943.47,2.01,7.59,Y,20170509,20170509,NA,NA,NA,7.752850707,NA,NA,NA,NA,NA,NA,NA,NA,NA,NA,NA,
17103,3,2,900,2449.19,2464.79,904.6,2.08,7.59,Y,20170509,20170509,NA,NA,NA,7.501900661,NA,NA,NA,NA,NA,NA,NA,NA,NA,NA,NA,
17112,1,1,400,2404.69,2506.24,576.45,2.97,7.83,Y,20170509,20170509,NA,NA,NA,7.564638173,NA,NA,NA,NA,NA,NA,NA,NA,NA,NA,NA,
17149,4,1,2800,2587.92,2497.79,2378.18,1.08,7.23,Y,20170509,20170509,NA,NA,NA,7.365018818,NA,NA,NA,NA,NA,NA,NA,NA,NA,NA,NA,
17185,2,3,400,2348.8,2454.04,519.42,3.1,7.83,Y,20170509,20170509,NA,NA,NA,7.45056997,NA,NA,NA,NA,NA,NA,NA,NA,NA,NA,NA,
17192,6,2,2800,2608.91,2522.06,2346.38,1.21,7.23,Y,20170509,20170509,NA,NA,NA,7.245247206,NA,NA,NA,NA,NA,NA,NA,NA,NA,NA,NA,
17209,3,3,900,2442.18,2466.7,908.54,2.07,7.59,Y,20170509,20170509,NA,NA,NA,7.319391537,NA,NA,NA,NA,NA,NA,NA,NA,NA,NA,NA,
17221,4,2,2800,2601.68,2504.96,2527.05,1.02,7.22,Y,20170509,20170509,NA,NA,NA,7.553231353,NA,NA,NA,NA,NA,NA,NA,NA,NA,NA,NA,
17003,4,2,2800,2601.68,2504.96,2527.05,1.02,7.22,Y,20170517,20170517,NA,NA,NA,7.459724951,NA,NA,NA,NA,NA,NA,NA,NA,NA,NA,NA,
17006,3,2,900,2449.19,2464.79,904.6,2.08,7.59,Y,20170517,20170517,NA,NA,NA,7.300589391,NA,NA,NA,NA,NA,NA,NA,NA,NA,NA,NA,
17017,1,1,400,2404.69,2506.24,576.45,2.97,7.83,Y,20170517,20170517,NA,NA,NA,7.424361493,NA,NA,NA,NA,NA,NA,NA,NA,NA,NA,NA,
17025,4,1,2800,2587.92,2497.79,2378.18,1.08,7.23,Y,20170517,20170517,NA,NA,NA,7.742632613,NA,NA,NA,NA,NA,NA,NA,NA,NA,NA,NA,
17034,5,1,900,2439.9,2459.91,936.56,2.02,7.62,Y,20170517,20170517,NA,NA,NA,7.076620825,NA,NA,NA,NA,NA,NA,NA,NA,NA,NA,NA,
17037,1,2,400,2388.7,2486.18,535.06,3.10,7.84,Y,20170517,20170517,NA,NA,NA,7.689587426,NA,NA,NA,NA,NA,NA,NA,NA,NA,NA,NA,
17055,1,3,400,2377.12,2484.38,574.36,2.93,7.84,Y,20170517,20170517,NA,NA,NA,7.660117878,NA,NA,NA,NA,NA,NA,NA,NA,NA,NA,NA,
17059,2,1,400,2359.13,2470.99,545.47,2.98,7.83,Y,20170517,20170517,NA,NA,NA,7.724950884,NA,NA,NA,NA,NA,NA,NA,NA,NA,NA,NA,
17076,6,1,2800,2616.63,2523.13,2423.47,1.17,7.24,Y,20170517,20170517,NA,NA,NA,7.459724951,NA,NA,NA,NA,NA,NA,NA,NA,NA,NA,NA,
17083,5,2,900,2441,2468.42,865.45,2.15,7.62,Y,20170517,20170517,NA,NA,NA,7.16502947,NA,NA,NA,NA,NA,NA,NA,NA,NA,NA,NA,
17084,4,3,2800,2612.89,2488.3,2516.92,1.01,7.22,Y,20170517,20170517,NA,NA,NA,7.430255403,NA,NA,NA,NA,NA,NA,NA,NA,NA,NA,NA,
17107,6,3,2800,2622.52,2522.02,2555.7,1.13,7.23,Y,20170517,20170517,NA,NA,NA,7.418467583,NA,NA,NA,NA,NA,NA,NA,NA,NA,NA,NA,
17121,3,3,900,2442.18,2466.7,908.54,2.07,7.59,Y,20170517,20170517,NA,NA,NA,7.300589391,NA,NA,NA,NA,NA,NA,NA,NA,NA,NA,NA,
17124,5,3,900,2441.67,2467.77,890.65,2.12,7.62,Y,20170517,20170517,NA,NA,NA,7.300589391,NA,NA,NA,NA,NA,NA,NA,NA,NA,NA,NA,
17134,2,2,400,2329.53,2437.2,590.67,2.86,7.83,Y,20170517,20170517,NA,NA,NA,7.542239686,NA,NA,NA,NA,NA,NA,NA,NA,NA,NA,NA,
17160,6,2,2800,2608.91,2522.06,2346.38,2.01,7.23,Y,20170517,20170517,NA,NA,NA,7.247544204,NA,NA,NA,NA,NA,NA,NA,NA,NA,NA,NA,
17171,3,1,900,2453.26,2468.16,943.47,2.01,7.59,Y,20170517,20170517,NA,NA,NA,7.170923379,NA,NA,NA,NA,NA,NA,NA,NA,NA,NA,NA,
17202,2,3,400,2348.8,2454.04,519.42,3.1,7.83,Y,20170517,20170517,NA,NA,NA,8.055009823,NA,NA,NA,NA,NA,NA,NA,NA,NA,NA,NA,
17010,5,2,900,2441,2468.42,865.45,2.15,7.62,Y,20170602,20170602,-0.005000212,-5.55579E-06,NA,7.403824511,NA,NA,NA,NA,NA,NA,NA,NA,NA,NA,NA,Not enough fluid for DIC
17024,1,2,400,2388.7,2486.18,535.06,3.10,7.84,Y,20170602,20170602,0.005687451,1.42186E-05,NA,7.426769053,NA,NA,NA,NA,NA,NA,712.77,NA,NA,NA,0.32,
17046,3,1,900,2453.26,2468.16,943.47,2.01,7.59,Y,20170602,20170602,-0.017278268,-1.91981E-05,NA,7.449713595,NA,NA,NA,NA,NA,NA,3081.31,NA,NA,NA,1.48,
17056,6,3,2800,2622.52,2522.02,2555.7,1.13,7.23,Y,20170602,20170602,0.01812793,6.47426E-06,NA,7.736520368,NA,NA,NA,NA,NA,NA,6641.4,NA,NA,NA,6.41,
17064,3,2,900,2449.19,2464.79,904.6,2.08,7.59,Y,20170602,20170602,0.006915861,7.68429E-06,NA,7.357935427,NA,NA,NA,NA,NA,NA,12348.05,NA,NA,NA,4.72,
17077,1,1,400,2404.69,2506.24,576.45,2.97,7.83,Y,20170602,20170602,-0.006515939,-1.62898E-05,NA,7.254684989,NA,NA,NA,NA,NA,NA,3326.78,NA,NA,NA,0.98,
17078,4,2,2800,2601.68,2504.96,2527.05,1.02,7.22,Y,20170602,20170602,-0.008369428,-2.98908E-06,NA,7.26615726,NA,NA,NA,NA,NA,NA,NA,NA,NA,NA,NA,Not enough fluid for DIC
17086,5,1,900,2439.9,2459.91,936.56,2.02,7.62,Y,20170602,20170602,-0.012216544,-1.35739E-05,NA,7.610325388,NA,NA,NA,NA,NA,NA,NA,NA,NA,NA,NA,Not enough fluid for DIC
17096,4,3,2800,2612.89,2488.3,2516.92,1.01,7.22,Y,20170602,20170602,0.026963902,9.62996E-06,NA,7.719311962,NA,NA,NA,NA,NA,NA,9705.63,NA,NA,NA,9.00,
17097,6,1,2800,2616.63,2523.13,2423.47,1.17,7.24,Y,20170602,20170602,-0.002945791,-1.05207E-06,NA,7.552964033,NA,NA,NA,NA,NA,NA,1389.97,NA,NA,NA,0.86,
17109,2,2,400,2329.53,2437.2,590.67,2.86,7.83,Y,20170602,20170602,0.020812319,5.20308E-05,NA,7.719311962,NA,NA,NA,NA,NA,NA,257.39,NA,NA,NA,0.23,
17127,3,3,900,2442.18,2466.7,908.54,2.07,7.59,Y,20170602,20170602,-0.014998993,-1.66655E-05,NA,7.524283356,NA,NA,NA,NA,NA,NA,339.62,NA,NA,NA,0.20,
17150,2,3,400,2348.8,2454.04,519.42,3.1,7.83,Y,20170602,20170602,-0.006201372,-1.55034E-05,NA,7.111281602,NA,NA,NA,NA,NA,NA,8888.09,NA,NA,NA,1.83,
17165,1,3,400,2377.12,2484.38,574.36,2.93,7.84,Y,20170602,20170602,0.025201528,6.30038E-05,NA,8.06348009,NA,NA,NA,NA,NA,NA,4699,NA,NA,NA,9.51,
17183,5,3,900,2441.67,2467.77,890.65,2.12,7.62,Y,20170602,20170602,0.002803612,3.11512E-06,NA,7.472658137,NA,NA,NA,NA,NA,NA,NA,NA,NA,NA,NA,Not enough fluid for DIC
17191,2,1,400,2359.13,2470.99,545.47,2.98,7.83,Y,20170602,20170602,0.010335193,2.5838E-05,NA,7.604589253,NA,NA,NA,NA,NA,NA,6579.18,NA,NA,NA,4.62,
17197,4,1,2800,2587.92,2497.79,2378.18,1.08,7.23,Y,20170602,20170602,0.204405625,7.3002E-05,NA,7.409560646,NA,NA,NA,NA,NA,NA,3438.82,NA,NA,NA,1.50,
17205,6,2,2800,2608.91,2522.06,2346.38,1.21,7.23,Y,20170602,20170602,-0.061214827,-2.18624E-05,NA,7.604589253,NA,NA,NA,NA,NA,NA,10683.45,NA,NA,NA,7.51,
17011,5,2,900,2441,2468.42,865.45,2.15,7.62,Y,20170605,20170605,-0.014663664,-1.6293E-05,NA,7.086372195,NA,NA,NA,NA,NA,NA,NA,NA,NA,NA,NA,
17020,3,3,900,2442.18,2466.7,908.54,2.07,7.59,Y,20170605,20170605,-0.009181366,-1.02015E-05,NA,7.702493853,NA,NA,NA,NA,NA,NA,NA,NA,NA,NA,NA,
17023,4,2,2800,2601.68,2504.96,2527.05,1.02,7.22,Y,20170605,20170605,-0.024260491,-8.66446E-06,NA,6.971209268,NA,NA,NA,NA,NA,NA,NA,NA,NA,NA,NA,
17049,2,2,400,2329.53,2437.2,590.67,2.86,7.83,Y,20170605,20170605,-0.014436432,-3.60911E-05,NA,7.046065171,NA,NA,NA,NA,NA,NA,NA,NA,NA,NA,NA,
17054,4,3,2800,2612.89,2488.3,2516.92,1.01,7.22,Y,20170605,20170605,0.000909712,3.24897E-07,NA,7.88099639,NA,NA,NA,NA,NA,NA,NA,NA,NA,NA,NA,
17066,6,3,2800,2622.52,2522.02,2555.7,1.13,7.23,Y,20170605,20170605,-0.013116218,-4.68436E-06,NA,7.103646634,NA,NA,NA,NA,NA,NA,NA,NA,NA,NA,NA,
17098,4,1,2800,2587.92,2497.79,2378.18,1.08,7.23,Y,20170605,20170605,-0.028814508,-1.02909E-05,NA,7.380037658,NA,NA,NA,NA,NA,NA,NA,NA,NA,NA,NA,
17119,1,3,400,2377.12,2484.38,574.36,2.93,7.84,Y,20170605,20170605,-0.201412326,-0.000503531,NA,7.466409853,NA,NA,NA,NA,NA,NA,NA,NA,NA,NA,NA,
17131,6,2,2800,2608.91,2522.06,2346.38,1.21,7.23,Y,20170605,20170605,-0.027220044,-9.72144E-06,NA,6.861804488,NA,NA,NA,NA,NA,NA,NA,NA,NA,NA,NA,
17138,2,1,400,2359.13,2470.99,545.47,2.98,7.83,Y,20170605,20170605,0.057851824,0.00014463,NA,7.282149171,NA,NA,NA,NA,NA,NA,NA,NA,NA,NA,NA,
17141,3,1,900,2453.26,2468.16,943.47,2.01,7.59,Y,20170605,20170605,0.000417038,4.63375E-07,NA,7.616121658,NA,NA,NA,NA,NA,NA,NA,NA,NA,NA,NA,
17186,2,3,400,2348.8,2454.04,519.42,3.1,7.83,Y,20170605,20170605,0.010806203,2.70155E-05,NA,7.886754536,NA,NA,NA,NA,NA,NA,NA,NA,NA,NA,NA,
17189,1,2,400,2388.7,2486.18,535.06,3.10,7.84,Y,20170605,20170605,-0.000893076,-2.23269E-06,NA,7.305181756,NA,NA,NA,NA,NA,NA,NA,NA,NA,NA,NA,
17196,5,1,900,2439.9,2459.91,936.56,2.02,7.62,Y,20170605,20170605,-0.08810907,-9.7899E-05,NA,7.103646634,NA,NA,NA,NA,NA,NA,NA,NA,NA,NA,NA,
17199,6,1,2800,2616.63,2523.13,2423.47,1.17,7.24,Y,20170605,20170605,0.025361194,9.05757E-06,NA,6.976967415,NA,NA,NA,NA,NA,NA,NA,NA,NA,NA,NA,
17212,5,3,900,2441.67,2467.77,890.65,2.12,7.62,Y,20170605,20170605,-0.006423922,-7.13769E-06,NA,7.529749463,NA,NA,NA,NA,NA,NA,NA,NA,NA,NA,NA,
17215,3,2,900,2449.19,2464.79,904.6,2.08,7.59,Y,20170605,20170605,0.007011935,7.79104E-06,NA,8.214968877,NA,NA,NA,NA,NA,NA,NA,NA,NA,NA,NA,
17217,1,1,400,2404.69,2506.24,576.45,2.97,7.83,Y,20170605,20170605,0.060609146,0.000151523,NA,7.403070244,NA,NA,NA,NA,NA,NA,NA,NA,NA,NA,NA,
17026,6,1,2800,2616.63,2523.13,2423.47,1.17,7.24,Y,20170606,20170606,-0.009543199,-3.40829E-06,NA,6.775432293,NA,NA,NA,NA,NA,NA,NA,NA,NA,NA,NA,
17032,3,2,900,2449.19,2464.79,904.6,2.08,7.59,Y,20170606,20170606,-0.026457833,-2.93976E-05,NA,7.397312097,NA,NA,NA,NA,NA,NA,NA,NA,NA,NA,NA,
17036,4,3,2800,2612.89,2488.3,2516.92,1.01,7.22,Y,20170606,20170606,-0.043832681,-1.56545E-05,NA,7.915545268,NA,NA,NA,NA,NA,NA,NA,NA,NA,NA,NA,
17040,4,2,2800,2601.68,2504.96,2527.05,1.02,7.22,Y,20170606,20170606,-0.033735857,-1.20485E-05,NA,6.832686217,NA,NA,NA,NA,NA,NA,NA,NA,NA,NA,NA,
17045,6,2,2800,2608.91,2522.06,2346.38,1.21,7.23,Y,20170606,20170606,0.108888671,3.88888E-05,NA,6.959609538,NA,NA,NA,NA,NA,NA,NA,NA,NA,NA,NA,
17050,6,3,2800,2622.52,2522.02,2555.7,1.13,7.23,Y,20170606,20170606,-0.024278963,-8.67106E-06,NA,7.028790732,NA,NA,NA,NA,NA,NA,NA,NA,NA,NA,NA,
17061,1,3,400,2377.12,2484.38,574.36,2.93,7.84,Y,20170606,20170606,0.002728046,6.82012E-06,NA,7.686534013,NA,NA,NA,NA,NA,NA,NA,NA,NA,NA,NA,
17065,5,1,900,2439.9,2459.91,936.56,2.02,7.62,Y,20170606,20170606,0.003213224,3.57025E-06,NA,7.58157278,NA,NA,NA,NA,NA,NA,NA,NA,NA,NA,NA,
17080,5,2,900,2441,2468.42,865.45,2.15,7.62,Y,20170606,20170606,-0.033743022,-3.74922E-05,NA,7.512475024,NA,NA,NA,NA,NA,NA,NA,NA,NA,NA,NA,
17104,2,3,400,2348.8,2454.04,519.42,3.1,7.83,Y,20170606,20170606,-0.034295525,-8.57388E-05,NA,7.692303254,NA,NA,NA,NA,NA,NA,NA,NA,NA,NA,NA,
17117,2,2,400,2329.53,2437.2,590.67,2.86,7.83,Y,20170606,20170606,-0.007607104,-1.90178E-05,NA,6.982725561,NA,NA,NA,NA,NA,NA,NA,NA,NA,NA,NA,
17147,4,1,2800,2587.92,2497.79,2378.18,1.08,7.23,Y,20170606,20170606,-0.111964999,-3.99875E-05,NA,7.305181756,NA,NA,NA,NA,NA,NA,NA,NA,NA,NA,NA,
17155,3,3,900,2442.18,2466.7,908.54,2.07,7.59,Y,20170606,20170606,0.003821352,4.24595E-06,NA,7.346148743,NA,NA,NA,NA,NA,NA,NA,NA,NA,NA,NA,
17187,5,3,900,2441.67,2467.77,890.65,2.12,7.62,Y,20170606,20170606,-0.042702342,-4.7447E-05,NA,7.628841594,NA,NA,NA,NA,NA,NA,NA,NA,NA,NA,NA,
17195,1,1,400,2404.69,2506.24,576.45,2.97,7.83,Y,20170606,20170606,0.03065083,7.66271E-05,NA,7.708252,NA,NA,NA,NA,NA,NA,NA,NA,NA,NA,NA,
17198,3,1,900,2453.26,2468.16,943.47,2.01,7.59,Y,20170606,20170606,0.059391545,6.59906E-05,NA,7.328214341,NA,NA,NA,NA,NA,NA,NA,NA,NA,NA,NA,
17207,2,1,400,2359.13,2470.99,545.47,2.98,7.83,Y,20170606,20170606,0.007475374,1.86884E-05,NA,7.571149175,NA,NA,NA,NA,NA,NA,NA,NA,NA,NA,NA,
17220,1,2,400,2388.7,2486.18,535.06,3.10,7.84,Y,20170606,20170606,-0.004652418,-1.1631E-05,NA,7.679461268,NA,NA,NA,NA,NA,NA,NA,NA,NA,NA,NA,
17013,2,2,400,2329.53,2437.2,707.7,2.86,7.83,Y,20170613,20170613,-0.033385198,-8.3463E-05,NA,7.385795805,NA,NA,NA,NA,NA,NA,NA,NA,NA,NA,NA,Not enough fluid for DIC
17031,5,1,900,2439.9,2459.91,936.56,2.02,7.62,Y,20170613,20170613,0.033512672,3.72363E-05,NA,7.201535122,NA,NA,NA,NA,NA,NA,7044.37,NA,NA,NA,1.82,
17069,1,1,400,2404.69,2506.24,576.45,2.97,7.83,Y,20170613,20170613,-0.039443172,-9.86079E-05,NA,7.81765678,NA,NA,NA,NA,NA,NA,NA,NA,NA,NA,NA,Not enough fluid for DIC
17070,1,2,400,2388.7,2486.18,535.06,3.10,7.84,Y,20170613,20170613,-0.043210771,-0.000108027,NA,6.786948586,NA,NA,NA,NA,NA,NA,NA,NA,NA,NA,NA,Not enough fluid for DIC
17072,4,3,2800,2612.89,2488.3,2516.92,1.01,7.22,Y,20170613,20170613,-0.021622277,-7.72224E-06,NA,7.616121658,NA,NA,NA,NA,NA,NA,NA,NA,NA,NA,NA,Not enough fluid for DIC
17090,6,2,2800,2608.91,2522.06,2346.38,1.21,7.23,Y,20170613,20170613,-0.071856124,-2.56629E-05,NA,7.420344683,NA,NA,NA,NA,NA,NA,NA,NA,NA,NA,NA,Not enough fluid for DIC
17093,3,3,900,2442.18,2466.7,908.54,2.07,7.59,Y,20170613,20170613,-0.014437618,-1.60418E-05,NA,7.731284585,NA,NA,NA,NA,NA,NA,NA,NA,NA,NA,NA,Not enough fluid for DIC
17108,6,3,2800,2622.52,2522.02,2555.7,1.13,7.23,Y,20170613,20170613,0.013776896,4.92032E-06,NA,7.633396097,NA,NA,NA,NA,NA,NA,17279.15,NA,NA,NA,13.03,
17122,4,1,2800,2587.92,2497.79,2378.18,1.08,7.23,Y,20170613,20170613,-0.012599941,-4.49998E-06,NA,7.857963804,NA,NA,NA,NA,NA,NA,15602.15,NA,NA,NA,20.02,
17135,5,2,900,2441,2468.42,865.45,2.15,7.62,Y,20170613,20170613,-0.032150102,-3.57223E-05,NA,7.316698049,NA,NA,NA,NA,NA,NA,2503.84,NA,NA,NA,0.86,
17142,6,1,2800,2616.63,2523.13,2423.47,1.17,7.24,Y,20170613,20170613,-0.008410264,-3.00367E-06,NA,7.811898634,NA,NA,NA,NA,NA,NA,NA,NA,NA,NA,NA,Not enough fluid for DIC
17154,3,1,900,2453.26,2468.16,943.47,2.01,7.59,Y,20170613,20170613,-0.0085301,-9.47789E-06,NA,7.477926146,NA,NA,NA,NA,NA,NA,8670.57,NA,NA,NA,4.46,
17162,2,3,400,2348.8,2454.04,519.42,3.1,7.83,Y,20170613,20170613,-0.008940166,-2.23504E-05,NA,7.570056487,NA,NA,NA,NA,NA,NA,7552.08,NA,NA,NA,4.88,
17173,5,3,900,2441.67,2467.77,890.65,2.12,7.62,Y,20170613,20170613,0.016670148,1.85224E-05,NA,7.564298341,NA,NA,NA,NA,NA,NA,NA,NA,NA,NA,NA,Not enough fluid for DIC
17174,1,3,400,2377.12,2484.38,574.36,2.93,7.84,Y,20170613,20170613,0.009223379,2.30584E-05,NA,7.75431717,NA,NA,NA,NA,NA,NA,NA,NA,NA,NA,NA,Not enough fluid for DIC
17176,2,1,400,2359.13,2470.99,545.47,2.98,7.83,Y,20170613,20170613,-0.118091009,-0.000295228,NA,7.132437366,NA,NA,NA,NA,NA,NA,16056.77,NA,NA,NA,3.49,
17181,4,2,2800,2601.68,2504.96,2527.05,1.02,7.22,Y,20170613,20170613,-0.070240414,-2.50859E-05,NA,7.506716878,NA,NA,NA,NA,NA,NA,7434.45,NA,NA,NA,4.11,
17184,3,2,900,2449.19,2464.79,904.6,2.08,7.59,Y,20170613,20170613,-0.037425092,-4.15834E-05,NA,7.690977561,NA,NA,NA,NA,NA,NA,NA,NA,NA,NA,NA,Not enough fluid for DIC
17008,2,2,400,2329.53,2437.2,590.67,2.86,7.83,Y,20170626,20170626,-0.107068811,-0.000267672,NA,6.672413793,NA,NA,NA,NA,NA,NA,NA,NA,NA,NA,NA,
17022,4,3,2800,2612.89,2488.3,2516.92,1.01,7.22,Y,20170626,20170626,0.002726181,9.73636E-07,NA,7.275862069,NA,NA,NA,NA,NA,NA,NA,NA,NA,NA,NA,
17028,1,3,400,2377.12,2484.38,574.36,2.93,7.84,Y,20170626,20170626,0.015532731,3.88318E-05,NA,7.66091954,NA,NA,NA,NA,NA,NA,NA,NA,NA,NA,NA,
17030,5,1,900,2439.9,2459.91,936.56,2.02,7.62,Y,20170626,20170626,-0.024135047,-2.68167E-05,NA,7.448275862,NA,NA,NA,NA,NA,NA,NA,NA,NA,NA,NA,
17048,5,3,900,2441.67,2467.77,890.65,2.12,7.62,Y,20170626,20170626,-0.001446319,-1.60702E-06,NA,7.396551724,NA,NA,NA,NA,NA,NA,NA,NA,NA,NA,NA,
17053,4,1,2800,2587.92,2497.79,2378.18,1.08,7.22,Y,20170626,20170626,-0.036055481,-1.2877E-05,NA,7.517241379,NA,NA,NA,NA,NA,NA,NA,NA,NA,NA,NA,
17075,3,1,900,2453.26,2468.16,943.47,2.01,7.59,Y,20170626,20170626,-0.002200244,-2.44472E-06,NA,7.620689655,NA,NA,NA,NA,NA,NA,NA,NA,NA,NA,NA,
17095,1,1,400,2404.69,2506.24,576.45,2.97,7.83,Y,20170626,20170626,-0.080973285,-0.000202433,NA,7.632183908,NA,NA,NA,NA,NA,NA,NA,NA,NA,NA,NA,
17110,4,2,2800,2601.68,2504.96,2527.05,1.02,7.22,Y,20170626,20170626,-0.045596368,-1.62844E-05,NA,7.333333333,NA,NA,NA,NA,NA,NA,NA,NA,NA,NA,NA,
17114,6,2,2800,2608.91,2522.06,2346.38,1.21,7.23,Y,20170626,20170626,-0.008212212,-2.93293E-06,NA,7.5,NA,NA,NA,NA,NA,NA,NA,NA,NA,NA,NA,
17116,3,2,900,2449.19,2464.79,904.6,2.08,7.59,Y,20170626,20170626,0.002791404,3.10156E-06,NA,7.275862069,NA,NA,NA,NA,NA,NA,NA,NA,NA,NA,NA,
17151,5,2,900,2441,2468.42,865.45,2.15,7.62,Y,20170626,20170626,0.005744459,6.38273E-06,NA,7.528735632,NA,NA,NA,NA,NA,NA,NA,NA,NA,NA,NA,
17157,2,3,400,2348.8,2454.04,519.42,3.1,7.83,Y,20170626,20170626,-0.002120503,-5.30126E-06,NA,7.781609195,NA,NA,NA,NA,NA,NA,NA,NA,NA,NA,NA,
17163,2,1,400,2359.13,2470.99,545.47,2.98,7.83,Y,20170626,20170626,0.037779576,9.44489E-05,NA,7.396551724,NA,NA,NA,NA,NA,NA,NA,NA,NA,NA,NA,
17179,3,3,900,2442.18,2466.7,908.54,2.07,7.59,Y,20170626,20170626,-0.037933629,-4.21485E-05,NA,7.310344828,NA,NA,NA,NA,NA,NA,NA,NA,NA,NA,NA,
17182,1,2,400,2388.7,2486.18,535.06,3.10,7.84,Y,20170626,20170626,-0.022914384,-5.7286E-05,NA,7.402298851,NA,NA,NA,NA,NA,NA,NA,NA,NA,NA,NA,
17190,6,1,2800,2616.63,2523.13,2423.47,1.17,7.24,Y,20170626,20170626,0.020312144,7.25434E-06,NA,7.25862069,NA,NA,NA,NA,NA,NA,NA,NA,NA,NA,NA,
17222,6,3,2800,2622.52,2522.02,2555.7,1.13,7.23,Y,20170626,20170626,-0.052338371,-1.86923E-05,NA,7.063218391,NA,NA,NA,NA,NA,NA,NA,NA,NA,NA,NA,
17001,1,3,400,2377.12,2484.38,574.36,2.93,7.84,Y,20170724,20170724,-0.016435267,-4.10882E-05,NA,7.230326296,NA,NA,NA,NA,NA,NA,NA,NA,NA,NA,NA,
17041,6,3,2800,2622.52,2522.02,2555.7,1.13,7.23,Y,20170724,20170724,-0.032424893,-1.15803E-05,NA,7.213051823,NA,NA,NA,NA,NA,NA,NA,NA,NA,NA,NA,
17042,5,1,900,2439.9,2459.91,936.56,2.02,7.62,Y,20170724,20170724,0.004957931,5.50881E-06,NA,7.552783109,NA,NA,NA,NA,NA,NA,NA,NA,NA,NA,NA,
17052,2,2,400,2329.53,2437.2,590.67,2.86,7.83,Y,20170724,20170724,-0.020957306,-5.23933E-05,NA,7.443378119,NA,NA,NA,NA,NA,NA,NA,NA,NA,NA,NA,
17085,6,1,2800,2616.63,2523.13,2423.47,1.17,7.24,Y,20170724,20170724,-0.032708164,-1.16815E-05,NA,7.005758157,NA,NA,NA,NA,NA,NA,NA,NA,NA,NA,NA,
17106,5,2,900,2441,2468.42,865.45,2.15,7.62,Y,20170724,20170724,-0.019669916,-2.18555E-05,NA,7.644913628,NA,NA,NA,NA,NA,NA,NA,NA,NA,NA,NA,
17111,2,1,400,2359.13,2470.99,545.47,2.98,7.83,Y,20170724,20170724,0.010577697,2.64442E-05,NA,7.598848369,NA,NA,NA,NA,NA,NA,NA,NA,NA,NA,NA,
17113,1,1,400,2404.69,2506.24,576.45,2.97,7.83,Y,20170724,20170724,0.009833507,2.45838E-05,NA,7.800383877,NA,NA,NA,NA,NA,NA,NA,NA,NA,NA,NA,
17120,3,1,900,2453.26,2468.16,943.47,2.01,7.59,Y,20170724,20170724,-0.011120929,-1.23566E-05,NA,7.731285988,NA,NA,NA,NA,NA,NA,NA,NA,NA,NA,NA,
17129,4,3,2800,2612.89,2488.3,2516.92,1.01,7.22,Y,20170724,20170724,-0.055603487,-1.98584E-05,NA,7.414587332,NA,NA,NA,NA,NA,NA,NA,NA,NA,NA,NA,
17133,4,1,2800,2587.92,2497.79,2378.18,1.08,7.23,Y,20170724,20170724,-0.016696617,-5.96308E-06,NA,7.161228407,NA,NA,NA,NA,NA,NA,NA,NA,NA,NA,NA,
17143,1,2,400,2388.7,2486.18,535.06,3.10,7.84,Y,20170724,20170724,0.003004838,7.5121E-06,NA,7.426103647,NA,NA,NA,NA,NA,NA,NA,NA,NA,NA,NA,
17158,3,3,900,2442.18,2466.7,908.54,2.07,7.59,Y,20170724,20170724,-0.058989585,-6.5544E-05,NA,7.834932821,NA,NA,NA,NA,NA,NA,NA,NA,NA,NA,NA,
17166,2,3,400,2348.8,2454.04,519.42,3.1,7.83,Y,20170724,20170724,0.027782182,6.94555E-05,NA,7.644913628,NA,NA,NA,NA,NA,NA,NA,NA,NA,NA,NA,
17170,4,2,2800,2601.68,2504.96,2527.05,1.02,7.22,Y,20170724,20170724,-0.011345479,-4.05196E-06,NA,6.97696737,NA,NA,NA,NA,NA,NA,NA,NA,NA,NA,NA,
17206,3,2,900,2449.19,2464.79,904.6,2.08,7.59,Y,20170724,20170724,0.018876232,2.09736E-05,NA,7.051823417,NA,NA,NA,NA,NA,NA,NA,NA,NA,NA,NA,
17210,6,2,2800,2608.91,2522.06,2346.38,1.21,7.23,Y,20170724,20170724,-0.035986158,-1.28522E-05,NA,6.815738964,NA,NA,NA,NA,NA,NA,NA,NA,NA,NA,NA,
17218,5,3,900,2441.67,2467.77,890.65,2.12,7.62,Y,20170724,20170724,-0.057632084,-6.40356E-05,NA,7.650671785,NA,NA,NA,NA,NA,NA,NA,NA,NA,NA,NA,
17007,1,2,400,2388.7,2486.18,535.06,3.10,7.84,Y,20170822,20170822,0.003791813,9.47953E-06,NA,7.455279862,NA,NA,NA,NA,NA,NA,NA,NA,NA,NA,NA,
17012,3,1,900,2453.26,2468.16,943.47,2.01,7.59,Y,20170822,20170822,-0.006604287,-7.3381E-06,NA,7.472590883,NA,NA,NA,NA,NA,NA,2671.05,NA,NA,NA,1.36,
17019,4,3,2800,2612.89,2488.3,2516.92,1.01,7.22,Y,20170822,20170822,-0.036440933,-1.30146E-05,NA,7.149451818,NA,NA,NA,NA,NA,NA,NA,NA,NA,NA,NA,
17027,3,2,900,2449.19,2464.79,904.6,2.08,7.59,Y,20170822,20170822,-0.0152217,-1.6913E-05,NA,7.55914599,NA,NA,NA,NA,NA,NA,8404.19,NA,NA,NA,5.29,
17029,5,1,900,2439.9,2459.91,936.56,2.02,7.62,Y,20170822,20170822,-0.003829474,-4.25497E-06,NA,7.443739181,NA,NA,NA,NA,NA,NA,NA,NA,NA,NA,NA,
17079,2,3,400,2348.8,2454.04,519.42,3.1,7.83,Y,20170822,20170822,0.00219387,5.48467E-06,NA,7.449509521,NA,NA,NA,NA,NA,NA,26693.26,NA,NA,NA,12.8,
17082,3,3,900,2442.18,2466.7,908.54,2.07,7.59,Y,20170822,20170822,0.010337372,1.1486E-05,NA,7.553375649,NA,NA,NA,NA,NA,NA,NA,NA,NA,NA,NA,
17094,6,2,2800,2608.91,2522.06,2346.38,1.21,7.23,Y,20170822,20170822,-0.024666277,-8.80938E-06,NA,7.172533179,NA,NA,NA,NA,NA,NA,12393.5,NA,NA,NA,2.98,
17099,1,3,400,2377.12,2484.38,574.36,2.93,7.84,Y,20170822,20170822,-0.012168157,-3.04204E-05,NA,7.668782458,NA,NA,NA,NA,NA,NA,NA,NA,NA,NA,NA,Not enough fluid for DIC
17130,6,3,2800,2622.52,2522.02,2555.7,1.13,7.23,Y,20170822,20170822,-0.000694974,-2.48205E-07,NA,7.097518754,NA,NA,NA,NA,NA,NA,NA,NA,NA,NA,NA,
17145,6,1,2800,2616.63,2523.13,2423.47,1.17,7.24,Y,20170822,20170822,-0.008303297,-2.96546E-06,NA,6.9186382,NA,NA,NA,NA,NA,NA,NA,NA,NA,NA,NA,
17178,4,2,2800,2601.68,2504.96,2527.05,1.02,7.22,Y,20170822,20170822,-0.041536472,-1.48345E-05,NA,7.091748413,NA,NA,NA,NA,NA,NA,16218.75,NA,NA,NA,3.18,
17203,2,1,400,2359.13,2470.99,545.47,2.98,7.83,Y,20170822,20170822,0.003739626,9.34907E-06,NA,7.484131564,NA,NA,NA,NA,NA,NA,NA,NA,NA,NA,NA,
17204,5,3,900,2441.67,2467.77,890.65,2.12,7.62,Y,20170822,20170822,0.000998798,1.10978E-06,NA,7.518753606,NA,NA,NA,NA,NA,NA,NA,NA,NA,NA,NA,
17208,5,2,900,2441,2468.42,865.45,2.15,7.62,Y,20170822,20170822,-0.009894866,-1.09943E-05,NA,7.189844201,NA,NA,NA,NA,NA,NA,9687.95,NA,NA,NA,2.43,
17211,2,2,400,2329.53,2437.2,590.67,2.86,7.83,Y,20170822,20170822,-0.028318501,-7.07963E-05,NA,7.709174841,NA,NA,NA,NA,NA,NA,NA,NA,NA,NA,NA,
17213,4,1,2800,2587.92,2497.79,2378.18,1.08,7.23,Y,20170822,20170822,-0.02517526,-8.99116E-06,NA,6.872475476,NA,NA,NA,NA,NA,NA,10683.45,NA,NA,NA,1.20,
17005,1,1,400,2404.69,2506.24,576.45,2.97,7.83,Y,20170822,20170824,-0.004166596,-1.04165E-05,NA,6.84675835,NA,NA,NA,NA,NA,NA,9407.72,NA,NA,NA,0.98,
17043,1,2,400,2388.7,2486.18,535.06,3.10,7.84,Y,20170822,20170824,-0.01363645,-3.40911E-05,NA,7.277013752,NA,NA,NA,NA,NA,NA,5642.49,NA,NA,NA,1.76,
17051,1,3,400,2377.12,2484.38,574.36,2.93,7.84,Y,20170822,20170824,-0.043082464,-0.000107706,NA,6.858546169,NA,NA,NA,NA,NA,NA,4660.84,NA,NA,NA,0.50,
17062,2,1,400,2359.13,2470.99,545.47,2.98,7.83,Y,20170822,20170824,-0.007469317,-1.86733E-05,NA,7.78978389,NA,NA,NA,NA,NA,NA,2565.08,NA,NA,NA,2.79,
17068,2,2,400,2329.53,2437.2,590.67,2.86,7.83,Y,20170822,20170824,-0.022811131,-5.70278E-05,NA,7.16502947,NA,NA,NA,NA,NA,NA,14135.87,NA,NA,NA,3.33,
17089,2,3,400,2348.8,2454.04,519.42,3.1,7.83,Y,20170822,20170824,0.019155473,4.78887E-05,NA,7.353634578,NA,NA,NA,NA,NA,NA,2740.8,NA,NA,NA,1.04,
17123,4,2,2800,2601.68,2504.96,2527.05,1.02,7.22,Y,20170822,20170824,0.001213012,4.33218E-07,NA,7.141453831,NA,NA,NA,NA,NA,NA,3711.27,NA,NA,NA,0.83,
17126,4,3,2800,2612.89,2488.3,2516.92,1.01,7.22,Y,20170822,20170824,0.000283376,1.01206E-07,NA,7.63064833,NA,NA,NA,NA,NA,NA,2706.78,NA,NA,NA,2.02,
17153,5,2,900,2441,2468.42,865.45,2.15,7.62,Y,20170822,20170824,-0.009325432,-1.03616E-05,NA,7.129666012,NA,NA,NA,NA,NA,NA,6847.5,NA,NA,NA,1.48,
17156,5,3,900,2441.67,2467.77,890.65,2.12,7.62,Y,20170822,20170824,-0.004332993,-4.81444E-06,NA,7.353634578,NA,NA,NA,NA,NA,NA,17267.73,NA,NA,NA,6.52,
17159,6,1,2800,2616.63,2523.13,2423.47,1.17,7.24,Y,20170822,20170824,-0.001667603,-5.95573E-07,NA,6.99410609,NA,NA,NA,NA,NA,NA,18867.19,NA,NA,NA,2.89,
17168,6,2,2800,2608.91,2522.06,2346.38,1.21,7.23,Y,20170822,20170824,0.000225387,8.04954E-08,NA,7.330058939,NA,NA,NA,NA,NA,NA,16096.5,NA,NA,NA,5.73,
17004,6,3,2800,2622.52,2522.02,2555.7,1.13,7.23,Y,20170915,20170915,-0.023806954,-8.50248E-06,0.605283757,7.359558,7.341040462,7.300578035,7.346820809,7.455769231,7.300578035,7.338432122,2766.76,2753.628533,3276.04,6990.89,1.06,
17021,2,2,400,2329.53,2437.2,590.67,2.86,7.83,Y,20170915,20170915,-0.027372278,-6.84307E-05,1.930785124,7.867103,7.653179191,7.942196532,7.658959538,7.651923077,7.895953757,7.642447419,2763.115821,2812.376737,2142.64,2365.87,3.60,
17033,2,3,400,2348.8,2454.04,519.42,3.1,7.83,Y,20170915,20170915,-0.066600403,-0.000166501,0.317259786,7.867103,7.849710983,7.930635838,7.705202312,7.553846154,7.653179191,7.768642447,3074.44,1012.71,2852.1,2957.57,4.01,
17038,5,3,900,2441.67,2467.77,890.65,2.12,7.62,Y,20170915,20170915,-0.060353106,-6.7059E-05,NA,7.70727,7.601156069,7.716763006,7.716763006,7.484615385,7.61849711,7.424474187,3026.327234,2856.407482,2269.81,2441.22,2.72,Respiration too non-linear to keep
17039,3,3,900,2442.18,2466.7,908.54,2.07,7.59,Y,20170915,20170915,0.025198778,NA,0.269661151,7.461538462,7.485549133,7.456647399,7.612716763,7.651923077,7.312138728,7.080305927,NA,NA,NA,NA,NA,
17057,4,1,2800,2587.92,2497.79,2378.18,1.08,7.23,Y,20170915,20170915,-0.035038022,-1.25136E-05,0.509292929,7.369241,7.369942197,7.369942197,7.312138728,7.346153846,6.791907514,7.4416826,5226.2,1679.27,3281.28,462.76,2.05,
17058,4,1,2800,2587.92,2497.79,2378.18,1.08,7.23,Y,20170915,20170915,-0.030453726,-1.08763E-05,0.273576159,7.369241,7.156069364,7.190751445,7.242774566,7.305769231,7.346820809,7.470363289,6317.240233,3188.949073,2461.54,3067.08,2.48,
17073,3,2,900,2449.19,2464.79,904.6,2.08,7.59,Y,20170915,20170915,0.083340769,9.26009E-05,0.657142857,7.438461538,7.36416185,7,7.624277457,7.357692308,7.543352601,7.424474187,NA,2651.944272,3207.23,3725.3,NA,
17074,1,3,400,2377.12,2484.38,574.36,2.93,7.84,Y,20170915,20170915,-0.012512928,-3.12823E-05,0.09414453,7.889571,6.791907514,6.63583815,7.560693642,6.976923077,6.855491329,6.684512428,2908.587563,NA,NA,NA,3.99,
17081,2,1,400,2359.13,2470.99,545.47,2.98,7.83,Y,20170915,20170915,0.014520804,3.6302E-05,3.056474259,7.907222,7.421965318,7,7.791907514,7.796153846,7.63583815,7.739961759,3725.3,3426.25,2141.78,2096.97,5.32,
17088,3,3,900,2442.18,2466.7,908.54,2.07,7.59,Y,20170915,20170915,-0.033489585,-3.72106E-05,0.567816092,7.455769231,7.277456647,6.930635838,7.50867052,7.415384615,7.450867052,6.810707457,NA,2918.68301,NA,NA,NA,
17091,2,2,400,2329.53,2437.2,590.67,2.86,7.83,Y,20170915,20170915,-0.036324925,-9.08123E-05,0.269674185,6.844230769,7.063583815,6.994219653,7.878612717,7.848076923,7.289017341,6.546845124,NA,2501.850518,NA,NA,NA,
17105,1,2,400,2388.7,2486.18,535.06,3.10,7.84,Y,20170915,20170915,-0.014043915,-3.51098E-05,0.156846473,7.916714,7,6.751445087,7.450867052,7.657692308,7.225433526,7.728489484,2865.61,2572.275383,1445.13,233.21,4.18,
17115,1,2,400,2388.7,2486.18,535.06,3.10,7.84,Y,20170915,20170915,-0.005113069,-1.27827E-05,0.132667946,7.916714,7.867052023,7.971098266,7.849710983,7.934615385,7.953757225,7.917782027,2529.136606,2457.333246,2565.42,2906.17,3.68,
17118,1,1,400,2404.69,2506.24,576.45,2.97,7.83,Y,20170915,20170915,-0.013257834,-3.31446E-05,0.645719584,7.893875,7.520231214,7.936416185,7.942196532,7.836538462,7.716763006,NA,2667.513154,NA,NA,NA,3.69,
17139,5,1,900,2439.9,2459.91,936.56,2.02,7.62,Y,20170915,20170915,-0.122699223,-0.000136332,0.288240495,7.70727,7.601156069,7.670520231,7.630057803,7.669230769,7.450867052,7.653919694,4031.21,2018.21,2265.08,1938.96,3.62,
17144,1,1,400,2404.69,2506.24,576.45,2.97,7.83,Y,20170915,20170915,0.034660239,8.66506E-05,2.002077922,7.692307692,7.61849711,7.76300578,7.76300578,7.628846154,7.606936416,7.367112811,NA,NA,NA,NA,NA,
17148,2,3,400,2348.8,2454.04,519.42,3.1,7.83,Y,20170915,20170915,-0.030341591,-7.5854E-05,0.606597222,7.398076923,7.786127168,7.63583815,7.543352601,7.657692308,7.583815029,7.573613767,NA,NA,NA,NA,NA,
17152,1,3,400,2377.12,2484.38,574.36,2.93,7.84,Y,20170915,20170915,-0.027478905,-6.86973E-05,0.139578947,7.034615385,7.50867052,7.023121387,7.76300578,7.807692308,7.450867052,7.091778203,NA,NA,NA,NA,NA,
17161,3,1,900,2453.26,2468.16,943.47,2.01,7.59,Y,20170915,20170915,0.373104843,NA,1.198627787,7.705852,7.242774566,7.01734104,7.450867052,7.369230769,7.427745665,7.470363289,4075.037402,2093.53,3450.96,2177.76,3.65,
17167,6,1,2800,2616.63,2523.13,2423.47,1.17,7.24,Y,20170915,20170915,-0.028805665,-1.02877E-05,1.619310345,7.378642,7.132947977,7.213872832,7.312138728,7.288461538,7.161849711,7.309751434,4677.845056,3932.606457,2009.47,1930.33,1.88,
17169,4,3,2800,2612.89,2488.3,2516.92,1.01,7.22,Y,20170915,20170915,0.043094806,1.5391E-05,NA,6.786538462,7.312138728,7.25433526,7.260115607,7.357692308,7.265895954,7.229445507,NA,NA,NA,NA,NA,Respiration too non-linear to keep
17172,5,3,900,2441.67,2467.77,890.65,2.12,7.62,Y,20170915,20170915,0.066234035,7.35934E-05,0.306818182,7.730839,7.583815029,7.693641618,7.566473988,7.698076923,7.462427746,7.24665392,3616.606803,953.53,1803.22,2384.3,3.44,
17180,5,3,900,2441.67,2467.77,890.65,2.12,7.62,Y,20170915,20170915,0.002440467,2.71163E-06,NA,7.730839,7.213872832,6.687861272,7.387283237,7.571153846,7.450867052,6.793499044,9910.8139,NA,NA,NA,9.44,Respiration too non-linear to keep
17188,6,3,2800,2622.52,2522.02,2555.7,1.13,7.23,Y,20170915,20170915,-0.010875985,-3.88428E-06,3.608807339,7.359558,7.115606936,7.190751445,7.213872832,7.253846154,7.277456647,7.229445507,3808.298664,4497.39,1773.62,1428.3,1.46,
17193,3,3,900,2442.18,2466.7,908.54,2.07,7.59,Y,20170915,20170915,-0.042262587,-4.69584E-05,0.331962025,7.369230769,7.375722543,7.479768786,7.751445087,7.703846154,7.260115607,7.413001912,NA,NA,NA,NA,NA,
17194,5,3,900,2441.67,2467.77,890.65,2.12,7.62,Y,20170915,20170915,-0.01926792,-2.14088E-05,0.228756507,7.190384615,7.572254335,7.589595376,7.427745665,7.519230769,7.468208092,7.556405354,NA,NA,NA,NA,NA,
17200,3,3,900,2442.18,2466.7,908.54,2.07,7.59,Y,20170915,20170915,-0.020058571,-2.22873E-05,0.554140127,7.888461538,7.497109827,7.514450867,7.514450867,7.623076923,7.23699422,7.263862333,NA,NA,NA,NA,NA,
17214,5,2,900,2441,2468.42,865.45,2.15,7.62,Y,20170915,20170915,0.039805712,4.42286E-05,0.30969163,7.739234,7.653179191,7.624277457,7.699421965,7.744230769,7.676300578,7.424474187,8044.45,3035.69289,283.46,2604.23,7.81,
17015,NA,NA,NA,NA,NA,NA,NA,NA,N,NA,NA,NA,NA,,NA,NA,NA,NA,NA,NA,NA,NA,NA,NA,NA,NA,
17044,4,2,2800,2601.68,2504.96,2527.05,1.02,7.22,N,NA,NA,NA,NA,,NA,NA,NA,NA,NA,NA,NA,NA,NA,NA,NA,NA,
17071,5,2,900,2441,2468.42,865.45,2.15,7.62,N,NA,NA,NA,NA,,NA,NA,NA,NA,NA,NA,NA,NA,NA,NA,NA,NA,
17087,6,1,2800,2616.63,2523.13,2423.47,1.17,7.24,N,NA,NA,NA,NA,,NA,NA,NA,NA,NA,NA,NA,NA,NA,NA,NA,NA,
17100,5,1,900,2439.9,2459.91,936.56,2.02,7.62,N,NA,NA,NA,NA,,NA,NA,NA,NA,NA,NA,NA,NA,NA,NA,NA,NA,
17101,6,2,2800,2608.91,2522.06,2346.38,1.21,7.23,N,NA,NA,NA,NA,,NA,NA,NA,NA,NA,NA,NA,NA,NA,NA,NA,NA,
17102,1,1,400,2404.69,2506.24,576.45,2.97,7.83,N,NA,NA,NA,NA,,NA,NA,NA,NA,NA,NA,NA,NA,NA,NA,NA,NA,
17125,5,2,900,2441,2468.42,865.45,2.15,7.62,N,NA,NA,NA,NA,,NA,NA,NA,NA,NA,NA,NA,NA,NA,NA,NA,NA,
17128,3,1,900,2453.26,2468.16,943.47,2.01,7.59,N,NA,NA,NA,NA,,NA,NA,NA,NA,NA,NA,NA,NA,NA,NA,NA,NA,
17132,6,2,2800,2608.91,2522.06,2346.38,1.21,7.23,N,NA,NA,NA,NA,,NA,NA,NA,NA,NA,NA,NA,NA,NA,NA,NA,NA,
17136,NA,NA,NA,NA,NA,NA,NA,NA,N,NA,NA,NA,NA,,NA,NA,NA,NA,NA,NA,NA,NA,NA,NA,NA,NA,
17137,1,1,400,2404.69,2506.24,576.45,2.97,7.83,N,NA,NA,NA,NA,,NA,NA,NA,NA,NA,NA,NA,NA,NA,NA,NA,NA,
17140,6,2,2800,2608.91,2522.06,2346.38,1.21,7.23,N,NA,NA,NA,NA,,NA,NA,NA,NA,NA,NA,NA,NA,NA,NA,NA,NA,
17146,NA,NA,NA,NA,NA,NA,NA,NA,N,NA,NA,NA,NA,,NA,NA,NA,NA,NA,NA,NA,NA,NA,NA,NA,NA,
17164,4,2,2800,2601.68,2504.96,2527.05,1.02,7.22,N,NA,NA,NA,NA,,NA,NA,NA,NA,NA,NA,NA,NA,NA,NA,NA,NA,
17175,NA,NA,NA,NA,NA,NA,NA,NA,N,NA,NA,NA,NA,,NA,NA,NA,NA,NA,NA,NA,NA,NA,NA,NA,NA,
17177,2,1,400,2359.13,2470.99,545.47,2.98,7.83,N,NA,NA,NA,NA,,NA,NA,NA,NA,NA,NA,NA,NA,NA,NA,NA,NA,
17201,6,3,2800,2622.52,2522.02,2555.7,1.13,7.23,N,NA,NA,NA,NA,,NA,NA,NA,NA,NA,NA,NA,NA,NA,NA,NA,NA,
17216,2,1,400,2359.13,2470.99,545.47,2.98,7.83,N,NA,NA,NA,NA,,NA,NA,NA,NA,NA,NA,NA,NA,NA,NA,NA,NA,
17219,1,1,400,2404.69,2506.24,576.45,2.97,7.83,N,NA,NA,NA,NA,,NA,NA,NA,NA,NA,NA,NA,NA,NA,NA,NA,NA,
,,,,,,,,,,,,,,,,,,,,,,,,,,,
,,,,,,,,,,,,,,,,,,,,,,,,,,,
,,,,,,,,,,,,,,,,,,,,,,,,,,,
,,,,,,,,,,,,,,,,,,,,,,,,,,,
,,,,,,,,,,,,,,,,,,,,,,,,,,,
,,,,,,,,,,,,,,,,,,,,,,,,,,,
,,,,,,,,,,,,,,,,,,,,,,,,,,,
,,,,,,,,,,,,,,,,,,,,,,,,,,,
,,,,,,,,,,,,,,,,,,,,,,,,,,,
,,,,,,,,,,,,,,,,,,,,,,,,,,,
,,,,,,,,,,,,,,,,,,,,,,,,,,,
,,,,,,,,,,,,,,,,,,,,,,,,,,,
,,,,,,,,,,,,,,,,,,,,,,,,,,,
,,,,,,,,,,,,,,,,,,,,,,,,,,,
,,,,,,,,,,,,,,,,,,,,,,,,,,,
,,,,,,,,,,,,,,,,,,,,,,,,,,,
,,,,,,,,,,,,,,,,,,,,,,,,,,,
,,,,,,,,,,,,,,,,,,,,,,,,,,,
,,,,,,,,,,,,,,,,,,,,,,,,,,,
,,,,,,,,,,,,,,,,,,,,,,,,,,,
,,,,,,,,,,,,,,,,,,,,,,,,,,,
,,,,,,,,,,,,,,,,,,,,,,,,,,,
,,,,,,,,,,,,,,,,,,,,,,,,,,,
,,,,,,,,,,,,,,,,,,,,,,,,,,,
,,,,,,,,,,,,,,,,,,,,,,,,,,,
,,,,,,,,,,,,,,,,,,,,,,,,,,,
,,,,,,,,,,,,,,,,,,,,,,,,,,,
,,,,,,,,,,,,,,,,,,,,,,,,,,,
,,,,,,,,,,,,,,,,,,,,,,,,,,,
,,,,,,,,,,,,,,,,,,,,,,,,,,,
,,,,,,,,,,,,,,,,,,,,,,,,,,,
,,,,,,,,,,,,,,,,,,,,,,,,,,,
,,,,,,,,,,,,,,,,,,,,,,,,,,,
,,,,,,,,,,,,,,,,,,,,,,,,,,,
,,,,,,,,,,,,,,,,,,,,,,,,,,,
,,,,,,,,,,,,,,,,,,,,,,,,,,,
,,,,,,,,,,,,,,,,,,,,,,,,,,,
,,,,,,,,,,,,,,,,,,,,,,,,,,,
,,,,,,,,,,,,,,,,,,,,,,,,,,,
,,,,,,,,,,,,,,,,,,,,,,,,,,,
,,,,,,,,,,,,,,,,,,,,,,,,,,,
,,,,,,,,,,,,,,,,,,,,,,,,,,,
,,,,,,,,,,,,,,,,,,,,,,,,,,,
,,,,,,,,,,,,,,,,,,,,,,,,,,,
,,,,,,,,,,,,,,,,,,,,,,,,,,,
,,,,,,,,,,,,,,,,,,,,,,,,,,,
,,,,,,,,,,,,,,,,,,,,,,,,,,,
,,,,,,,,,,,,,,,,,,,,,,,,,,,
,,,,,,,,,,,,,,,,,,,,,,,,,,,
,,,,,,,,,,,,,,,,,,,,,,,,,,,
,,,,,,,,,,,,,,,,,,,,,,,,,,,
,,,,,,,,,,,,,,,,,,,,,,,,,,,
,,,,,,,,,,,,,,,,,,,,,,,,,,,
,,,,,,,,,,,,,,,,,,,,,,,,,,,
,,,,,,,,,,,,,,,,,,,,,,,,,,,
,,,,,,,,,,,,,,,,,,,,,,,,,,,
,,,,,,,,,,,,,,,,,,,,,,,,,,,
,,,,,,,,,,,,,,,,,,,,,,,,,,,
,,,,,,,,,,,,,,,,,,,,,,,,,,,
,,,,,,,,,,,,,,,,,,,,,,,,,,,
,,,,,,,,,,,,,,,,,,,,,,,,,,,
,,,,,,,,,,,,,,,,,,,,,,,,,,,
,,,,,,,,,,,,,,,,,,,,,,,,,,,
,,,,,,,,,,,,,,,,,,,,,,,,,,,
,,,,,,,,,,,,,,,,,,,,,,,,,,,
,,,,,,,,,,,,,,,,,,,,,,,,,,,
,,,,,,,,,,,,,,,,,,,,,,,,,,,
,,,,,,,,,,,,,,,,,,,,,,,,,,,
,,,,,,,,,,,,,,,,,,,,,,,,,,,
,,,,,,,,,,,,,,,,,,,,,,,,,,,
,,,,,,,,,,,,,,,,,,,,,,,,,,,
,,,,,,,,,,,,,,,,,,,,,,,,,,,
,,,,,,,,,,,,,,,,,,,,,,,,,,,
,,,,,,,,,,,,,,,,,,,,,,,,,,,
,,,,,,,,,,,,,,,,,,,,,,,,,,,
,,,,,,,,,,,,,,,,,,,,,,,,,,,
,,,,,,,,,,,,,,,,,,,,,,,,,,,
,,,,,,,,,,,,,,,,,,,,,,,,,,,
,,,,,,,,,,,,,,,,,,,,,,,,,,,
,,,,,,,,,,,,,,,,,,,,,,,,,,,
,,,,,,,,,,,,,,,,,,,,,,,,,,,
,,,,,,,,,,,,,,,,,,,,,,,,,,,
,,,,,,,,,,,,,,,,,,,,,,,,,,,
,,,,,,,,,,,,,,,,,,,,,,,,,,,
,,,,,,,,,,,,,,,,,,,,,,,,,,,
,,,,,,,,,,,,,,,,,,,,,,,,,,,
,,,,,,,,,,,,,,,,,,,,,,,,,,,
,,,,,,,,,,,,,,,,,,,,,,,,,,,
,,,,,,,,,,,,,,,,,,,,,,,,,,,
,,,,,,,,,,,,,,,,,,,,,,,,,,,
,,,,,,,,,,,,,,,,,,,,,,,,,,,
,,,,,,,,,,,,,,,,,,,,,,,,,,,
,,,,,,,,,,,,,,,,,,,,,,,,,,,
,,,,,,,,,,,,,,,,,,,,,,,,,,,
,,,,,,,,,,,,,,,,,,,,,,,,,,,
,,,,,,,,,,,,,,,,,,,,,,,,,,,
,,,,,,,,,,,,,,,,,,,,,,,,,,,
,,,,,,,,,,,,,,,,,,,,,,,,,,,
,,,,,,,,,,,,,,,,,,,,,,,,,,,
,,,,,,,,,,,,,,,,,,,,,,,,,,,
,,,,,,,,,,,,,,,,,,,,,,,,,,,
,,,,,,,,,,,,,,,,,,,,,,,,,,,
,,,,,,,,,,,,,,,,,,,,,,,,,,,
,,,,,,,,,,,,,,,,,,,,,,,,,,,
,,,,,,,,,,,,,,,,,,,,,,,,,,,
,,,,,,,,,,,,,,,,,,,,,,,,,,,
,,,,,,,,,,,,,,,,,,,,,,,,,,,
,,,,,,,,,,,,,,,,,,,,,,,,,,,
,,,,,,,,,,,,,,,,,,,,,,,,,,,
,,,,,,,,,,,,,,,,,,,,,,,,,,,
,,,,,,,,,,,,,,,,,,,,,,,,,,,
,,,,,,,,,,,,,,,,,,,,,,,,,,,
,,,,,,,,,,,,,,,,,,,,,,,,,,,
,,,,,,,,,,,,,,,,,,,,,,,,,,,
,,,,,,,,,,,,,,,,,,,,,,,,,,,
,,,,,,,,,,,,,,,,,,,,,,,,,,,
,,,,,,,,,,,,,,,,,,,,,,,,,,,
,,,,,,,,,,,,,,,,,,,,,,,,,,,
,,,,,,,,,,,,,,,,,,,,,,,,,,,
,,,,,,,,,,,,,,,,,,,,,,,,,,,
,,,,,,,,,,,,,,,,,,,,,,,,,,,
,,,,,,,,,,,,,,,,,,,,,,,,,,,
,,,,,,,,,,,,,,,,,,,,,,,,,,,
,,,,,,,,,,,,,,,,,,,,,,,,,,,
,,,,,,,,,,,,,,,,,,,,,,,,,,,
,,,,,,,,,,,,,,,,,,,,,,,,,,,
,,,,,,,,,,,,,,,,,,,,,,,,,,,
,,,,,,,,,,,,,,,,,,,,,,,,,,,
,,,,,,,,,,,,,,,,,,,,,,,,,,,
,,,,,,,,,,,,,,,,,,,,,,,,,,,
,,,,,,,,,,,,,,,,,,,,,,,,,,,
,,,,,,,,,,,,,,,,,,,,,,,,,,,
,,,,,,,,,,,,,,,,,,,,,,,,,,,
,,,,,,,,,,,,,,,,,,,,,,,,,,,
,,,,,,,,,,,,,,,,,,,,,,,,,,,
,,,,,,,,,,,,,,,,,,,,,,,,,,,
,,,,,,,,,,,,,,,,,,,,,,,,,,,
,,,,,,,,,,,,,,,,,,,,,,,,,,,
,,,,,,,,,,,,,,,,,,,,,,,,,,,
,,,,,,,,,,,,,,,,,,,,,,,,,,,
,,,,,,,,,,,,,,,,,,,,,,,,,,,
,,,,,,,,,,,,,,,,,,,,,,,,,,,
,,,,,,,,,,,,,,,,,,,,,,,,,,,
,,,,,,,,,,,,,,,,,,,,,,,,,,,
,,,,,,,,,,,,,,,,,,,,,,,,,,,
,,,,,,,,,,,,,,,,,,,,,,,,,,,
,,,,,,,,,,,,,,,,,,,,,,,,,,,
,,,,,,,,,,,,,,,,,,,,,,,,,,,
,,,,,,,,,,,,,,,,,,,,,,,,,,,
,,,,,,,,,,,,,,,,,,,,,,,,,,,
,,,,,,,,,,,,,,,,,,,,,,,,,,,
,,,,,,,,,,,,,,,,,,,,,,,,,,,
,,,,,,,,,,,,,,,,,,,,,,,,,,,
,,,,,,,,,,,,,,,,,,,,,,,,,,,
,,,,,,,,,,,,,,,,,,,,,,,,,,,
,,,,,,,,,,,,,,,,,,,,,,,,,,,
,,,,,,,,,,,,,,,,,,,,,,,,,,,
,,,,,,,,,,,,,,,,,,,,,,,,,,,
,,,,,,,,,,,,,,,,,,,,,,,,,,,
,,,,,,,,,,,,,,,,,,,,,,,,,,,
,,,,,,,,,,,,,,,,,,,,,,,,,,,
,,,,,,,,,,,,,,,,,,,,,,,,,,,
,,,,,,,,,,,,,,,,,,,,,,,,,,,
,,,,,,,,,,,,,,,,,,,,,,,,,,,
,,,,,,,,,,,,,,,,,,,,,,,,,,,
,,,,,,,,,,,,,,,,,,,,,,,,,,,
,,,,,,,,,,,,,,,,,,,,,,,,,,,
,,,,,,,,,,,,,,,,,,,,,,,,,,,
,,,,,,,,,,,,,,,,,,,,,,,,,,,
,,,,,,,,,,,,,,,,,,,,,,,,,,,
,,,,,,,,,,,,,,,,,,,,,,,,,,,
,,,,,,,,,,,,,,,,,,,,,,,,,,,
,,,,,,,,,,,,,,,,,,,,,,,,,,,
,,,,,,,,,,,,,,,,,,,,,,,,,,,
,,,,,,,,,,,,,,,,,,,,,,,,,,,
,,,,,,,,,,,,,,,,,,,,,,,,,,,
,,,,,,,,,,,,,,,,,,,,,,,,,,,
,,,,,,,,,,,,,,,,,,,,,,,,,,,
,,,,,,,,,,,,,,,,,,,,,,,,,,,
,,,,,,,,,,,,,,,,,,,,,,,,,,,
,,,,,,,,,,,,,,,,,,,,,,,,,,,
,,,,,,,,,,,,,,,,,,,,,,,,,,,
,,,,,,,,,,,,,,,,,,,,,,,,,,,
,,,,,,,,,,,,,,,,,,,,,,,,,,,
,,,,,,,,,,,,,,,,,,,,,,,,,,,
,,,,,,,,,,,,,,,,,,,,,,,,,,,
,,,,,,,,,,,,,,,,,,,,,,,,,,,
,,,,,,,,,,,,,,,,,,,,,,,,,,,
,,,,,,,,,,,,,,,,,,,,,,,,,,,
,,,,,,,,,,,,,,,,,,,,,,,,,,,
,,,,,,,,,,,,,,,,,,,,,,,,,,,
,,,,,,,,,,,,,,,,,,,,,,,,,,,
,,,,,,,,,,,,,,,,,,,,,,,,,,,
,,,,,,,,,,,,,,,,,,,,,,,,,,,
,,,,,,,,,,,,,,,,,,,,,,,,,,,
,,,,,,,,,,,,,,,,,,,,,,,,,,,
,,,,,,,,,,,,,,,,,,,,,,,,,,,
,,,,,,,,,,,,,,,,,,,,,,,,,,,
,,,,,,,,,,,,,,,,,,,,,,,,,,,
,,,,,,,,,,,,,,,,,,,,,,,,,,,
,,,,,,,,,,,,,,,,,,,,,,,,,,,
,,,,,,,,,,,,,,,,,,,,,,,,,,,
,,,,,,,,,,,,,,,,,,,,,,,,,,,
,,,,,,,,,,,,,,,,,,,,,,,,,,,
,,,,,,,,,,,,,,,,,,,,,,,,,,,
,,,,,,,,,,,,,,,,,,,,,,,,,,,
,,,,,,,,,,,,,,,,,,,,,,,,,,,
,,,,,,,,,,,,,,,,,,,,,,,,,,,
,,,,,,,,,,,,,,,,,,,,,,,,,,,
,,,,,,,,,,,,,,,,,,,,,,,,,,,
,,,,,,,,,,,,,,,,,,,,,,,,,,,
,,,,,,,,,,,,,,,,,,,,,,,,,,,
,,,,,,,,,,,,,,,,,,,,,,,,,,,
,,,,,,,,,,,,,,,,,,,,,,,,,,,
,,,,,,,,,,,,,,,,,,,,,,,,,,,
,,,,,,,,,,,,,,,,,,,,,,,,,,,
,,,,,,,,,,,,,,,,,,,,,,,,,,,
,,,,,,,,,,,,,,,,,,,,,,,,,,,
,,,,,,,,,,,,,,,,,,,,,,,,,,,
,,,,,,,,,,,,,,,,,,,,,,,,,,,
,,,,,,,,,,,,,,,,,,,,,,,,,,,
,,,,,,,,,,,,,,,,,,,,,,,,,,,
,,,,,,,,,,,,,,,,,,,,,,,,,,,
,,,,,,,,,,,,,,,,,,,,,,,,,,,
,,,,,,,,,,,,,,,,,,,,,,,,,,,
,,,,,,,,,,,,,,,,,,,,,,,,,,,
,,,,,,,,,,,,,,,,,,,,,,,,,,,
,,,,,,,,,,,,,,,,,,,,,,,,,,,
,,,,,,,,,,,,,,,,,,,,,,,,,,,
,,,,,,,,,,,,,,,,,,,,,,,,,,,
,,,,,,,,,,,,,,,,,,,,,,,,,,,
,,,,,,,,,,,,,,,,,,,,,,,,,,,
,,,,,,,,,,,,,,,,,,,,,,,,,,,
,,,,,,,,,,,,,,,,,,,,,,,,,,,
,,,,,,,,,,,,,,,,,,,,,,,,,,,
,,,,,,,,,,,,,,,,,,,,,,,,,,,
,,,,,,,,,,,,,,,,,,,,,,,,,,,
,,,,,,,,,,,,,,,,,,,,,,,,,,,
,,,,,,,,,,,,,,,,,,,,,,,,,,,
,,,,,,,,,,,,,,,,,,,,,,,,,,,
,,,,,,,,,,,,,,,,,,,,,,,,,,,
,,,,,,,,,,,,,,,,,,,,,,,,,,,
,,,,,,,,,,,,,,,,,,,,,,,,,,,
,,,,,,,,,,,,,,,,,,,,,,,,,,,
,,,,,,,,,,,,,,,,,,,,,,,,,,,
,,,,,,,,,,,,,,,,,,,,,,,,,,,
,,,,,,,,,,,,,,,,,,,,,,,,,,,
,,,,,,,,,,,,,,,,,,,,,,,,,,,
,,,,,,,,,,,,,,,,,,,,,,,,,,,
,,,,,,,,,,,,,,,,,,,,,,,,,,,
,,,,,,,,,,,,,,,,,,,,,,,,,,,
,,,,,,,,,,,,,,,,,,,,,,,,,,,
,,,,,,,,,,,,,,,,,,,,,,,,,,,
,,,,,,,,,,,,,,,,,,,,,,,,,,,
,,,,,,,,,,,,,,,,,,,,,,,,,,,
,,,,,,,,,,,,,,,,,,,,,,,,,,,
,,,,,,,,,,,,,,,,,,,,,,,,,,,
,,,,,,,,,,,,,,,,,,,,,,,,,,,
,,,,,,,,,,,,,,,,,,,,,,,,,,,
,,,,,,,,,,,,,,,,,,,,,,,,,,,
,,,,,,,,,,,,,,,,,,,,,,,,,,,
,,,,,,,,,,,,,,,,,,,,,,,,,,,
,,,,,,,,,,,,,,,,,,,,,,,,,,,
,,,,,,,,,,,,,,,,,,,,,,,,,,,
,,,,,,,,,,,,,,,,,,,,,,,,,,,
,,,,,,,,,,,,,,,,,,,,,,,,,,,
,,,,,,,,,,,,,,,,,,,,,,,,,,,
,,,,,,,,,,,,,,,,,,,,,,,,,,,
,,,,,,,,,,,,,,,,,,,,,,,,,,,
,,,,,,,,,,,,,,,,,,,,,,,,,,,
,,,,,,,,,,,,,,,,,,,,,,,,,,,
,,,,,,,,,,,,,,,,,,,,,,,,,,,
,,,,,,,,,,,,,,,,,,,,,,,,,,,
,,,,,,,,,,,,,,,,,,,,,,,,,,,
,,,,,,,,,,,,,,,,,,,,,,,,,,,
,,,,,,,,,,,,,,,,,,,,,,,,,,,
,,,,,,,,,,,,,,,,,,,,,,,,,,,
,,,,,,,,,,,,,,,,,,,,,,,,,,,
,,,,,,,,,,,,,,,,,,,,,,,,,,,
,,,,,,,,,,,,,,,,,,,,,,,,,,,
,,,,,,,,,,,,,,,,,,,,,,,,,,,
,,,,,,,,,,,,,,,,,,,,,,,,,,,
,,,,,,,,,,,,,,,,,,,,,,,,,,,
,,,,,,,,,,,,,,,,,,,,,,,,,,,
,,,,,,,,,,,,,,,,,,,,,,,,,,,
,,,,,,,,,,,,,,,,,,,,,,,,,,,
,,,,,,,,,,,,,,,,,,,,,,,,,,,
,,,,,,,,,,,,,,,,,,,,,,,,,,,
,,,,,,,,,,,,,,,,,,,,,,,,,,,
,,,,,,,,,,,,,,,,,,,,,,,,,,,
,,,,,,,,,,,,,,,,,,,,,,,,,,,
,,,,,,,,,,,,,,,,,,,,,,,,,,,
,,,,,,,,,,,,,,,,,,,,,,,,,,,
,,,,,,,,,,,,,,,,,,,,,,,,,,,
,,,,,,,,,,,,,,,,,,,,,,,,,,,
,,,,,,,,,,,,,,,,,,,,,,,,,,,
,,,,,,,,,,,,,,,,,,,,,,,,,,,
,,,,,,,,,,,,,,,,,,,,,,,,,,,
,,,,,,,,,,,,,,,,,,,,,,,,,,,
,,,,,,,,,,,,,,,,,,,,,,,,,,,
,,,,,,,,,,,,,,,,,,,,,,,,,,,
,,,,,,,,,,,,,,,,,,,,,,,,,,,
,,,,,,,,,,,,,,,,,,,,,,,,,,,
,,,,,,,,,,,,,,,,,,,,,,,,,,,
,,,,,,,,,,,,,,,,,,,,,,,,,,,
,,,,,,,,,,,,,,,,,,,,,,,,,,,
,,,,,,,,,,,,,,,,,,,,,,,,,,,
,,,,,,,,,,,,,,,,,,,,,,,,,,,
,,,,,,,,,,,,,,,,,,,,,,,,,,,
,,,,,,,,,,,,,,,,,,,,,,,,,,,
,,,,,,,,,,,,,,,,,,,,,,,,,,,
,,,,,,,,,,,,,,,,,,,,,,,,,,,
,,,,,,,,,,,,,,,,,,,,,,,,,,,
,,,,,,,,,,,,,,,,,,,,,,,,,,,
,,,,,,,,,,,,,,,,,,,,,,,,,,,
,,,,,,,,,,,,,,,,,,,,,,,,,,,
,,,,,,,,,,,,,,,,,,,,,,,,,,,
,,,,,,,,,,,,,,,,,,,,,,,,,,,
,,,,,,,,,,,,,,,,,,,,,,,,,,,
,,,,,,,,,,,,,,,,,,,,,,,,,,,
,,,,,,,,,,,,,,,,,,,,,,,,,,,
,,,,,,,,,,,,,,,,,,,,,,,,,,,
,,,,,,,,,,,,,,,,,,,,,,,,,,,
,,,,,,,,,,,,,,,,,,,,,,,,,,,
,,,,,,,,,,,,,,,,,,,,,,,,,,,
,,,,,,,,,,,,,,,,,,,,,,,,,,,
,,,,,,,,,,,,,,,,,,,,,,,,,,,
,,,,,,,,,,,,,,,,,,,,,,,,,,,
,,,,,,,,,,,,,,,,,,,,,,,,,,,
,,,,,,,,,,,,,,,,,,,,,,,,,,,
,,,,,,,,,,,,,,,,,,,,,,,,,,,
,,,,,,,,,,,,,,,,,,,,,,,,,,,
,,,,,,,,,,,,,,,,,,,,,,,,,,,
,,,,,,,,,,,,,,,,,,,,,,,,,,,
,,,,,,,,,,,,,,,,,,,,,,,,,,,
,,,,,,,,,,,,,,,,,,,,,,,,,,,
,,,,,,,,,,,,,,,,,,,,,,,,,,,
,,,,,,,,,,,,,,,,,,,,,,,,,,,
,,,,,,,,,,,,,,,,,,,,,,,,,,,
,,,,,,,,,,,,,,,,,,,,,,,,,,,
,,,,,,,,,,,,,,,,,,,,,,,,,,,
,,,,,,,,,,,,,,,,,,,,,,,,,,,
,,,,,,,,,,,,,,,,,,,,,,,,,,,
,,,,,,,,,,,,,,,,,,,,,,,,,,,
,,,,,,,,,,,,,,,,,,,,,,,,,,,
,,,,,,,,,,,,,,,,,,,,,,,,,,,
,,,,,,,,,,,,,,,,,,,,,,,,,,,
,,,,,,,,,,,,,,,,,,,,,,,,,,,
,,,,,,,,,,,,,,,,,,,,,,,,,,,
,,,,,,,,,,,,,,,,,,,,,,,,,,,
,,,,,,,,,,,,,,,,,,,,,,,,,,,
,,,,,,,,,,,,,,,,,,,,,,,,,,,
,,,,,,,,,,,,,,,,,,,,,,,,,,,
,,,,,,,,,,,,,,,,,,,,,,,,,,,
,,,,,,,,,,,,,,,,,,,,,,,,,,,
,,,,,,,,,,,,,,,,,,,,,,,,,,,
,,,,,,,,,,,,,,,,,,,,,,,,,,,
,,,,,,,,,,,,,,,,,,,,,,,,,,,
,,,,,,,,,,,,,,,,,,,,,,,,,,,
,,,,,,,,,,,,,,,,,,,,,,,,,,,
,,,,,,,,,,,,,,,,,,,,,,,,,,,
,,,,,,,,,,,,,,,,,,,,,,,,,,,
,,,,,,,,,,,,,,,,,,,,,,,,,,,
,,,,,,,,,,,,,,,,,,,,,,,,,,,
,,,,,,,,,,,,,,,,,,,,,,,,,,,
,,,,,,,,,,,,,,,,,,,,,,,,,,,
,,,,,,,,,,,,,,,,,,,,,,,,,,,
,,,,,,,,,,,,,,,,,,,,,,,,,,,
,,,,,,,,,,,,,,,,,,,,,,,,,,,
,,,,,,,,,,,,,,,,,,,,,,,,,,,
,,,,,,,,,,,,,,,,,,,,,,,,,,,
,,,,,,,,,,,,,,,,,,,,,,,,,,,
,,,,,,,,,,,,,,,,,,,,,,,,,,,
,,,,,,,,,,,,,,,,,,,,,,,,,,,
,,,,,,,,,,,,,,,,,,,,,,,,,,,
,,,,,,,,,,,,,,,,,,,,,,,,,,,
,,,,,,,,,,,,,,,,,,,,,,,,,,,
,,,,,,,,,,,,,,,,,,,,,,,,,,,
,,,,,,,,,,,,,,,,,,,,,,,,,,,
,,,,,,,,,,,,,,,,,,,,,,,,,,,
,,,,,,,,,,,,,,,,,,,,,,,,,,,
,,,,,,,,,,,,,,,,,,,,,,,,,,,
,,,,,,,,,,,,,,,,,,,,,,,,,,,
,,,,,,,,,,,,,,,,,,,,,,,,,,,
,,,,,,,,,,,,,,,,,,,,,,,,,,,
,,,,,,,,,,,,,,,,,,,,,,,,,,,
,,,,,,,,,,,,,,,,,,,,,,,,,,,
,,,,,,,,,,,,,,,,,,,,,,,,,,,
,,,,,,,,,,,,,,,,,,,,,,,,,,,
,,,,,,,,,,,,,,,,,,,,,,,,,,,
,,,,,,,,,,,,,,,,,,,,,,,,,,,
,,,,,,,,,,,,,,,,,,,,,,,,,,,
,,,,,,,,,,,,,,,,,,,,,,,,,,,
,,,,,,,,,,,,,,,,,,,,,,,,,,,
,,,,,,,,,,,,,,,,,,,,,,,,,,,
,,,,,,,,,,,,,,,,,,,,,,,,,,,
,,,,,,,,,,,,,,,,,,,,,,,,,,,
,,,,,,,,,,,,,,,,,,,,,,,,,,,
,,,,,,,,,,,,,,,,,,,,,,,,,,,
,,,,,,,,,,,,,,,,,,,,,,,,,,,
,,,,,,,,,,,,,,,,,,,,,,,,,,,
,,,,,,,,,,,,,,,,,,,,,,,,,,,
,,,,,,,,,,,,,,,,,,,,,,,,,,,
,,,,,,,,,,,,,,,,,,,,,,,,,,,
,,,,,,,,,,,,,,,,,,,,,,,,,,,
,,,,,,,,,,,,,,,,,,,,,,,,,,,
,,,,,,,,,,,,,,,,,,,,,,,,,,,
,,,,,,,,,,,,,,,,,,,,,,,,,,,
,,,,,,,,,,,,,,,,,,,,,,,,,,,
,,,,,,,,,,,,,,,,,,,,,,,,,,,
,,,,,,,,,,,,,,,,,,,,,,,,,,,
,,,,,,,,,,,,,,,,,,,,,,,,,,,
,,,,,,,,,,,,,,,,,,,,,,,,,,,
,,,,,,,,,,,,,,,,,,,,,,,,,,,
,,,,,,,,,,,,,,,,,,,,,,,,,,,
,,,,,,,,,,,,,,,,,,,,,,,,,,,
,,,,,,,,,,,,,,,,,,,,,,,,,,,
,,,,,,,,,,,,,,,,,,,,,,,,,,,
,,,,,,,,,,,,,,,,,,,,,,,,,,,
,,,,,,,,,,,,,,,,,,,,,,,,,,,
,,,,,,,,,,,,,,,,,,,,,,,,,,,
,,,,,,,,,,,,,,,,,,,,,,,,,,,
,,,,,,,,,,,,,,,,,,,,,,,,,,,
,,,,,,,,,,,,,,,,,,,,,,,,,,,
,,,,,,,,,,,,,,,,,,,,,,,,,,,
,,,,,,,,,,,,,,,,,,,,,,,,,,,
,,,,,,,,,,,,,,,,,,,,,,,,,,,
,,,,,,,,,,,,,,,,,,,,,,,,,,,
,,,,,,,,,,,,,,,,,,,,,,,,,,,
,,,,,,,,,,,,,,,,,,,,,,,,,,,
,,,,,,,,,,,,,,,,,,,,,,,,,,,
,,,,,,,,,,,,,,,,,,,,,,,,,,,
,,,,,,,,,,,,,,,,,,,,,,,,,,,
,,,,,,,,,,,,,,,,,,,,,,,,,,,
,,,,,,,,,,,,,,,,,,,,,,,,,,,
,,,,,,,,,,,,,,,,,,,,,,,,,,,
,,,,,,,,,,,,,,,,,,,,,,,,,,,
,,,,,,,,,,,,,,,,,,,,,,,,,,,
,,,,,,,,,,,,,,,,,,,,,,,,,,,
,,,,,,,,,,,,,,,,,,,,,,,,,,,
,,,,,,,,,,,,,,,,,,,,,,,,,,,
,,,,,,,,,,,,,,,,,,,,,,,,,,,
,,,,,,,,,,,,,,,,,,,,,,,,,,,
,,,,,,,,,,,,,,,,,,,,,,,,,,,
,,,,,,,,,,,,,,,,,,,,,,,,,,,
,,,,,,,,,,,,,,,,,,,,,,,,,,,
,,,,,,,,,,,,,,,,,,,,,,,,,,,
,,,,,,,,,,,,,,,,,,,,,,,,,,,
,,,,,,,,,,,,,,,,,,,,,,,,,,,
,,,,,,,,,,,,,,,,,,,,,,,,,,,
,,,,,,,,,,,,,,,,,,,,,,,,,,,
,,,,,,,,,,,,,,,,,,,,,,,,,,,
,,,,,,,,,,,,,,,,,,,,,,,,,,,
,,,,,,,,,,,,,,,,,,,,,,,,,,,
,,,,,,,,,,,,,,,,,,,,,,,,,,,
,,,,,,,,,,,,,,,,,,,,,,,,,,,
,,,,,,,,,,,,,,,,,,,,,,,,,,,
,,,,,,,,,,,,,,,,,,,,,,,,,,,
,,,,,,,,,,,,,,,,,,,,,,,,,,,
,,,,,,,,,,,,,,,,,,,,,,,,,,,
,,,,,,,,,,,,,,,,,,,,,,,,,,,
,,,,,,,,,,,,,,,,,,,,,,,,,,,
,,,,,,,,,,,,,,,,,,,,,,,,,,,
,,,,,,,,,,,,,,,,,,,,,,,,,,,
,,,,,,,,,,,,,,,,,,,,,,,,,,,
,,,,,,,,,,,,,,,,,,,,,,,,,,,
,,,,,,,,,,,,,,,,,,,,,,,,,,,
,,,,,,,,,,,,,,,,,,,,,,,,,,,
,,,,,,,,,,,,,,,,,,,,,,,,,,,
,,,,,,,,,,,,,,,,,,,,,,,,,,,
,,,,,,,,,,,,,,,,,,,,,,,,,,,
,,,,,,,,,,,,,,,,,,,,,,,,,,,
,,,,,,,,,,,,,,,,,,,,,,,,,,,
,,,,,,,,,,,,,,,,,,,,,,,,,,,
,,,,,,,,,,,,,,,,,,,,,,,,,,,
,,,,,,,,,,,,,,,,,,,,,,,,,,,
,,,,,,,,,,,,,,,,,,,,,,,,,,,
,,,,,,,,,,,,,,,,,,,,,,,,,,,
,,,,,,,,,,,,,,,,,,,,,,,,,,,
,,,,,,,,,,,,,,,,,,,,,,,,,,,
,,,,,,,,,,,,,,,,,,,,,,,,,,,
,,,,,,,,,,,,,,,,,,,,,,,,,,,
,,,,,,,,,,,,,,,,,,,,,,,,,,,
,,,,,,,,,,,,,,,,,,,,,,,,,,,
,,,,,,,,,,,,,,,,,,,,,,,,,,,
,,,,,,,,,,,,,,,,,,,,,,,,,,,
,,,,,,,,,,,,,,,,,,,,,,,,,,,
,,,,,,,,,,,,,,,,,,,,,,,,,,,
,,,,,,,,,,,,,,,,,,,,,,,,,,,
,,,,,,,,,,,,,,,,,,,,,,,,,,,
,,,,,,,,,,,,,,,,,,,,,,,,,,,
,,,,,,,,,,,,,,,,,,,,,,,,,,,
,,,,,,,,,,,,,,,,,,,,,,,,,,,
,,,,,,,,,,,,,,,,,,,,,,,,,,,
,,,,,,,,,,,,,,,,,,,,,,,,,,,
,,,,,,,,,,,,,,,,,,,,,,,,,,,
,,,,,,,,,,,,,,,,,,,,,,,,,,,
,,,,,,,,,,,,,,,,,,,,,,,,,,,
,,,,,,,,,,,,,,,,,,,,,,,,,,,
,,,,,,,,,,,,,,,,,,,,,,,,,,,
,,,,,,,,,,,,,,,,,,,,,,,,,,,
,,,,,,,,,,,,,,,,,,,,,,,,,,,
,,,,,,,,,,,,,,,,,,,,,,,,,,,
,,,,,,,,,,,,,,,,,,,,,,,,,,,
,,,,,,,,,,,,,,,,,,,,,,,,,,,
,,,,,,,,,,,,,,,,,,,,,,,,,,,
,,,,,,,,,,,,,,,,,,,,,,,,,,,
,,,,,,,,,,,,,,,,,,,,,,,,,,,
,,,,,,,,,,,,,,,,,,,,,,,,,,,
,,,,,,,,,,,,,,,,,,,,,,,,,,,
,,,,,,,,,,,,,,,,,,,,,,,,,,,
,,,,,,,,,,,,,,,,,,,,,,,,,,,
,,,,,,,,,,,,,,,,,,,,,,,,,,,
,,,,,,,,,,,,,,,,,,,,,,,,,,,
,,,,,,,,,,,,,,,,,,,,,,,,,,,
,,,,,,,,,,,,,,,,,,,,,,,,,,,
,,,,,,,,,,,,,,,,,,,,,,,,,,,
,,,,,,,,,,,,,,,,,,,,,,,,,,,
,,,,,,,,,,,,,,,,,,,,,,,,,,,
,,,,,,,,,,,,,,,,,,,,,,,,,,,
,,,,,,,,,,,,,,,,,,,,,,,,,,,
,,,,,,,,,,,,,,,,,,,,,,,,,,,
,,,,,,,,,,,,,,,,,,,,,,,,,,,
,,,,,,,,,,,,,,,,,,,,,,,,,,,
,,,,,,,,,,,,,,,,,,,,,,,,,,,
,,,,,,,,,,,,,,,,,,,,,,,,,,,
,,,,,,,,,,,,,,,,,,,,,,,,,,,
,,,,,,,,,,,,,,,,,,,,,,,,,,,
,,,,,,,,,,,,,,,,,,,,,,,,,,,
,,,,,,,,,,,,,,,,,,,,,,,,,,,
,,,,,,,,,,,,,,,,,,,,,,,,,,,
,,,,,,,,,,,,,,,,,,,,,,,,,,,
,,,,,,,,,,,,,,,,,,,,,,,,,,,
,,,,,,,,,,,,,,,,,,,,,,,,,,,
,,,,,,,,,,,,,,,,,,,,,,,,,,,
,,,,,,,,,,,,,,,,,,,,,,,,,,,
,,,,,,,,,,,,,,,,,,,,,,,,,,,
,,,,,,,,,,,,,,,,,,,,,,,,,,,
,,,,,,,,,,,,,,,,,,,,,,,,,,,
,,,,,,,,,,,,,,,,,,,,,,,,,,,
,,,,,,,,,,,,,,,,,,,,,,,,,,,
,,,,,,,,,,,,,,,,,,,,,,,,,,,
,,,,,,,,,,,,,,,,,,,,,,,,,,,
,,,,,,,,,,,,,,,,,,,,,,,,,,,
,,,,,,,,,,,,,,,,,,,,,,,,,,,
,,,,,,,,,,,,,,,,,,,,,,,,,,,
,,,,,,,,,,,,,,,,,,,,,,,,,,,
,,,,,,,,,,,,,,,,,,,,,,,,,,,
,,,,,,,,,,,,,,,,,,,,,,,,,,,
,,,,,,,,,,,,,,,,,,,,,,,,,,,
,,,,,,,,,,,,,,,,,,,,,,,,,,,
,,,,,,,,,,,,,,,,,,,,,,,,,,,
,,,,,,,,,,,,,,,,,,,,,,,,,,,
,,,,,,,,,,,,,,,,,,,,,,,,,,,
,,,,,,,,,,,,,,,,,,,,,,,,,,,
,,,,,,,,,,,,,,,,,,,,,,,,,,,
,,,,,,,,,,,,,,,,,,,,,,,,,,,
,,,,,,,,,,,,,,,,,,,,,,,,,,,
,,,,,,,,,,,,,,,,,,,,,,,,,,,
,,,,,,,,,,,,,,,,,,,,,,,,,,,
,,,,,,,,,,,,,,,,,,,,,,,,,,,
,,,,,,,,,,,,,,,,,,,,,,,,,,,
,,,,,,,,,,,,,,,,,,,,,,,,,,,
,,,,,,,,,,,,,,,,,,,,,,,,,,,
,,,,,,,,,,,,,,,,,,,,,,,,,,,
,,,,,,,,,,,,,,,,,,,,,,,,,,,
,,,,,,,,,,,,,,,,,,,,,,,,,,,
,,,,,,,,,,,,,,,,,,,,,,,,,,,
,,,,,,,,,,,,,,,,,,,,,,,,,,,
,,,,,,,,,,,,,,,,,,,,,,,,,,,
,,,,,,,,,,,,,,,,,,,,,,,,,,,
,,,,,,,,,,,,,,,,,,,,,,,,,,,
,,,,,,,,,,,,,,,,,,,,,,,,,,,
,,,,,,,,,,,,,,,,,,,,,,,,,,,
,,,,,,,,,,,,,,,,,,,,,,,,,,,
,,,,,,,,,,,,,,,,,,,,,,,,,,,
,,,,,,,,,,,,,,,,,,,,,,,,,,,
,,,,,,,,,,,,,,,,,,,,,,,,,,,
,,,,,,,,,,,,,,,,,,,,,,,,,,,
,,,,,,,,,,,,,,,,,,,,,,,,,,,
,,,,,,,,,,,,,,,,,,,,,,,,,,,
,,,,,,,,,,,,,,,,,,,,,,,,,,,
,,,,,,,,,,,,,,,,,,,,,,,,,,,
,,,,,,,,,,,,,,,,,,,,,,,,,,,
,,,,,,,,,,,,,,,,,,,,,,,,,,,
,,,,,,,,,,,,,,,,,,,,,,,,,,,
,,,,,,,,,,,,,,,,,,,,,,,,,,,
,,,,,,,,,,,,,,,,,,,,,,,,,,,
,,,,,,,,,,,,,,,,,,,,,,,,,,,
,,,,,,,,,,,,,,,,,,,,,,,,,,,
,,,,,,,,,,,,,,,,,,,,,,,,,,,
,,,,,,,,,,,,,,,,,,,,,,,,,,,
,,,,,,,,,,,,,,,,,,,,,,,,,,,
,,,,,,,,,,,,,,,,,,,,,,,,,,,
,,,,,,,,,,,,,,,,,,,,,,,,,,,
,,,,,,,,,,,,,,,,,,,,,,,,,,,
,,,,,,,,,,,,,,,,,,,,,,,,,,,
,,,,,,,,,,,,,,,,,,,,,,,,,,,
,,,,,,,,,,,,,,,,,,,,,,,,,,,
,,,,,,,,,,,,,,,,,,,,,,,,,,,
,,,,,,,,,,,,,,,,,,,,,,,,,,,
,,,,,,,,,,,,,,,,,,,,,,,,,,,
,,,,,,,,,,,,,,,,,,,,,,,,,,,
,,,,,,,,,,,,,,,,,,,,,,,,,,,
,,,,,,,,,,,,,,,,,,,,,,,,,,,
,,,,,,,,,,,,,,,,,,,,,,,,,,,
,,,,,,,,,,,,,,,,,,,,,,,,,,,
,,,,,,,,,,,,,,,,,,,,,,,,,,,
,,,,,,,,,,,,,,,,,,,,,,,,,,,
,,,,,,,,,,,,,,,,,,,,,,,,,,,
,,,,,,,,,,,,,,,,,,,,,,,,,,,
,,,,,,,,,,,,,,,,,,,,,,,,,,,
,,,,,,,,,,,,,,,,,,,,,,,,,,,
,,,,,,,,,,,,,,,,,,,,,,,,,,,
,,,,,,,,,,,,,,,,,,,,,,,,,,,
,,,,,,,,,,,,,,,,,,,,,,,,,,,
,,,,,,,,,,,,,,,,,,,,,,,,,,,
,,,,,,,,,,,,,,,,,,,,,,,,,,,
,,,,,,,,,,,,,,,,,,,,,,,,,,,
,,,,,,,,,,,,,,,,,,,,,,,,,,,
,,,,,,,,,,,,,,,,,,,,,,,,,,,
,,,,,,,,,,,,,,,,,,,,,,,,,,,
,,,,,,,,,,,,,,,,,,,,,,,,,,,
,,,,,,,,,,,,,,,,,,,,,,,,,,,
,,,,,,,,,,,,,,,,,,,,,,,,,,,
,,,,,,,,,,,,,,,,,,,,,,,,,,,
,,,,,,,,,,,,,,,,,,,,,,,,,,,
,,,,,,,,,,,,,,,,,,,,,,,,,,,
,,,,,,,,,,,,,,,,,,,,,,,,,,,
,,,,,,,,,,,,,,,,,,,,,,,,,,,
,,,,,,,,,,,,,,,,,,,,,,,,,,,
,,,,,,,,,,,,,,,,,,,,,,,,,,,
,,,,,,,,,,,,,,,,,,,,,,,,,,,
,,,,,,,,,,,,,,,,,,,,,,,,,,,
,,,,,,,,,,,,,,,,,,,,,,,,,,,
,,,,,,,,,,,,,,,,,,,,,,,,,,,
,,,,,,,,,,,,,,,,,,,,,,,,,,,
,,,,,,,,,,,,,,,,,,,,,,,,,,,
,,,,,,,,,,,,,,,,,,,,,,,,,,,
,,,,,,,,,,,,,,,,,,,,,,,,,,,
,,,,,,,,,,,,,,,,,,,,,,,,,,,
,,,,,,,,,,,,,,,,,,,,,,,,,,,
,,,,,,,,,,,,,,,,,,,,,,,,,,,
,,,,,,,,,,,,,,,,,,,,,,,,,,,
,,,,,,,,,,,,,,,,,,,,,,,,,,,
,,,,,,,,,,,,,,,,,,,,,,,,,,,
,,,,,,,,,,,,,,,,,,,,,,,,,,,
,,,,,,,,,,,,,,,,,,,,,,,,,,,
,,,,,,,,,,,,,,,,,,,,,,,,,,,
,,,,,,,,,,,,,,,,,,,,,,,,,,,
,,,,,,,,,,,,,,,,,,,,,,,,,,,
,,,,,,,,,,,,,,,,,,,,,,,,,,,
,,,,,,,,,,,,,,,,,,,,,,,,,,,
,,,,,,,,,,,,,,,,,,,,,,,,,,,
,,,,,,,,,,,,,,,,,,,,,,,,,,,
,,,,,,,,,,,,,,,,,,,,,,,,,,,
,,,,,,,,,,,,,,,,,,,,,,,,,,,
,,,,,,,,,,,,,,,,,,,,,,,,,,,
,,,,,,,,,,,,,,,,,,,,,,,,,,,
,,,,,,,,,,,,,,,,,,,,,,,,,,,
,,,,,,,,,,,,,,,,,,,,,,,,,,,
,,,,,,,,,,,,,,,,,,,,,,,,,,,
,,,,,,,,,,,,,,,,,,,,,,,,,,,
,,,,,,,,,,,,,,,,,,,,,,,,,,,
,,,,,,,,,,,,,,,,,,,,,,,,,,,
,,,,,,,,,,,,,,,,,,,,,,,,,,,
,,,,,,,,,,,,,,,,,,,,,,,,,,,
,,,,,,,,,,,,,,,,,,,,,,,,,,,
,,,,,,,,,,,,,,,,,,,,,,,,,,,
,,,,,,,,,,,,,,,,,,,,,,,,,,,
,,,,,,,,,,,,,,,,,,,,,,,,,,,
,,,,,,,,,,,,,,,,,,,,,,,,,,,
,,,,,,,,,,,,,,,,,,,,,,,,,,,
,,,,,,,,,,,,,,,,,,,,,,,,,,,
,,,,,,,,,,,,,,,,,,,,,,,,,,,
,,,,,,,,,,,,,,,,,,,,,,,,,,,
,,,,,,,,,,,,,,,,,,,,,,,,,,,
,,,,,,,,,,,,,,,,,,,,,,,,,,,
,,,,,,,,,,,,,,,,,,,,,,,,,,,
,,,,,,,,,,,,,,,,,,,,,,,,,,,
,,,,,,,,,,,,,,,,,,,,,,,,,,,
,,,,,,,,,,,,,,,,,,,,,,,,,,,
,,,,,,,,,,,,,,,,,,,,,,,,,,,
,,,,,,,,,,,,,,,,,,,,,,,,,,,
,,,,,,,,,,,,,,,,,,,,,,,,,,,
,,,,,,,,,,,,,,,,,,,,,,,,,,,
,,,,,,,,,,,,,,,,,,,,,,,,,,,
,,,,,,,,,,,,,,,,,,,,,,,,,,,
,,,,,,,,,,,,,,,,,,,,,,,,,,,
,,,,,,,,,,,,,,,,,,,,,,,,,,,
,,,,,,,,,,,,,,,,,,,,,,,,,,,
,,,,,,,,,,,,,,,,,,,,,,,,,,,
,,,,,,,,,,,,,,,,,,,,,,,,,,,
,,,,,,,,,,,,,,,,,,,,,,,,,,,
,,,,,,,,,,,,,,,,,,,,,,,,,,,
,,,,,,,,,,,,,,,,,,,,,,,,,,,
,,,,,,,,,,,,,,,,,,,,,,,,,,,
,,,,,,,,,,,,,,,,,,,,,,,,,,,
,,,,,,,,,,,,,,,,,,,,,,,,,,,
,,,,,,,,,,,,,,,,,,,,,,,,,,,
,,,,,,,,,,,,,,,,,,,,,,,,,,,
,,,,,,,,,,,,,,,,,,,,,,,,,,,
,,,,,,,,,,,,,,,,,,,,,,,,,,,
,,,,,,,,,,,,,,,,,,,,,,,,,,,
,,,,,,,,,,,,,,,,,,,,,,,,,,,
,,,,,,,,,,,,,,,,,,,,,,,,,,,
,,,,,,,,,,,,,,,,,,,,,,,,,,,
,,,,,,,,,,,,,,,,,,,,,,,,,,,
,,,,,,,,,,,,,,,,,,,,,,,,,,,
,,,,,,,,,,,,,,,,,,,,,,,,,,,
,,,,,,,,,,,,,,,,,,,,,,,,,,,
,,,,,,,,,,,,,,,,,,,,,,,,,,,
,,,,,,,,,,,,,,,,,,,,,,,,,,,
,,,,,,,,,,,,,,,,,,,,,,,,,,,
,,,,,,,,,,,,,,,,,,,,,,,,,,,
,,,,,,,,,,,,,,,,,,,,,,,,,,,
,,,,,,,,,,,,,,,,,,,,,,,,,,,
,,,,,,,,,,,,,,,,,,,,,,,,,,,
,,,,,,,,,,,,,,,,,,,,,,,,,,,
,,,,,,,,,,,,,,,,,,,,,,,,,,,
,,,,,,,,,,,,,,,,,,,,,,,,,,,
,,,,,,,,,,,,,,,,,,,,,,,,,,,
,,,,,,,,,,,,,,,,,,,,,,,,,,,
,,,,,,,,,,,,,,,,,,,,,,,,,,,
,,,,,,,,,,,,,,,,,,,,,,,,,,,
,,,,,,,,,,,,,,,,,,,,,,,,,,,
,,,,,,,,,,,,,,,,,,,,,,,,,,,
,,,,,,,,,,,,,,,,,,,,,,,,,,,
,,,,,,,,,,,,,,,,,,,,,,,,,,,
,,,,,,,,,,,,,,,,,,,,,,,,,,,
,,,,,,,,,,,,,,,,,,,,,,,,,,,
,,,,,,,,,,,,,,,,,,,,,,,,,,,
,,,,,,,,,,,,,,,,,,,,,,,,,,,
,,,,,,,,,,,,,,,,,,,,,,,,,,,
,,,,,,,,,,,,,,,,,,,,,,,,,,,
,,,,,,,,,,,,,,,,,,,,,,,,,,,
,,,,,,,,,,,,,,,,,,,,,,,,,,,
,,,,,,,,,,,,,,,,,,,,,,,,,,,
,,,,,,,,,,,,,,,,,,,,,,,,,,,
,,,,,,,,,,,,,,,,,,,,,,,,,,,
,,,,,,,,,,,,,,,,,,,,,,,,,,,
,,,,,,,,,,,,,,,,,,,,,,,,,,,
,,,,,,,,,,,,,,,,,,,,,,,,,,,
,,,,,,,,,,,,,,,,,,,,,,,,,,,
,,,,,,,,,,,,,,,,,,,,,,,,,,,
,,,,,,,,,,,,,,,,,,,,,,,,,,,
,,,,,,,,,,,,,,,,,,,,,,,,,,,
,,,,,,,,,,,,,,,,,,,,,,,,,,,
,,,,,,,,,,,,,,,,,,,,,,,,,,,
,,,,,,,,,,,,,,,,,,,,,,,,,,,
,,,,,,,,,,,,,,,,,,,,,,,,,,,
,,,,,,,,,,,,,,,,,,,,,,,,,,,
,,,,,,,,,,,,,,,,,,,,,,,,,,,
,,,,,,,,,,,,,,,,,,,,,,,,,,,
,,,,,,,,,,,,,,,,,,,,,,,,,,,
,,,,,,,,,,,,,,,,,,,,,,,,,,,
,,,,,,,,,,,,,,,,,,,,,,,,,,,
,,,,,,,,,,,,,,,,,,,,,,,,,,,
,,,,,,,,,,,,,,,,,,,,,,,,,,,
,,,,,,,,,,,,,,,,,,,,,,,,,,,
,,,,,,,,,,,,,,,,,,,,,,,,,,,
,,,,,,,,,,,,,,,,,,,,,,,,,,,
,,,,,,,,,,,,,,,,,,,,,,,,,,,
,,,,,,,,,,,,,,,,,,,,,,,,,,,
,,,,,,,,,,,,,,,,,,,,,,,,,,,
,,,,,,,,,,,,,,,,,,,,,,,,,,,
,,,,,,,,,,,,,,,,,,,,,,,,,,,
,,,,,,,,,,,,,,,,,,,,,,,,,,,
,,,,,,,,,,,,,,,,,,,,,,,,,,,
,,,,,,,,,,,,,,,,,,,,,,,,,,,
,,,,,,,,,,,,,,,,,,,,,,,,,,,
,,,,,,,,,,,,,,,,,,,,,,,,,,,
,,,,,,,,,,,,,,,,,,,,,,,,,,,
,,,,,,,,,,,,,,,,,,,,,,,,,,,
,,,,,,,,,,,,,,,,,,,,,,,,,,,
,,,,,,,,,,,,,,,,,,,,,,,,,,,
,,,,,,,,,,,,,,,,,,,,,,,,,,,
,,,,,,,,,,,,,,,,,,,,,,,,,,,
,,,,,,,,,,,,,,,,,,,,,,,,,,,
,,,,,,,,,,,,,,,,,,,,,,,,,,,
,,,,,,,,,,,,,,,,,,,,,,,,,,,
,,,,,,,,,,,,,,,,,,,,,,,,,,,
,,,,,,,,,,,,,,,,,,,,,,,,,,,
,,,,,,,,,,,,,,,,,,,,,,,,,,,
,,,,,,,,,,,,,,,,,,,,,,,,,,,
,,,,,,,,,,,,,,,,,,,,,,,,,,,
,,,,,,,,,,,,,,,,,,,,,,,,,,,
,,,,,,,,,,,,,,,,,,,,,,,,,,,
,,,,,,,,,,,,,,,,,,,,,,,,,,,
,,,,,,,,,,,,,,,,,,,,,,,,,,,
,,,,,,,,,,,,,,,,,,,,,,,,,,,
,,,,,,,,,,,,,,,,,,,,,,,,,,,
,,,,,,,,,,,,,,,,,,,,,,,,,,,
,,,,,,,,,,,,,,,,,,,,,,,,,,,
,,,,,,,,,,,,,,,,,,,,,,,,,,,
,,,,,,,,,,,,,,,,,,,,,,,,,,,
,,,,,,,,,,,,,,,,,,,,,,,,,,,
,,,,,,,,,,,,,,,,,,,,,,,,,,,
,,,,,,,,,,,,,,,,,,,,,,,,,,,
,,,,,,,,,,,,,,,,,,,,,,,,,,,
,,,,,,,,,,,,,,,,,,,,,,,,,,,
,,,,,,,,,,,,,,,,,,,,,,,,,,,
,,,,,,,,,,,,,,,,,,,,,,,,,,,
,,,,,,,,,,,,,,,,,,,,,,,,,,,
,,,,,,,,,,,,,,,,,,,,,,,,,,,
,,,,,,,,,,,,,,,,,,,,,,,,,,,
,,,,,,,,,,,,,,,,,,,,,,,,,,,
,,,,,,,,,,,,,,,,,,,,,,,,,,,
,,,,,,,,,,,,,,,,,,,,,,,,,,,
,,,,,,,,,,,,,,,,,,,,,,,,,,,
,,,,,,,,,,,,,,,,,,,,,,,,,,,
,,,,,,,,,,,,,,,,,,,,,,,,,,,
,,,,,,,,,,,,,,,,,,,,,,,,,,,
,,,,,,,,,,,,,,,,,,,,,,,,,,,
,,,,,,,,,,,,,,,,,,,,,,,,,,,
,,,,,,,,,,,,,,,,,,,,,,,,,,,
,,,,,,,,,,,,,,,,,,,,,,,,,,,
,,,,,,,,,,,,,,,,,,,,,,,,,,,
,,,,,,,,,,,,,,,,,,,,,,,,,,,
,,,,,,,,,,,,,,,,,,,,,,,,,,,
,,,,,,,,,,,,,,,,,,,,,,,,,,,
,,,,,,,,,,,,,,,,,,,,,,,,,,,
,,,,,,,,,,,,,,,,,,,,,,,,,,,
,,,,,,,,,,,,,,,,,,,,,,,,,,,
,,,,,,,,,,,,,,,,,,,,,,,,,,,
,,,,,,,,,,,,,,,,,,,,,,,,,,,
,,,,,,,,,,,,,,,,,,,,,,,,,,,
,,,,,,,,,,,,,,,,,,,,,,,,,,,
,,,,,,,,,,,,,,,,,,,,,,,,,,,
,,,,,,,,,,,,,,,,,,,,,,,,,,,
,,,,,,,,,,,,,,,,,,,,,,,,,,,
,,,,,,,,,,,,,,,,,,,,,,,,,,,
,,,,,,,,,,,,,,,,,,,,,,,,,,,
,,,,,,,,,,,,,,,,,,,,,,,,,,,
,,,,,,,,,,,,,,,,,,,,,,,,,,,
,,,,,,,,,,,,,,,,,,,,,,,,,,,
,,,,,,,,,,,,,,,,,,,,,,,,,,,
,,,,,,,,,,,,,,,,,,,,,,,,,,,
,,,,,,,,,,,,,,,,,,,,,,,,,,,
,,,,,,,,,,,,,,,,,,,,,,,,,,,
,,,,,,,,,,,,,,,,,,,,,,,,,,,
,,,,,,,,,,,,,,,,,,,,,,,,,,,
,,,,,,,,,,,,,,,,,,,,,,,,,,,
,,,,,,,,,,,,,,,,,,,,,,,,,,,
,,,,,,,,,,,,,,,,,,,,,,,,,,,
,,,,,,,,,,,,,,,,,,,,,,,,,,,
,,,,,,,,,,,,,,,,,,,,,,,,,,,
,,,,,,,,,,,,,,,,,,,,,,,,,,,
,,,,,,,,,,,,,,,,,,,,,,,,,,,
,,,,,,,,,,,,,,,,,,,,,,,,,,,
,,,,,,,,,,,,,,,,,,,,,,,,,,,
,,,,,,,,,,,,,,,,,,,,,,,,,,,
,,,,,,,,,,,,,,,,,,,,,,,,,,,
,,,,,,,,,,,,,,,,,,,,,,,,,,,
,,,,,,,,,,,,,,,,,,,,,,,,,,,
,,,,,,,,,,,,,,,,,,,,,,,,,,,