ID,experiment,shelf,tank,tankID,pCO2,PopOrigin,length,width,pop,DrillDate,survival,survival_date,sample_index,tpnum_actual,sample_date,t_start,t_shuck,t_end,g_index,g_collect,g_20,m_tissue,dm_tissue,g_tissue,p_fluid,wet_wgt,tin_wgt,dry_wgt,wet_wgtcorr,dry_wgtcorr,bag_wgt,totalshell_wgt,shell_wgt,notes
17002,exposure,2,2,5,400,Rowley1-RR,3.099,2.162,Rowley,20170427,Y,20170509,5,1,20170509,NA,13:30,NA,0,Y,NA,Y,Y,Y,Y,6.25,1.31,1.12,4.94,-0.19,6.67,56.56,49.89,
17009,exposure,6,3,18,2800,Ipswich,3.838,2.181,Ipswich,20170427,Y,20170509,18,1,20170509,NA,15:32,NA,0,N,NA,Y,Y,Y,Y,5.96,1.27,0.88,4.69,-0.39,11.4,75.25,63.85,
17014,exposure,5,2,14,900,Rowley1-RR,4.191,2.362,Rowley,20170427,Y,20170509,14,1,20170509,NA,14:04,NA,0,Y,NA,Y,Y,Y,Y,5.77,1.29,0.93,4.48,-0.36,6.63,72.17,65.54,
17016,exposure,5,1,13,900,Rowley2-Sawyers,4.86,2.157,Rowley2,20170427,Y,20170509,13,1,20170509,NA,11:40,NA,0,N,NA,Y,Y,Y,Y,7.64,1.28,1.06,6.36,-0.22,6.65,78.83,72.18,
17018,exposure,1,3,3,400,Ipswich,3.078,2.058,Ipswich,20170427,Y,20170509,3,1,20170509,NA,12:30,NA,0,N,NA,Y,Y,Y,Y,3.36,1.29,0.54,2.07,-0.75,11.38,39.72,28.34,
17035,exposure,5,3,15,900,Ipswich,3.569,1.962,Ipswich,20170427,Y,20170509,15,1,20170509,NA,15:20,NA,0,N,NA,Y,Y,Y,Y,4.59,1.3,0.54,3.29,-0.76,11.38,48.94,37.56,
17047,exposure,6,1,16,2800,Rowley2-Sawyers,4.089,1.414,Rowley2,20170427,Y,20170509,16,1,20170509,NA,11:55,NA,0,Y,NA,Y,Y,Y,Y,4.57,1.29,0.81,3.28,-0.48,6.62,36.89,30.27,
17060,exposure,1,2,2,400,Rowley1-RR,3.164,2.044,Rowley,20170427,Y,20170509,2,1,20170509,NA,13:04,NA,0,N,NA,Y,Y,Y,Y,3.2,1.28,0.5,1.92,-0.78,6.64,55.22,48.58,
17063,exposure,4,3,12,2800,Ipswich,3.654,2.2,Ipswich,20170427,Y,20170509,12,1,20170509,NA,15:06,NA,0,N,NA,Y,Y,Y,Y,8.34,1.31,1.21,7.03,-0.1,11.31,60.43,49.12,
17067,exposure,2,1,4,400,Rowley2-Sawyers,4.36,1.74,Rowley2,20170427,Y,20170509,4,1,20170509,NA,10:25,NA,0,Y,NA,Y,N,Y,Y,4.21,1.29,0.75,2.92,-0.54,6.63,36.39,29.76,
17092,exposure,3,1,7,900,Rowley2-Sawyers,5.489,2.413,Rowley2,20170427,Y,20170509,7,1,20170509,NA,10:45,NA,0,N,NA,Y,Y,Y,Y,11.52,1.31,1.83,10.21,0.52,6.67,51.59,44.92,Shelf 3 heaters were disconnected; start temp 56 9am
17103,exposure,3,2,8,900,Rowley1-RR,3.725,1.73,Rowley,20170427,Y,20170509,8,1,20170509,NA,13:42,NA,0,N,NA,Y,Y,Y,Y,4.6,1.29,0.98,3.31,-0.31,6.69,40.25,33.56,
17112,exposure,1,1,1,400,Rowley2-Sawyers,5.379,2.046,Rowley2,20170427,Y,20170509,1,1,20170509,NA,9:44,NA,0,Y,NA,Y,Y,Y,Y,6.36,1.28,1.37,5.08,0.09,6.82,75.83,69.01,"Extrapallial fluid may be contaminated, chamber flooded before measurement"
17149,exposure,4,1,10,2800,Rowley2-Sawyers,2.631,1.697,Rowley2,20170427,Y,20170509,10,1,20170509,NA,11:30,NA,0,N,NA,Y,Y,Y,Y,2.21,1.29,0.41,0.92,-0.88,6.63,26.07,19.44,Not sure drilled through. P1 to Louise/no P2. M1/M2 mantle mangled a little
17185,exposure,2,3,6,400,Ipswich,3.713,1.979,Ipswich,20170427,Y,20170509,6,1,20170509,NA,14:38,NA,0,N,NA,Y,Y,Y,Y,3.69,1.28,0.43,2.41,-0.85,11.34,53.18,41.84,
17192,exposure,6,2,17,2800,Rowley1-RR,3.598,2.575,Rowley,20170427,Y,20170509,17,1,20170509,NA,14:18,NA,0,Y,NA,Y,Y,Y,Y,4.98,1.29,0.75,3.69,-0.54,6.78,52.64,45.86,
17209,exposure,3,3,9,900,Ipswich,3.561,2.063,Ipswich,20170501,Y,20170509,9,1,20170509,NA,14:58,NA,0,N,NA,Y,Y,Y,Y,7.79,1.27,1.4,6.52,0.13,11.42,44.55,33.13,
17221,exposure,4,2,11,2800,Rowley1-RR,4.392,2.2,Rowley,20170501,Y,20170509,11,1,20170509,NA,13:51,NA,0,N,NA,Y,Y,Y,Y,7.62,1.29,1.23,6.33,-0.06,6.65,62.73,56.08,
17003,exposure,4,2,11,2800,Ipswich,3.094,1.96,Ipswich,20170427,Y,20170517,29,2,20170517,10:47,11:00,11:05,0,N,NA,Y,Y,Y,Y,4.01,1.29,1.62,2.72,0.33,11.41,52.3,40.89,Maybe dead/dying
17006,exposure,3,2,8,900,Ipswich,2.707,1.852,Ipswich,20170427,Y,20170517,26,2,20170517,13:57,14:07,14:14,0,Y,NA,Y,Y,Y,Y,5.44,1.27,1.75,4.17,0.48,11.31,51.87,40.56,Hole punched in tissue by syringe
17017,exposure,1,1,1,400,Rowley1-RR,3.216,1.897,Rowley,20170427,Y,20170517,19,2,20170517,10:39,10:49,10:55,0,Y,NA,Y,Y,Y,Y,5.41,1.3,1.94,4.11,0.64,11.39,50.36,38.97,
17025,exposure,4,1,10,2800,Rowley1-RR,3.199,2.193,Rowley,20170427,Y,20170517,28,2,20170517,14:52,15:07,15:10,0,N,NA,Y,Y,Y,N,7.56,1.31,2.23,6.25,0.92,11.4,49.96,38.56,
17034,exposure,5,1,13,900,Rowley1-RR,3.355,1.933,Rowley,20170427,Y,20170517,31,2,20170517,14:06,14:20,14:25,0,Y,NA,Y,Y,Y,N,5.28,1.3,1.98,3.98,0.68,11.38,53.04,41.66,
17037,exposure,1,2,2,400,Ipswich,3.809,2.541,Ipswich,20170427,Y,20170517,20,2,20170517,14:42,14:54,14:59,0,Y,NA,Y,Y,Y,Y,9.4,1.27,2.61,8.13,1.34,11.34,92.83,81.49,
17055,exposure,1,3,3,400,Rowley2-Sawyers,5.059,2.157,Rowley2,20170427,Y,20170517,21,2,20170517,11:34,11:49,11:56,0,Y,NA,Y,Y,Y,Y,9.44,1.28,2.34,8.16,1.06,11.41,102.29,90.88,
17059,exposure,2,1,4,400,Rowley1-RR,4.677,2.263,Rowley,20170427,Y,20170517,22,2,20170517,13:35,13:47,13:52,0,Y,NA,Y,Y,Y,Y,5.8,1.28,1.86,4.52,0.58,11.41,66.93,55.52,"Damaged, possibly dying, deteriorating mantle"
17076,exposure,6,1,16,2800,Rowley1-RR,3.584,2.369,Rowley,20170427,Y,20170517,34,2,20170517,14:17,14:28,14:34,2,Y,Y,Y,Y,Y,Y,9.68,1.29,2.67,8.39,1.38,11.3,73.39,62.09,
17083,exposure,5,2,14,900,Ipswich,3.301,2.329,Ipswich,20170427,Y,20170517,32,2,20170517,14:33,14:45,14:50,1,Y,NA,Y,Y,Y,Y,8.59,1.31,2.23,7.28,0.92,11.45,89.37,77.92,Pallial fluid probably contaminated with gut fluid
17084,exposure,4,3,12,2800,Rowley2-Sawyers,4.456,2.248,Rowley2,20170427,Y,20170517,30,2,20170517,11:23,11:37,11:43,0,Y,NA,Y,Y,Y,Y,6.36,1.29,2.06,5.07,0.77,11.46,71.17,59.71,
17107,exposure,6,3,18,2800,Rowley2-Sawyers,4.822,2.066,Rowley2,20170427,Y,20170517,36,2,20170517,11:44,11:58,12:07,2,Y,NA,Y,Y,Y,Y,11.29,1.29,2.54,10,1.25,11.35,70.14,58.79,
17121,exposure,3,3,9,900,Rowley2-Sawyers,5.483,1.781,Rowley2,20170427,Y,20170517,27,2,20170517,12:08,12:19,12:25,0,Y,NA,Y,Y,Y,Y,9.03,1.29,2.12,7.74,0.83,NA,NA,NA,
17124,exposure,5,3,15,900,Rowley2-Sawyers,4.348,1.849,Rowley2,20170427,Y,20170517,33,2,20170517,11:55,12:09,12:15,0,Y,NA,Y,Y,Y,Y,8.19,1.29,2.43,6.9,1.14,11.59,59.38,47.79,
17134,exposure,2,2,5,400,Ipswich,3.172,2.012,Ipswich,20170427,Y,20170517,23,2,20170517,14:25,14:38,14:42,0,N,NA,Y,Y,Y,Y,5.58,1.29,1.88,4.29,0.59,11.32,47.81,36.49,Stabbed while shucking
17160,exposure,6,2,17,2800,Ipswich,3.284,2.278,Ipswich,20170427,Y,20170517,35,2,20170517,13:48,13:59,14:04,0,N,NA,Y,Y,Y,Y,7.29,1.3,2.15,5.99,0.85,11.54,48.93,37.39,
17171,exposure,3,1,7,900,Rowley1-RR,3.469,1.927,Rowley,20170427,Y,20170517,25,2,20170517,11:09,11:24,11:30,0,Y,NA,Y,Y,Y,N,5.72,1.29,2.08,4.43,0.79,11.42,45.56,34.14,
17202,exposure,2,3,6,400,Rowley2-Sawyers,2.322,1.578,Rowley2,20170501,Y,20170517,24,2,20170517,10:57,11:11,11:18,0,N,NA,Y,Y,Y,N,3.28,1.28,1.69,2,0.41,11.42,25.81,14.39,
17010,exposure,5,2,14,900,Rowley2-Sawyers,3.31,1.992,Rowley2,20170427,Y,20170602,50,3,20170602,14:28,14:38,14:42,0,N,NA,Y,Y,Y,N,6.1,1.3,2.09,4.8,0.79,11.48,49.11,37.63,
17024,exposure,1,2,2,400,Rowley2-Sawyers,3.052,1.726,Rowley2,20170427,Y,20170602,38,3,20170602,14:42,14:44,14:48,0,N,NA,Y,Y,Y,Y,5.29,1.3,1.83,3.99,0.53,11.42,41.48,30.06,
17046,exposure,3,1,7,900,Ipswich,4.732,2.08,Ipswich,20170427,Y,20170602,43,3,20170602,11:44,11:51,11:56,0,N,NA,Y,Y,Y,Y,8.04,1.31,2.18,6.73,0.87,11.53,84.87,73.34,
17056,exposure,6,3,18,2800,Rowley1-RR,3.172,2.095,Rowley,20170427,Y,20170602,54,3,20170602,11:26,11:33,11:38,0,N,NA,Y,Y,Y,Y,7.87,1.29,2.35,6.58,1.06,11.39,56.52,45.13,
17064,exposure,3,2,8,900,Rowley2-Sawyers,6.031,2.322,Rowley2,20170427,Y,20170602,44,3,20170602,14:08,14:17,14:23,0,Y,NA,Y,Y,Y,Y,11,1.3,2.79,9.7,1.49,11.71,110.63,98.92,
17077,exposure,1,1,1,400,Ipswich,3.711,1.845,Ipswich,20170427,Y,20170602,37,3,20170602,10:37,10:42,10:52,0,N,NA,Y,Y,Y,Y,7.97,1.28,2.08,6.69,0.8,11.49,49.31,37.82,
17078,exposure,4,2,11,2800,Rowley2-Sawyers,5.517,2.425,Rowley2,20170427,Y,20170602,47,3,20170602,11:07,11:18,11:24,0,Y,NA,Y,Y,Y,Y,10.19,1.29,2.56,8.9,1.27,11.62,126.13,114.51,
17086,exposure,5,1,13,900,Ipswich,3.55,2.197,Ipswich,20170427,Y,20170602,49,3,20170602,11:18,11:26,11:31,0,N,NA,Y,Y,Y,Y,9.16,1.29,2.21,7.87,0.92,11.62,64.75,53.13,
17096,exposure,4,3,12,2800,Rowley1-RR,3.772,2.036,Rowley,20170427,Y,20170602,48,3,20170602,13:52,13:58,14:04,0,Y,NA,Y,Y,Y,Y,7.7,1.28,2.48,6.42,1.2,11.48,53.31,41.83,
17097,exposure,6,1,16,2800,Ipswich,3.765,2.13,Ipswich,20170427,Y,20170602,52,3,20170602,14:56,15:03,15:08,0,Y,NA,Y,Y,Y,Y,9.83,1.29,2.46,8.54,1.17,11.5,68.46,56.96,
17109,exposure,2,2,5,400,Rowley2-Sawyers,3.836,2.536,Rowley2,20170427,Y,20170602,41,3,20170602,10:49,10:55,11:01,0,N,NA,Y,Y,Y,Y,8.57,1.3,2.49,7.27,1.19,11.61,98.13,86.52,Stabbed while shucking
17127,exposure,3,3,9,900,Rowley1-RR,3.769,2.131,Rowley,20170427,Y,20170602,45,3,20170602,10:53,11:02,11:08,0,N,NA,Y,Y,Y,Y,8.2,1.28,2.12,6.92,0.84,11.54,79.45,67.91,Sickly looking
17150,exposure,2,3,6,400,Rowley1-RR,4.1,2.251,Rowley,20170427,Y,20170602,42,3,20170602,14:47,14:53,14:59,0,Y,NA,Y,Y,Y,N,8.94,1.29,2.33,7.65,1.04,11.6,92.7,81.1,Fell to ground while open
17165,exposure,1,3,3,400,Rowley1-RR,2.66,1.859,Rowley,20170427,Y,20170602,39,3,20170602,11:33,11:40,11:49,0,Y,NA,Y,Y,Y,Y,4.34,1.29,1.93,3.05,0.64,11.5,38.82,27.32,"Stabbed while shucking, maybe also by syringe"
17183,exposure,5,3,15,900,Rowley1-RR,3.561,1.759,Rowley,20170427,Y,20170602,51,3,20170602,14:19,14:25,14:31,0,N,NA,Y,Y,Y,Y,4.83,1.3,1.69,3.53,0.39,11.37,47.72,36.35,
17191,exposure,2,1,4,400,Ipswich,2.792,1.595,Ipswich,20170501,Y,20170602,40,3,20170602,13:42,13:50,13:56,0,N,NA,Y,Y,Y,Y,3.56,1.3,1.53,2.26,0.23,11.51,31.69,20.18,Sickly looking
17197,exposure,4,1,10,2800,Ipswich,3.404,1.727,Ipswich,20170501,Y,20170602,46,3,20170602,11:51,11:59,12:05,0,Y,NA,Y,Y,Y,Y,10.74,1.28,2.43,9.46,1.15,11.51,50.42,38.91,
17205,exposure,6,2,17,2800,Rowley2-Sawyers,3.001,2.015,Rowley2,20170501,Y,20170602,53,3,20170602,14:01,14:06,14:11,0,N,NA,Y,Y,Y,Y,4.8,1.29,1.8,3.51,0.51,11.42,32.87,21.45,
17011,exposure,5,2,14,900,Rowley1-RR,7.55,2.358,Rowley,20170427,Y,20170605,66,4,20170605,14:22,14:30,14:35,0,N,NA,Y,Y,Y,Y,11.59,1.29,2.31,10.3,1.02,11.55,133.45,121.9,Yellow P2
17020,exposure,3,3,9,900,Ipswich,3.755,2.099,Ipswich,20170427,Y,20170605,62,4,20170605,14:38,14:43,14:48,0,Y,NA,Y,Y,Y,Y,8.79,1.29,2.19,7.5,0.9,11.51,69.8,58.29,
17023,exposure,4,2,11,2800,Ipswich,3.696,2.131,Ipswich,20170427,Y,20170605,72,4,20170605,13:15,13:21,13:25,0,N,NA,Y,Y,Y,Y,8.56,1.3,2.28,7.26,0.98,11.49,75.88,64.39,
17049,exposure,2,2,5,400,Ipswich,4.7,2.283,Ipswich,20170427,Y,20170605,71,4,20170605,15:04,15:12,15:16,0,Y,NA,Y,Y,Y,Y,13.29,1.3,3.19,11.99,1.89,11.45,114.13,102.68,
17054,exposure,4,3,12,2800,Rowley1-RR,3.435,2.719,Rowley,20170427,Y,20170605,64,4,20170605,16:10,16:21,16:25,0,Y,NA,Y,Y,Y,Y,11.73,1.3,2.61,10.43,1.31,11.6,121.12,109.52,
17066,exposure,6,3,18,2800,Rowley1-RR,5.322,2.794,Rowley,20170427,Y,20170605,70,4,20170605,16:15,16:30,16:35,0,Y,NA,Y,Y,Y,Y,14.58,1.27,2.82,13.31,1.55,11.46,105.02,93.56,
17098,exposure,4,1,10,2800,Rowley2-Sawyers,4.453,2.251,Rowley2,20170427,Y,20170605,63,4,20170605,13:21,13:29,13:33,0,N,NA,Y,Y,Y,Y,6.13,1.28,1.81,4.85,0.53,11.4,76.51,65.11,
17119,exposure,1,3,3,400,Ipswich,5.387,2.004,Ipswich,20170427,Y,20170605,57,4,20170605,15:08,15:19,15:24,0,Y,NA,Y,Y,Y,Y,11.24,1.3,2.35,9.94,1.05,11.4,83.37,71.97,
17131,exposure,6,2,17,2800,Ipswich,3.983,1.8,Ipswich,20170427,Y,20170605,69,4,20170605,13:09,13:14,13:19,0,N,NA,Y,Y,Y,Y,4.25,1.28,1.69,2.97,0.41,11.35,48.84,37.49,
17138,exposure,2,1,4,400,Rowley2-Sawyers,3.127,1.58,Rowley2,20170427,Y,20170605,58,4,20170605,11:43,12:09,12:13,0,N,NA,Y,Y,Y,Y,4.37,1.3,1.79,3.07,0.49,11.35,36.39,25.04,Returned to tank temporarily before shucking
17141,exposure,3,1,7,900,Rowley2-Sawyers,2.513,2.045,Rowley2,20170427,Y,20170605,60,4,20170605,14:27,14:37,14:41,0,N,NA,Y,Y,Y,Y,3.93,1.29,1.6,2.64,0.31,11.38,33.94,22.56,
17186,exposure,2,3,6,400,Rowley1-RR,3.781,2.148,Rowley,20170427,Y,20170605,59,4,20170605,11:31,11:59,12:05,0,Y,NA,Y,Y,Y,Y,8.06,1.3,2.41,6.76,1.11,11.5,77.07,65.57,Returned to tank temporarily before shucking
17189,exposure,1,2,2,400,Rowley1-RR,5.373,2.222,Rowley,20170427,Y,20170605,56,4,20170605,14:59,15:05,15:09,0,N,NA,Y,Y,Y,Y,13.44,1.29,3.07,12.15,1.78,11.58,115.89,104.31,
17196,exposure,5,1,13,900,Rowley2-Sawyers,3.941,2.612,Rowley2,20170501,Y,20170605,65,4,20170605,15:40,15:50,15:54,0,Y,NA,Y,Y,Y,Y,6.11,1.29,2.09,4.82,0.8,11.82,50,38.18,
17199,exposure,6,1,16,2800,Rowley2-Sawyers,2.899,1.585,Rowley2,20170501,Y,20170605,68,4,20170605,15:57,16:12,16:16,0,N,NA,Y,Y,Y,N,3.63,1.27,1.7,2.36,0.43,11.36,31.15,19.79,
17212,exposure,5,3,15,900,Ipswich,3.409,2.374,Ipswich,20170501,Y,20170605,67,4,20170605,15:23,15:35,15:39,0,Y,NA,Y,Y,Y,N,6.74,1.28,2.23,5.46,0.95,11.51,40.2,28.69,
17215,exposure,3,2,8,900,Rowley1-RR,2.03,1.997,Rowley,20170501,Y,20170605,61,4,20170605,15:32,15:44,15:49,0,N,NA,Y,Y,Y,N,2.51,1.29,1.46,1.22,0.17,11.41,22.2,10.79,
17217,exposure,1,1,1,400,Rowley2-Sawyers,2.419,1.848,Rowley2,20170501,Y,20170605,55,4,20170605,11:38,12:15,12:20,0,Y,NA,Y,Y,Y,Y,3.98,1.3,1.73,2.68,0.43,11.43,42.75,31.32,Returned to tank temporarily before shucking
17026,exposure,6,1,16,2800,Ipswich,3.971,2.663,Ipswich,20170427,Y,20170606,88,5,20170606,10:42,10:48,10:53,0,N,NA,Y,Y,Y,Y,7.58,1.28,2.1,6.3,0.82,11.47,94.6,83.13,
17032,exposure,3,2,8,900,Ipswich,4.055,2.135,Ipswich,20170427,Y,20170606,80,5,20170606,11:28,11:31,11:36,0,Y,NA,Y,Y,Y,Y,8.42,1.29,2.7,7.13,1.41,11.41,70.35,58.94,
17036,exposure,4,3,12,2800,Rowley2-Sawyers,2.36,2.144,Rowley2,20170427,Y,20170606,84,5,20170606,11:18,11:27,11:30,0,N,NA,Y,Y,Y,Y,4.57,1.29,1.86,3.28,0.57,12.03,44.8,32.77,
17040,exposure,4,2,11,2800,Ipswich,4.415,2.609,Ipswich,20170427,Y,20170606,83,5,20170606,13:35,13:47,13:50,0,N,NA,Y,Y,Y,Y,13.88,1.31,2.64,12.57,1.33,11.53,97.61,86.08,
17045,exposure,6,2,17,2800,Rowley1-RR,4.087,2.017,Rowley,20170427,Y,20170606,89,5,20170606,14:01,14:06,14:11,0,N,NA,Y,Y,Y,Y,3.75,1.29,1.7,2.46,0.41,11.46,74.43,62.97,
17050,exposure,6,3,18,2800,Rowley2-Sawyers,4.35,2.097,Rowley2,20170427,Y,20170606,90,5,20170606,11:39,11:44,11:49,0,Y,NA,Y,Y,Y,Y,8.54,1.29,2.66,7.25,1.37,11.41,71.12,59.71,
17061,exposure,1,3,3,400,Rowley2-Sawyers,3.739,2.289,Rowley2,20170427,Y,20170606,75,5,20170606,13:29,13:35,13:38,0,N,NA,Y,Y,Y,Y,8.63,1.28,2.24,7.35,0.96,11.46,72.56,61.1,
17065,exposure,5,1,13,900,Rowley1-RR,3.566,2.058,Rowley,20170427,Y,20170606,85,5,20170606,11:32,11:38,11:41,0,N,NA,Y,Y,Y,Y,6.12,1.29,2.2,4.83,0.91,11.48,63.18,51.7,
17080,exposure,5,2,14,900,Ipswich,3.322,2.372,Ipswich,20170427,Y,20170606,86,5,20170606,10:54,11:04,11:07,0,N,NA,Y,Y,Y,Y,6.51,1.3,1.89,5.21,0.59,11.45,71.51,60.06,
17104,exposure,2,3,6,400,Rowley2-Sawyers,3.947,1.813,Rowley2,20170427,Y,20170606,78,5,20170606,13:51,14:00,14:03,0,N,NA,Y,Y,Y,Y,7.24,1.29,2.19,5.95,0.9,11.56,47.7,36.14,
17117,exposure,2,2,5,400,Ipswich,5.018,2.397,Ipswich,20170427,Y,20170606,77,5,20170606,11:03,11:11,11:16,0,N,NA,Y,Y,Y,N,12.52,1.3,3.04,11.22,1.74,11.44,106.08,94.64,
17147,exposure,4,1,10,2800,Rowley1-RR,4.948,1.615,Rowley,20170427,Y,20170606,82,5,20170606,10:49,10:54,10:59,0,Y,NA,Y,Y,Y,Y,5.26,1.29,1.77,3.97,0.48,11.54,53.23,41.69,
17155,exposure,3,3,9,900,Rowley2-Sawyers,2.498,1.876,Rowley2,20170427,Y,20170606,81,5,20170606,13:47,13:53,13:57,0,N,NA,Y,Y,Y,Y,3.07,1.29,1.52,1.78,0.23,11.43,40.78,29.35,
17187,exposure,5,3,15,900,Rowley2-Sawyers,3.33,1.93,Rowley2,20170501,Y,20170606,87,5,20170606,13:18,13:20,13:24,0,N,NA,Y,Y,Y,Y,4.18,1.29,1.73,2.89,0.44,11.61,33.28,21.67,Stabbed while shucking
17195,exposure,1,1,1,400,Rowley1-RR,5.115,1.813,Rowley,20170501,Y,20170606,73,5,20170606,10:26,10:31,10:37,0,N,NA,Y,Y,Y,Y,8.88,1.29,2.11,7.59,0.82,11.61,62.24,50.63,
17198,exposure,3,1,7,900,Rowley1-RR,2.713,1.894,Rowley,20170501,Y,20170606,79,5,20170606,10:32,10:43,10:47,0,N,NA,Y,Y,Y,Y,4.47,1.29,1.9,3.18,0.61,11.51,39.89,28.38,
17207,exposure,2,1,4,400,Rowley1-RR,2.921,2.149,Rowley,20170501,Y,20170606,76,5,20170606,13:22,13:29,13:34,0,N,NA,Y,Y,Y,N,5.45,1.28,2.01,4.17,0.73,11.54,54.63,43.09,
17220,exposure,1,2,2,400,Ipswich,3.746,2.213,Ipswich,20170501,Y,20170606,74,5,20170606,11:10,11:17,11:22,0,N,NA,Y,Y,Y,Y,4.52,1.29,1.78,3.23,0.49,11.45,68.5,57.05,
17013,exposure,2,2,5,400,Rowley2-Sawyers,4.446,2.338,Rowley2,20170427,Y,20170613,95,6,20170613,14:17,14:20,14:25,0,N,NA,Y,Y,Y,Y,9.26,1.29,2.4,7.97,1.11,11.39,76.96,65.57,
17031,exposure,5,1,13,900,Rowley1-RR,3.089,1.675,Rowley,20170427,Y,20170613,103,6,20170613,13:09,13:14,13:19,0,N,NA,Y,Y,Y,N,4,1.29,1.77,2.71,0.48,11.79,34.15,22.36,
17069,exposure,1,1,1,400,Ipswich,4.999,2.539,Ipswich,20170427,Y,20170613,91,6,20170613,13:15,13:20,13:25,0,N,NA,Y,Y,Y,Y,8.74,1.27,2.31,7.47,1.04,11.51,111.65,100.14,
17070,exposure,1,2,2,400,Rowley2-Sawyers,4.804,2.232,Rowley2,20170427,Y,20170613,92,6,20170613,11:03,11:11,11:15,0,Y,NA,Y,Y,Y,N,9.62,1.3,2.55,8.32,1.25,11.58,58.81,47.23,
17072,exposure,4,3,12,2800,Rowley1-RR,4.074,2.292,Rowley,20170427,Y,20170613,102,6,20170613,13:51,13:57,14:02,0,Y,NA,Y,Y,Y,Y,9.19,1.28,2.71,7.91,1.43,11.51,85.24,73.73,
17090,exposure,6,2,17,2800,Rowley2-Sawyers,5.49,2.316,Rowley2,20170427,Y,20170613,107,6,20170613,14:29,14:33,14:39,0,Y,NA,Y,Y,Y,Y,13.03,1.29,2.53,11.74,1.24,11.57,66.52,54.95,Some shell still attached to soft tissue (corrected)
17093,exposure,3,3,9,900,Rowley1-RR,4.47,2.838,Rowley,20170427,Y,20170613,99,6,20170613,11:35,11:41,11:46,0,N,NA,Y,Y,Y,Y,9.07,1.28,2.53,7.79,1.25,11.41,206.79,195.38,Low P2 volume
17108,exposure,6,3,18,2800,Ipswich,4.055,2.132,Ipswich,20170427,Y,20170613,108,6,20170613,10:46,10:58,11:03,0,N,NA,Y,Y,Y,Y,8.12,1.29,2.35,6.83,1.06,11.46,57.27,45.81,"Different order sampled: DM, then gills, then M1/M2"
17122,exposure,4,1,10,2800,Ipswich,3.405,2.333,Ipswich,20170427,Y,20170613,100,6,20170613,14:35,14:42,14:46,0,Y,NA,Y,Y,Y,Y,9.1,1.27,2.63,7.83,1.36,11.47,57.48,46.01,
17135,exposure,5,2,14,900,Rowley2-Sawyers,2.408,1.464,Rowley2,20170427,Y,20170613,104,6,20170613,10:40,10:48,10:53,0,N,NA,Y,Y,Y,N,2.78,1.31,1.5,1.47,0.19,11.47,27.83,16.36,
17142,exposure,6,1,16,2800,Rowley1-RR,2.524,2.052,Rowley,20170427,Y,20170613,106,6,20170613,13:22,13:27,13:32,0,N,NA,Y,Y,Y,Y,3.9,1.29,1.69,2.61,0.4,11.46,42.79,31.33,
17154,exposure,3,1,7,900,Ipswich,3.841,2.465,Ipswich,20170427,Y,20170613,97,6,20170613,13:36,13:40,13:45,0,Y,Y,Y,Y,Y,Y,11.74,1.31,3.16,10.43,1.85,11.41,91.55,80.14,See photo for G1 maturity
17162,exposure,2,3,6,400,Rowley1-RR,4.383,2.317,Rowley,20170427,Y,20170613,96,6,20170613,11:25,11:28,11:33,0,N,NA,Y,Y,Y,Y,9.24,1.29,2.2,7.95,0.91,11.37,94.4,83.03,
17173,exposure,5,3,15,900,Ipswich,3.838,2.015,Ipswich,20170427,Y,20170613,105,6,20170613,13:43,13:47,13:52,0,Y,NA,Y,Y,Y,Y,7.28,1.29,2.15,5.99,0.86,11.52,67.38,55.86,
17174,exposure,1,3,3,400,Rowley1-RR,3.163,1.694,Rowley,20170427,Y,20170613,93,6,20170613,14:22,14:27,14:32,0,N,NA,Y,Y,Y,Y,3.28,1.29,1.6,1.99,0.31,11.45,35.27,23.82,Stabbed shucking
17176,exposure,2,1,4,400,Ipswich,3.325,1.834,Ipswich,20170427,Y,20170613,94,6,20170613,13:28,13:34,13:38,0,Y,NA,Y,Y,Y,N,4.74,1.3,1.97,3.44,0.67,11.28,59.61,48.33,
17181,exposure,4,2,11,2800,Rowley2-Sawyers,3.412,2.065,Rowley2,20170501,Y,20170613,101,6,20170613,11:18,11:21,11:26,0,Y,NA,Y,Y,Y,Y,5.35,1.28,2.09,4.07,0.81,11.34,38.76,27.42,
17184,exposure,3,2,8,900,Rowley2-Sawyers,4.062,2.483,Rowley2,20170501,Y,20170613,98,6,20170613,10:30,10:34,10:41,0,N,NA,Y,Y,Y,Y,7.67,1.29,2.5,6.38,1.21,11.6,68.21,56.61,
17008,exposure,2,2,5,400,Rowley1-RR,3.101,1.852,Rowley,20170427,Y,20170626,113,7,20170626,13:06,13:12,13:17,0,N,NA,Y,Y,Y,Y,4.71,1.29,1.86,3.42,0.57,NA,NA,NA,
17022,exposure,4,3,12,2800,Rowley1-RR,3.095,2.497,Rowley,20170427,Y,20170626,119,7,20170626,11:24,11:32,11:38,0,Y,NA,Y,Y,Y,Y,6.11,1.28,2.31,4.83,1.03,NA,NA,NA,
17028,exposure,1,3,3,400,Rowley1-RR,3.448,2.196,Rowley,20170427,Y,20170626,111,7,20170626,13:16,13:27,13:31,0,Y,NA,Y,Y,Y,Y,4.41,1.29,1.85,3.12,0.56,NA,NA,NA,Stabbed by syringe
17030,exposure,5,1,13,900,Rowley2-Sawyers,4.619,2.022,Rowley2,20170501,Y,20170626,120,7,20170626,13:32,13:41,13:45,0,Y,NA,Y,Y,Y,Y,7.59,1.27,2.25,6.32,0.98,NA,NA,NA,
17048,exposure,5,3,15,900,Rowley1-RR,3.854,1.968,Rowley,20170427,Y,20170626,122,7,20170626,13:53,13:56,14:01,0,Y,NA,Y,Y,Y,Y,6.84,1.28,2.03,5.56,0.75,NA,NA,NA,
17053,exposure,4,1,10,2800,Rowley2-Sawyers,3.676,1.75,Rowley2,20170427,Y,20170626,118,7,20170626,13:58,14:06,14:10,0,N,NA,Y,Y,Y,Y,5.09,1.28,1.73,3.81,0.45,NA,NA,NA,
17075,exposure,3,1,7,900,Rowley2-Sawyers,5.77,1.955,Rowley2,20170427,Y,20170626,115,7,20170626,10:36,10:50,10:57,0,Y,NA,Y,Y,Y,Y,10.9,1.28,2.54,9.62,1.26,NA,NA,NA,
17095,exposure,1,1,1,400,Rowley2-Sawyers,5.149,3.013,Rowley2,20170427,Y,20170626,109,7,20170626,13:11,13:19,13:23,0,Y,NA,Y,Y,Y,Y,10.53,1.29,2.31,9.24,1.02,NA,NA,NA,
17110,exposure,4,2,11,2800,Ipswich,4.02,2.471,Ipswich,20170427,Y,20170626,126,7,20170626,14:13,14:19,14:24,0,Y,NA,Y,Y,Y,Y,9.6,1.3,1.92,8.3,0.62,NA,NA,NA,"Maybe dying, detached from shell"
17114,exposure,6,2,17,2800,Ipswich,3.992,1.934,Ipswich,20170427,Y,20170626,124,7,20170626,14:08,14:12,14:16,0,Y,NA,Y,Y,Y,Y,7.42,1.28,1.82,6.14,0.54,NA,NA,NA,"Maybe dying, detached from shell"
17116,exposure,3,2,8,900,Rowley1-RR,3.69,2.401,Rowley,20170427,Y,20170626,116,7,20170626,13:40,13:47,13:51,0,Y,NA,Y,Y,Y,Y,5.69,1.29,1.92,4.4,0.63,NA,NA,NA,
17151,exposure,5,2,14,900,Ipswich,3.088,2.12,Ipswich,20170427,Y,20170626,121,7,20170626,10:42,10:58,11:05,0,Y,NA,Y,Y,Y,Y,7.7,1.27,2.54,6.43,1.27,NA,NA,NA,
17157,exposure,2,3,6,400,Ipswich,2.979,2.137,Ipswich,20170427,Y,20170626,114,7,20170626,14:20,14:26,14:30,0,Y,NA,Y,Y,Y,Y,8.28,1.29,2.36,6.99,1.07,NA,NA,NA,
17163,exposure,2,1,4,400,Rowley2-Sawyers,2.788,1.691,Rowley2,20170501,Y,20170626,112,7,20170626,14:26,14:32,14:36,0,Y,NA,Y,Y,Y,Y,3.93,1.29,1.64,2.64,0.35,NA,NA,NA,Valve came off
17179,exposure,3,3,9,900,Ipswich,3.166,2.011,Ipswich,20170427,Y,20170626,117,7,20170626,10:50,11:07,11:11,0,Y,NA,Y,Y,Y,Y,5.28,1.28,1.9,4,0.62,NA,NA,NA,
17182,exposure,1,2,2,400,Ipswich,2.562,1.821,Ipswich,20170427,Y,20170626,110,7,20170626,14:32,14:40,14:45,0,Y,NA,Y,Y,Y,N,3.45,1.28,1.67,2.17,0.39,NA,NA,NA,
17190,exposure,6,1,16,2800,Rowley2-Sawyers,2.984,2.015,Rowley2,20170501,Y,20170626,123,7,20170626,11:31,11:40,11:44,0,N,NA,Y,Y,Y,Y,2.77,1.29,1.48,1.48,0.19,NA,NA,NA,Not looking healthy
17222,exposure,6,3,18,2800,Rowley1-RR,3.641,1.703,Rowley,20170501,Y,20170626,125,7,20170626,11:20,11:26,11:30,0,Y,NA,Y,Y,Y,Y,6.7,1.29,2.16,5.41,0.87,NA,NA,NA,
17001,exposure,1,3,3,400,Rowley2-Sawyers,3.586,2.523,Rowley2,20170427,Y,20170724,129,8,20170724,13:37,13:45,13:49,0,N,N,Y,Y,Y,Y,5.23,1.29,1.867,3.94,0.577,NA,NA,NA,
17041,exposure,6,3,18,2800,Rowley2-Sawyers,5,2.127,Rowley2,20170427,Y,20170724,144,8,20170724,14:58,15:05,15:08,0,N,N,Y,Y,Y,Y,9.73,1.29,2.509,8.44,1.219,NA,NA,NA,
17042,exposure,5,1,13,900,Rowley1-RR,2.806,1.971,Rowley,20170427,Y,20170724,139,8,20170724,12:41,13:19,13:22,0,N,N,Y,Y,Y,Y,4.83,1.29,1.828,3.54,0.538,NA,NA,NA,
17052,exposure,2,2,5,400,Ipswich,3.968,2.338,Ipswich,20170427,Y,20170724,131,8,20170724,14:28,14:34,14:38,0,N,N,Y,Y,Y,Y,5.34,1.28,1.863,4.06,0.583,NA,NA,NA,Stabbed while shucking
17085,exposure,6,1,16,2800,Rowley1-RR,6.1,1.844,Rowley,20170427,Y,20170724,142,8,20170724,14:33,14:41,14:44,0,N,N,Y,Y,Y,Y,8.08,1.31,2.231,6.77,0.921,NA,NA,NA,
17106,exposure,5,2,14,900,Ipswich,3.801,2.507,Ipswich,20170427,Y,20170724,140,8,20170724,14:17,14:22,14:25,0,N,N,Y,Y,Y,Y,7.49,1.29,2.036,6.2,0.746,NA,NA,NA,17106 replaced 17125 which was already dead; 17106 didn't look health
17111,exposure,2,1,4,400,Rowley1-RR,3.09,1.701,Rowley,20170427,Y,20170724,130,8,20170724,13:20,13:29,13:33,0,N,N,Y,Y,Y,Y,3.83,1.31,1.723,2.52,0.413,NA,NA,NA,
17113,exposure,1,1,1,400,Rowley1-RR,3.428,1.361,Rowley,20170427,Y,20170724,127,8,20170724,14:05,14:09,14:12,0,N,N,Y,Y,Y,Y,5.87,1.3,2.093,4.57,0.793,NA,NA,NA,17113 replaced 17102 which was already dead
17120,exposure,3,1,7,900,Rowley1-RR,3.187,2.04,Rowley,20170427,Y,20170724,133,8,20170724,14:22,14:28,14:30,0,N,N,Y,Y,Y,Y,4.64,1.3,1.631,3.34,0.331,NA,NA,NA,
17129,exposure,4,3,12,2800,Rowley2-Sawyers,4.381,2.201,Rowley2,20170427,Y,20170724,138,8,20170724,13:56,14:03,14:08,0,N,N,Y,Y,Y,Y,3.69,1.28,1.635,2.41,0.355,NA,NA,NA,
17133,exposure,4,1,10,2800,Rowley1-RR,2.939,1.977,Rowley,20170427,Y,20170724,136,8,20170724,13:33,13:37,13:41,0,N,N,Y,Y,Y,Y,3.56,1.29,1.543,2.27,0.253,NA,NA,NA,
17143,exposure,1,2,2,400,Ipswich,2.731,1.981,Ipswich,20170427,Y,20170724,128,8,20170724,15:05,15:10,15:14,1,Y,N,Y,Y,Y,Y,4.6,1.29,1.964,3.31,0.674,NA,NA,NA,
17158,exposure,3,3,9,900,Rowley2-Sawyers,3.5,1.943,Rowley2,20170501,Y,20170724,135,8,20170724,15:11,15:21,15:24,0,N,N,Y,Y,Y,Y,5.57,1.29,1.663,4.28,0.373,NA,NA,NA,
17166,exposure,2,3,6,400,Rowley2-Sawyers,3.719,1.815,Rowley2,20170501,Y,20170724,132,8,20170724,14:09,14:16,14:19,0,N,N,Y,Y,Y,Y,7.04,1.28,2.38,5.76,1.1,NA,NA,NA,
17170,exposure,4,2,11,2800,Ipswich,2.984,2.227,Ipswich,20170427,Y,20170724,137,8,20170724,15:27,15:33,15:36,0,N,N,Y,Y,Y,Y,4.4,1.3,1.759,3.1,0.459,NA,NA,NA,
17206,exposure,3,2,8,900,Ipswich,1.771,3.015,Ipswich,20170501,Y,20170724,134,8,20170724,12:39,12:52,13:08,0,N,N,Y,Y,Y,Y,4.18,1.3,1.835,2.88,0.535,NA,NA,NA,
17210,exposure,6,2,17,2800,Ipswich,5.615,2.613,Ipswich,20170427,Y,20170724,143,8,20170724,13:52,13:56,13:59,0,N,N,Y,Y,Y,Y,14.41,1.29,2.751,13.12,1.461,NA,NA,NA,
17218,exposure,5,3,15,900,Rowley2-Sawyers,3.104,1.95,Rowley2,20170501,Y,20170724,141,8,20170724,15:21,15:27,15:31,0,N,N,Y,Y,Y,Y,3.08,1.29,1.578,1.79,0.288,NA,NA,NA,
17007,exposure,1,2,2,400,Rowley2-Sawyers,2.934,1.425,Rowley2,20170427,Y,20170822,145,9,20170822,11:08,11:12,11:17,0,N,N,Y,Y,Y,Y,2.63,1.28,1.457,1.35,0.177,NA,NA,NA,
17012,exposure,3,1,7,900,Ipswich,3.81,2.311,Ipswich,20170427,Y,20170822,150,9,20170822,14:08,14:14,14:18,0,N,N,Y,Y,Y,Y,5.38,1.29,1.918,4.09,0.628,NA,NA,NA,
17019,exposure,4,3,12,2800,Rowley1-RR,3.974,2.059,Rowley,20170427,Y,20170822,155,9,20170822,11:00,11:03,11:07,0,N,N,Y,Y,Y,Y,7.09,1.29,1.997,5.8,0.707,NA,NA,NA,
17027,exposure,3,2,8,900,Rowley2-Sawyers,3.352,1.465,Rowley2,20170427,Y,20170822,151,9,20170822,11:15,11:20,11:25,0,N,N,Y,Y,Y,Y,2.85,1.29,1.441,1.56,0.151,NA,NA,NA,
17029,exposure,5,1,13,900,Ipswich,3.175,2.009,Ipswich,20170427,Y,20170822,156,9,20170822,13:24,13:29,13:32,0,N,N,Y,Y,Y,Y,5.36,1.29,2.058,4.07,0.768,NA,NA,NA,
17079,exposure,2,3,6,400,Rowley1-RR,3.777,2.532,Rowley,20170427,Y,20170822,149,9,20170822,10:11,10:22,10:29,0,N,N,Y,Y,Y,Y,4.72,1.29,1.904,3.43,0.614,NA,NA,NA,
17082,exposure,3,3,9,900,Rowley1-RR,3.922,2.529,Rowley,20170427,Y,20170822,152,9,20170822,1036,10:38,10:44,0,N,N,Y,Y,Y,Y,5.46,1.28,1.849,4.18,0.569,NA,NA,NA,
17094,exposure,6,2,17,2800,Ipswich,5.072,2.536,Ipswich,20170427,Y,20170822,160,9,20170822,13:32,13:35,13:43,2,Y,N,Y,Y,Y,Y,14.57,1.28,3.652,13.29,2.372,NA,NA,NA,
17099,exposure,1,3,3,400,Rowley1-RR,3.245,2.115,Rowley,20170427,Y,20170822,146,9,20170822,13:38,13:46,13:51,0,N,N,Y,Y,Y,Y,9.28,1.29,2.169,7.99,0.879,NA,NA,NA,
17130,exposure,6,3,18,2800,Rowley1-RR,2.672,1.977,Rowley,20170427,Y,20170822,161,9,20170822,14:02,14:08,14:12,0,N,N,Y,Y,Y,Y,2.89,1.28,1.579,1.61,0.299,NA,NA,NA,
17145,exposure,6,1,16,2800,Ipswich,3.369,1.82,Ipswich,20170427,Y,20170822,159,9,20170822,10:51,10:33,11:01,0,N,N,Y,Y,Y,Y,3.67,1.29,1.651,2.38,0.361,NA,NA,NA,
17178,exposure,4,2,11,2800,Rowley2-Sawyers,4.003,2.24,Rowley2,20170501,Y,20170822,154,9,20170822,13:48,14:01,14:06,0,N,N,Y,Y,Y,Y,7.57,1.28,2.291,6.29,1.011,NA,NA,NA,
17203,exposure,2,1,4,400,Ipswich,2.355,1.714,Ipswich,20170501,Y,20170822,147,9,20170822,10:43,10:48,10:53,0,N,N,Y,Y,Y,Y,2.64,1.3,1.486,1.34,0.186,NA,NA,NA,
17204,exposure,5,3,15,900,Rowley1-RR,4.272,2.345,Rowley,20170501,Y,20170822,158,9,20170822,10:20,10:30,10:36,0,N,N,Y,Y,Y,Y,6.55,1.3,2.198,5.25,0.898,NA,NA,NA,
17208,exposure,5,2,14,900,Rowley2-Sawyers,3.924,1.92,Rowley2,20170501,Y,20170822,157,9,20170822,11:23,11:28,11:34,0,N,N,Y,Y,Y,Y,5.68,1.29,1.951,4.39,0.661,NA,NA,NA,
17211,exposure,2,2,5,400,Rowley2-Sawyers,3.845,2.28,Rowley2,20170501,Y,20170822,148,9,20170822,13:11,13:13,13:17,0,N,N,Y,Y,Y,Y,6.14,1.29,1.983,4.85,0.693,NA,NA,NA,
17213,exposure,4,1,10,2800,Ipswich,4.081,2.422,Ipswich,20170427,Y,20170822,153,9,20170822,13:16,13:21,13:26,0,N,N,Y,Y,Y,Y,7.05,1.28,2.217,5.77,0.937,NA,NA,NA,
17005,exposure,1,1,1,400,Rowley1-RR,4.279,2.077,Rowley,20170427,Y,20170822,162,10,20170824,11:03,11:05,11:10,0,N,N,Y,Y,Y,Y,7.62,1.27,1.985,6.35,0.715,NA,NA,NA,
17043,exposure,1,2,2,400,Ipswich,3.321,2.205,Ipswich,20170427,Y,20170822,163,10,20170824,10:44,10:54,10:58,0,N,N,Y,Y,Y,Y,6.08,1.27,2.214,4.81,0.944,NA,NA,NA,
17051,exposure,1,3,3,400,Rowley1-RR,3.495,2.27,Rowley,20170427,Y,20170822,164,10,20170824,12:22,12:28,12:32,0,N,N,Y,Y,Y,Y,4.99,1.28,2.0332,3.71,0.7532,NA,NA,NA,
17062,exposure,2,1,4,400,Rowley1-RR,5.895,1.812,Rowley,20170427,Y,20170822,165,10,20170824,10:15,10:20,10:23,0,N,N,Y,Y,Y,Y,6.56,1.28,2.099,5.28,0.819,NA,NA,NA,
17068,exposure,2,2,5,400,Rowley1-RR,4.754,1.93,Rowley,20170427,Y,20170822,166,10,20170824,10:59,11:02,11:06,0,N,N,Y,Y,Y,Y,8.94,1.26,2.211,7.68,0.951,NA,NA,NA,
17089,exposure,2,3,6,400,Rowley1-RR,2.875,1.639,Rowley,20170427,Y,20170822,167,10,20170824,12:08,12:17,12:22,0,N,N,Y,Y,Y,Y,2.95,1.28,1.555,1.67,0.275,NA,NA,NA,
17123,exposure,4,2,11,2800,Rowley1-RR,3.764,2.533,Rowley,20170427,Y,20170822,168,10,20170824,10:26,10:31,10:35,0,N,N,Y,Y,Y,Y,7.22,1.28,2.135,5.94,0.855,NA,NA,NA,
17126,exposure,4,3,12,2800,Rowley1-RR,4.139,2.324,Rowley,20170427,Y,20170822,169,10,20170824,11:58,12:00,12:04,0,N,N,Y,Y,Y,Y,2.81,1.29,1.479,1.52,0.189,NA,NA,NA,
17153,exposure,5,2,14,900,Rowley1-RR,4.089,2.869,Rowley,20170427,Y,20170822,170,10,20170824,12:02,12:08,12:12,0,N,N,Y,Y,Y,Y,6.98,1.26,2.308,5.72,1.048,NA,NA,NA,
17156,exposure,5,3,15,900,Rowley1-RR,3.556,2.433,Rowley,20170427,Y,20170822,171,10,20170824,11:19,11:25,11:30,0,N,N,Y,Y,Y,Y,3.6,1.29,1.577,2.31,0.287,NA,NA,NA,
17159,exposure,6,1,16,2800,Rowley1-RR,2.872,1.6,Rowley,20170427,Y,20170822,172,10,20170824,11:09,11:18,11:24,0,N,N,Y,Y,Y,Y,2.38,1.29,1.466,1.09,0.176,NA,NA,NA,
17168,exposure,6,2,17,2800,Rowley1-RR,3.03,1.775,Rowley,20170427,Y,20170822,173,10,20170824,10:33,10:39,10:44,0,N,N,Y,Y,Y,Y,3.91,1.27,1.705,2.64,0.435,NA,NA,NA,
17004,calcein,6,3,18,2800,Rowley2-Sawyers,3.223,2.091,Rowley2,20170427,Y,20170915,202,11,20170915,14:14,14:16,14:18,0,N,N,Y,Y,Y,N,4.07,1.31,NA,NA,NA,NA,NA,NA,
17021,calcein,2,2,5,400,Rowley2-Sawyers,5.776,1.715,Rowley2,20170427,Y,20170915,181,11,20170915,11:02,11:04,11:08,0,N,N,Y,Y,Y,N,5.15,1.3,NA,NA,NA,NA,NA,NA,
17033,calcein,2,3,6,400,Rowley2-Sawyers,4.141,2.221,Rowley2,20170427,Y,20170915,183,11,20170915,10:25,10:26,10:32,0,N,N,Y,Y,Y,N,6.65,1.3,NA,NA,NA,NA,NA,NA,
17038,calcein,5,3,15,900,Rowley2-Sawyers,5.328,2.137,Rowley2,20170427,Y,20170915,199,11,20170915,14:56,14:57,14:59,0,N,N,Y,Y,Y,N,8.23,1.28,NA,NA,NA,NA,NA,NA,
17039,calcein,3,3,9,900,Rowley1-RR,3.245,2.115,Rowley,20170427,Y,20170915,189,11,20170915,13:24,13:25,13:28,0,N,N,Y,Y,Y,N,4.49,1.28,NA,NA,NA,NA,NA,NA,
17057,calcein,4,1,10,2800,Ipswich,4,1.834,Ipswich,20170427,Y,20170915,191,11,20170915,13:55,13:56,14:00,0,N,N,Y,Y,Y,N,5.28,1.3,NA,NA,NA,NA,NA,NA,
17058,calcein,4,1,10,2800,Rowley2-Sawyers,3.74,2.25,Rowley2,20170427,Y,20170915,192,11,20170915,14:32,14:33,14:36,0,N,N,Y,Y,Y,N,5.27,1.29,NA,NA,NA,NA,NA,NA,
17073,calcein,3,2,8,900,Rowley1-RR,4.812,2.395,Rowley,20170427,Y,20170915,186,11,20170915,11:11,11:13,11:17,0,N,N,Y,Y,Y,N,4.41,1.28,NA,NA,NA,NA,NA,NA,
17074,calcein,1,3,3,400,Ipswich,4.014,2.19,Ipswich,20170427,Y,20170915,178,11,20170915,10:53,10:54,10:58,0,N,N,Y,Y,Y,N,8.57,1.29,NA,NA,NA,NA,NA,NA,
17081,calcein,2,1,4,400,Rowley2-Sawyers,7.7,2.131,Rowley2,20170427,Y,20170915,180,11,20170915,12:32,12:34,12:40,0,N,N,Y,Y,Y,N,6.08,1.3,NA,NA,NA,NA,NA,NA,
17088,calcein,3,3,9,900,Ipswich,4.564,2.376,Ipswich,20170427,Y,20170915,190,11,20170915,14:20,14:21,14:22,0,N,N,Y,Y,Y,N,4.91,1.29,NA,NA,NA,NA,NA,NA,
17091,calcein,2,2,5,400,Ipswich,3.351,2.355,Ipswich,20170427,Y,20170915,182,11,20170915,14:38,14:39,14:41,0,N,N,Y,Y,Y,N,9.48,1.29,NA,NA,NA,NA,NA,NA,
17105,calcein,1,2,2,400,Ipswich,5.003,3.037,Ipswich,20170427,Y,20170915,177,11,20170915,13:16,13:18,13:21,0,N,N,Y,Y,Y,N,13.24,130,NA,NA,NA,NA,NA,NA,
17115,calcein,1,2,2,400,Rowley2-Sawyers,4.656,1.808,Rowley2,20170427,Y,20170915,176,11,20170915,10:35,10:37,10:40,0,N,N,Y,Y,Y,N,5.11,1.31,NA,NA,NA,NA,NA,NA,
17118,calcein,1,1,1,400,Rowley2-Sawyers,7.3,2.264,Rowley2,20170427,Y,20170915,174,11,20170915,12:42,12:45,12:49,0,N,N,Y,Y,Y,N,6.23,1.29,NA,NA,NA,NA,NA,NA,
17139,calcein,5,1,13,900,Rowley1-RR,2.868,1.671,Rowley,20170427,Y,20170915,194,11,20170915,14:49,14:51,14:53,0,N,N,Y,Y,Y,N,3.96,1.28,NA,NA,NA,NA,NA,NA,
17144,calcein,1,1,1,400,Rowley2-Sawyers,3.441,1.429,Rowley2,20170427,Y,20170915,175,11,20170915,14:44,14:45,14:47,0,N,N,Y,Y,Y,N,2.61,1.29,NA,NA,NA,NA,NA,NA,
17148,calcein,2,3,6,400,Ipswich,4.654,2.124,Ipswich,20170427,Y,20170915,184,11,20170915,11:28,11:29,11:35,0,N,N,Y,Y,Y,N,4.92,1.28,NA,NA,NA,NA,NA,NA,
17152,calcein,1,3,3,400,Rowley2-Sawyers,3.031,2.004,Rowley2,20170501,Y,20170915,179,11,20170915,13:09,13:11,13:13,0,N,N,Y,Y,Y,N,3.64,1.3,NA,NA,NA,NA,NA,NA,
17161,calcein,3,1,7,900,Rowley2-Sawyers,2.931,1.842,Rowley2,20170501,Y,20170915,185,11,20170915,10:45,10:46,10:49,0,N,N,Y,Y,Y,N,2.76,1.29,NA,NA,NA,NA,NA,NA,
17167,calcein,6,1,16,2800,Ipswich,4.833,2.47,Ipswich,20170427,Y,20170915,200,11,20170915,14:02,14:09,14:12,0,N,N,Y,Y,Y,N,8.11,1.29,NA,NA,NA,NA,NA,NA,
17169,calcein,4,3,12,2800,Rowley2-Sawyers,2.859,1.876,Rowley2,20170501,Y,20170915,193,11,20170915,14:26,14:27,14:30,0,N,N,Y,Y,Y,N,3.35,1.29,NA,NA,NA,NA,NA,NA,
17172,calcein,5,3,15,900,Rowley2-Sawyers,2.43,1.742,Rowley2,20170501,Y,20170915,196,11,20170915,12:51,12:53,12:57,0,N,N,Y,Y,Y,N,3.04,1.29,NA,NA,NA,NA,NA,NA,
17180,calcein,5,3,15,900,Rowley1-RR,3.156,2.071,Rowley,20170427,Y,20170915,197,11,20170915,13:38,13:39,13:41,0,N,N,Y,Y,Y,N,5,1.29,NA,NA,NA,NA,NA,NA,
17188,calcein,6,3,18,2800,Ipswich,2.709,1.584,Ipswich,20170427,Y,20170915,201,11,20170915,11:19,11:20,11:25,0,N,N,Y,Y,Y,N,2.16,1.29,NA,NA,NA,NA,NA,NA,
17193,calcein,3,3,9,900,Rowley2-Sawyers,5.746,2.198,Rowley2,20170501,Y,20170915,188,11,20170915,13:00,13:03,13:06,0,N,N,Y,Y,Y,N,11.51,1.29,NA,NA,NA,NA,NA,NA,
17194,calcein,5,3,15,900,Ipswich,3.548,1.997,Ipswich,20170501,Y,20170915,198,11,20170915,13:31,13:32,13:35,0,N,N,Y,Y,Y,N,5.22,1.29,NA,NA,NA,NA,NA,NA,
17200,calcein,3,3,9,900,Ipswich,2.736,1.468,Ipswich,20170501,Y,20170915,187,11,20170915,10:08,10:12,10:18,0,N,N,Y,Y,Y,N,2.31,1.31,NA,NA,NA,NA,NA,NA,
17214,calcein,5,2,14,900,Rowley2-Sawyers,3.266,1.379,Rowley2,20170501,Y,20170915,195,11,20170915,11:38,11:39,11:43,0,N,N,Y,Y,Y,N,2.56,1.28,NA,NA,NA,NA,NA,NA,
17015,exposure,NA,NA,NA,NA,Ipswich,3.909,2.403,Ipswich,20170427,N,NA,NA,NA,NA,NA,NA,NA,NA,NA,NA,NA,NA,NA,NA,NA,NA,NA,NA,NA,NA,NA,NA,
17044,calcein,4,2,11,2800,Rowley2-Sawyers,3.673,1.949,Rowley2,20170427,N,NA,NA,NA,NA,NA,NA,NA,NA,NA,NA,NA,NA,NA,NA,NA,NA,NA,NA,NA,NA,NA,NA,
17071,calcein,5,2,14,900,Ipswich,4.411,2.275,Ipswich,20170427,N,NA,NA,NA,NA,NA,NA,NA,NA,NA,NA,NA,NA,NA,NA,NA,NA,NA,NA,NA,NA,NA,NA,
17087,calcein,6,1,16,2800,Rowley2-Sawyers,4.227,2.017,Rowley2,20170427,N,NA,NA,NA,NA,NA,NA,NA,NA,NA,NA,NA,NA,NA,NA,NA,NA,NA,NA,NA,NA,NA,NA,
17100,calcein,5,1,13,900,Ipswich,3.576,2.41,Ipswich,20170427,N,NA,NA,NA,NA,NA,NA,NA,NA,NA,NA,NA,NA,NA,NA,NA,NA,NA,NA,NA,NA,NA,NA,
17101,exposure,6,2,17,2800,Rowley2-Sawyers,5.036,1.851,Rowley2,20170427,N,NA,NA,NA,NA,NA,NA,NA,NA,NA,NA,NA,NA,NA,NA,NA,NA,NA,NA,NA,NA,NA,NA,
17102,exposure,1,1,1,400,Rowley1-RR,3.428,1.361,Rowley,20170427,N,NA,NA,NA,NA,NA,NA,NA,NA,NA,NA,NA,NA,NA,NA,NA,NA,NA,NA,NA,NA,NA,NA,
17125,exposure,5,2,14,900,Ipswich,3.801,2.507,Ipswich,20170427,N,NA,NA,NA,NA,NA,NA,NA,NA,NA,NA,NA,NA,NA,NA,NA,NA,NA,NA,NA,NA,NA,NA,
17128,calcein,3,1,7,900,Ipswich,3.403,2.065,Ipswich,20170427,N,NA,NA,NA,NA,NA,NA,NA,NA,NA,NA,NA,NA,NA,NA,NA,NA,NA,NA,NA,NA,NA,NA,
17132,calcein,6,2,17,2800,Rowley2-Sawyers,3.239,1.513,Rowley2,20170427,N,NA,NA,NA,NA,NA,NA,NA,NA,NA,NA,NA,NA,NA,NA,NA,NA,NA,NA,NA,NA,NA,NA,
17136,exposure,NA,NA,NA,NA,Rowley1-RR,5.311,2.122,Rowley,20170427,N,NA,NA,NA,NA,NA,NA,NA,NA,NA,NA,NA,NA,NA,NA,NA,NA,NA,NA,NA,NA,NA,NA,
17137,exposure,1,1,1,400,Ipswich,4.009,2.055,Ipswich,20170427,N,NA,NA,NA,NA,NA,NA,NA,NA,NA,NA,NA,NA,NA,NA,NA,NA,NA,NA,NA,NA,NA,NA,
17140,calcein,6,2,17,2800,Ipswich,4.424,2.115,Ipswich,20170427,N,NA,NA,NA,NA,NA,NA,NA,NA,NA,NA,NA,NA,NA,NA,NA,NA,NA,NA,NA,NA,NA,NA,
17146,calcein,NA,NA,NA,NA,Rowley2-Sawyers,2.927,1.532,Rowley2,20170427,N,NA,NA,NA,NA,NA,NA,NA,NA,NA,NA,NA,NA,NA,NA,NA,NA,NA,NA,NA,NA,NA,NA,
17164,calcein,4,2,11,2800,Ipswich,3.325,1.922,Ipswich,20170427,N,NA,NA,NA,NA,NA,NA,NA,NA,NA,NA,NA,NA,NA,NA,NA,NA,NA,NA,NA,NA,NA,NA,
17175,exposure,NA,NA,NA,NA,Rowley2-Sawyers,2.926,1.865,Rowley2,20170501,N,NA,NA,NA,NA,NA,NA,NA,NA,NA,NA,NA,NA,NA,NA,NA,NA,NA,NA,NA,NA,NA,NA,
17177,exposure,2,1,4,400,Rowley1-RR,3.37,1.953,Rowley,20170427,N,NA,NA,NA,NA,NA,NA,NA,NA,NA,NA,NA,NA,NA,NA,NA,NA,NA,NA,NA,NA,NA,NA,
17201,exposure,6,3,18,2800,Rowley1-RR,3.593,2.508,Rowley,20170501,N,NA,NA,NA,NA,NA,NA,NA,NA,NA,NA,NA,NA,NA,NA,NA,NA,NA,NA,NA,NA,NA,NA,
17216,calcein,2,1,4,400,Ipswich,4.664,2.255,Ipswich,20170427,N,NA,NA,NA,NA,NA,NA,NA,NA,NA,NA,NA,NA,NA,NA,NA,NA,NA,NA,NA,NA,NA,NA,
17219,calcein,1,1,1,400,Ipswich,2.992,2.009,Ipswich,20170501,N,NA,NA,NA,NA,NA,NA,NA,NA,NA,NA,NA,NA,NA,NA,NA,NA,NA,NA,NA,NA,NA,NA,